call_id,data_source,status,analyst_slug,analyst_name,firm_slug,firm_name,ticker,company,call_date,action,rating_from,rating_to,price_target_from,price_target_to,price_at_call,source_url,alt_source_url,price_14d,price_30d,price_60d,price_90d,price_1y,grade_14,grade_30,grade_60,grade_90,grade_365,note,controversial,controversial_reason,graded_at,grade_method,flags,ledger_notes,export_index
call_0001,demo,graded,helen-voss,Helen Voss,evercore,Evercore ISI,AAPL,Apple,2024-02-06,initiate,,hold,,186,187.02,,,179.6,167.18,167.75,179.75,230.8,WEAK,WEAK,WEAK,STRONG,WEAK,Demo. Opened coverage with a fresh model and a twelve-month target.,false,,,computed,no-source-url,,0
call_0002,demo,graded,helen-voss,Helen Voss,evercore,Evercore ISI,AMD,AMD,2024-03-12,initiate,,sell,,163,202.76,,,177.87,170.5,151.92,160.34,100.79,STRONG,STRONG,STRONG,STRONG,STRONG,Demo. Initiation note leans on relative valuation versus the coverage group.,false,,,computed,no-source-url,,1
call_0003,demo,graded,helen-voss,Helen Voss,evercore,Evercore ISI,AMZN,Amazon,2024-04-16,initiate,,buy,,189,183.32,,,175,183.63,183.66,192.72,174.33,WEAK,WEAK,WEAK,STRONG,WEAK,Demo. New coverage. The target assumes margins hold near the last print.,false,,,computed,no-source-url,,2
call_0004,demo,graded,helen-voss,Helen Voss,evercore,Evercore ISI,CRM,Salesforce,2024-05-21,initiate,,hold,,285,278.81,,,230.76,237.58,243.69,261.15,278.98,EXIT LIQUIDITY,EXIT LIQUIDITY,WEAK,PROVISIONAL,STRONG,Demo. Opened coverage with a fresh model and a twelve-month target.,false,,,computed,no-source-url,,3
call_0005,demo,graded,helen-voss,Helen Voss,evercore,Evercore ISI,NVDA,NVIDIA,2024-06-25,initiate,,sell,,115,125.74,,,131.02,111.97,129.01,115.95,153.93,EXIT LIQUIDITY,STRONG,WEAK,STRONG,WEAK,Demo. Opened coverage with a fresh model and a twelve-month target.,false,,,computed,no-source-url,,4
call_0006,demo,graded,helen-voss,Helen Voss,evercore,Evercore ISI,NFLX,Netflix,2024-07-30,initiate,,buy,,77.5,62.26,,,64.8,69.25,70.74,74.91,118.42,STRONG,STRONG,STRONG,STRONG,STRONG,Demo. New coverage. The target assumes margins hold near the last print.,false,,,computed,no-source-url,,5
call_0007,demo,graded,helen-voss,Helen Voss,evercore,Evercore ISI,AAPL,Apple,2024-09-03,upgrade,hold,buy,186,237,220.92,,,214.99,223.8,221.06,237.86,237.59,EXIT LIQUIDITY,PROVISIONAL,WEAK,STRONG,PROVISIONAL,Demo. Upgrade cites a cleaner setup into the next two prints.,true,Price target moved more than 25%.,,computed,controversial;no-source-url,,6
call_0008,demo,graded,helen-voss,Helen Voss,evercore,Evercore ISI,AMD,AMD,2024-10-08,target_cut,sell,sell,163,127,172.8,,,154.09,149.82,138.59,129.55,235.56,STRONG,STRONG,STRONG,STRONG,EXIT LIQUIDITY,Demo. Target came down. The rating stayed put.,false,,,computed,no-source-url,,7
call_0009,demo,graded,helen-voss,Helen Voss,evercore,Evercore ISI,AMZN,Amazon,2024-11-12,target_raise,buy,buy,189,230,208.91,,,207.86,228.97,218.94,233.14,244.2,EXIT LIQUIDITY,STRONG,STRONG,STRONG,STRONG,Demo. Target moved up with the rating unchanged.,false,,,computed,no-source-url,,8
call_0010,demo,graded,helen-voss,Helen Voss,evercore,Evercore ISI,CRM,Salesforce,2024-12-17,downgrade,hold,underperform,285,277,345.92,,,329.9,315.76,322.21,277.03,255.97,STRONG,STRONG,STRONG,STRONG,STRONG,Demo. Downgrade reflects slower orders than the prior note assumed.,false,,,computed,no-source-url,,9
call_0011,demo,graded,helen-voss,Helen Voss,evercore,Evercore ISI,NVDA,NVIDIA,2025-01-21,upgrade,sell,hold,115,143,140.46,,,118.34,139.74,117.4,96.67,182.89,EXIT LIQUIDITY,STRONG,EXIT LIQUIDITY,EXIT LIQUIDITY,WEAK,Demo. Moved up a notch after the quarter cleared a low bar.,true,Two-notch rating change.,,computed,controversial;no-source-url,,10
call_0012,demo,graded,helen-voss,Helen Voss,evercore,Evercore ISI,NFLX,Netflix,2025-02-25,target_raise,buy,buy,77.5,115,97.72,,,89.51,97.67,110.15,118.54,82.7,EXIT LIQUIDITY,EXIT LIQUIDITY,STRONG,STRONG,WEAK,Demo. Target moved up with the rating unchanged.,true,Price target moved more than 25%.,,computed,controversial;no-source-url,,11
call_0013,demo,graded,helen-voss,Helen Voss,evercore,Evercore ISI,AAPL,Apple,2025-04-01,downgrade,buy,sell,237,199,221.83,,,200.9,212.02,199.88,204.18,255.17,STRONG,STRONG,STRONG,STRONG,WEAK,Demo. Moved down a notch. The target now sits closer to the base case.,true,Two-notch rating change.,,computed,controversial;no-source-url,,12
call_0014,demo,graded,helen-voss,Helen Voss,evercore,Evercore ISI,AMD,AMD,2025-05-06,upgrade,sell,hold,127,97,98.62,,,113.51,115.69,137.91,176.78,421.39,EXIT LIQUIDITY,EXIT LIQUIDITY,EXIT LIQUIDITY,EXIT LIQUIDITY,EXIT LIQUIDITY,Demo. Upgrade cites a cleaner setup into the next two prints.,true,Two-notch rating change.,,computed,controversial;no-source-url,,13
call_0015,demo,graded,helen-voss,Helen Voss,evercore,Evercore ISI,AMZN,Amazon,2025-06-10,downgrade,buy,hold,230,212,217.61,,,212.77,222.26,222.69,235.84,238,WEAK,PROVISIONAL,STRONG,WEAK,PROVISIONAL,Demo. Cut the rating as the multiple stopped paying for the growth rate.,false,,,computed,no-source-url,,14
call_0016,demo,graded,helen-voss,Helen Voss,evercore,Evercore ISI,CRM,Salesforce,2025-07-15,upgrade,underperform,hold,277,240,254.97,,,264.68,231,240.3,246.66,166.71,EXIT LIQUIDITY,WEAK,WEAK,STRONG,WEAK,Demo. Rating change follows a round of channel checks that ran ahead of the model.,false,,,computed,no-source-url,,15
call_0017,demo,graded,helen-voss,Helen Voss,evercore,Evercore ISI,NVDA,NVIDIA,2025-08-19,upgrade,hold,buy,143,180,175.21,,,170.36,175.82,182.78,186.15,217.32,WEAK,WEAK,STRONG,STRONG,STRONG,Demo. Rating change follows a round of channel checks that ran ahead of the model.,true,Price target moved more than 25%.,,computed,controversial;no-source-url,,16
call_0018,demo,graded,helen-voss,Helen Voss,evercore,Evercore ISI,NFLX,Netflix,2025-09-23,downgrade,buy,hold,115,120,121.85,,,119.11,111.36,104.31,93.23,,WEAK,WEAK,WEAK,WEAK,Not graded yet,Demo. Downgrade reflects slower orders than the prior note assumed.,false,,,computed,horizon-open;no-source-url,,17
call_0019,demo,graded,helen-voss,Helen Voss,evercore,Evercore ISI,AAPL,Apple,2025-10-28,upgrade,sell,buy,199,330,268.01,,,274.5,276.8,272.66,254.72,,STRONG,STRONG,EXIT LIQUIDITY,EXIT LIQUIDITY,Not graded yet,Demo. Rating change follows a round of channel checks that ran ahead of the model.,true,Two-notch rating change. Price target moved more than 25%.,,computed,horizon-open;controversial;no-source-url,,18
call_0020,demo,graded,helen-voss,Helen Voss,evercore,Evercore ISI,AMD,AMD,2025-12-02,target_raise,hold,hold,97,220,215.24,,,209.17,214.16,236.73,198.62,,WEAK,STRONG,WEAK,WEAK,Not graded yet,Demo. Target moved up with the rating unchanged.,true,Price target moved more than 25%.,,computed,horizon-open;controversial;no-source-url,,19
call_0021,demo,graded,helen-voss,Helen Voss,evercore,Evercore ISI,AMZN,Amazon,2026-01-06,downgrade,hold,sell,212,217,240.93,,,231,222.69,213.21,212.79,,STRONG,STRONG,STRONG,STRONG,Not graded yet,Demo. Downgrade reflects slower orders than the prior note assumed.,true,Two-notch rating change.,,computed,horizon-open;controversial;no-source-url,,20
call_0022,demo,graded,helen-voss,Helen Voss,evercore,Evercore ISI,CRM,Salesforce,2026-02-10,target_cut,hold,hold,240,195,192.13,,,184.16,197.92,164.25,176.72,,WEAK,WEAK,EXIT LIQUIDITY,WEAK,Not graded yet,Demo. Cut the target to reflect a lower multiple versus the group.,false,,,computed,horizon-open;no-source-url,,21
call_0023,demo,graded,helen-voss,Helen Voss,evercore,Evercore ISI,NVDA,NVIDIA,2026-03-17,target_raise,buy,buy,180,207,181.52,,,174,197.9,224.81,212.21,,EXIT LIQUIDITY,STRONG,STRONG,STRONG,Not graded yet,Demo. Target moved up with the rating unchanged.,false,,,computed,horizon-open;no-source-url,,22
call_0024,demo,graded,helen-voss,Helen Voss,evercore,Evercore ISI,NFLX,Netflix,2026-04-21,target_cut,hold,hold,120,92,92.58,,,87.89,89.3,77.38,67.6,,WEAK,WEAK,WEAK,EXIT LIQUIDITY,Not graded yet,Demo. Target came down. The rating stayed put.,false,,,computed,horizon-open;no-source-url,,23
call_0025,demo,graded,helen-voss,Helen Voss,evercore,Evercore ISI,AAPL,Apple,2026-05-26,downgrade,buy,hold,330,299,308.06,,,290.3,274.91,332.73,310.34,,WEAK,WEAK,WEAK,STRONG,Not graded yet,Demo. Cut the rating as the multiple stopped paying for the growth rate.,false,,,computed,horizon-open;no-source-url,,24
call_0026,demo,graded,marcus-ellison,Marcus Ellison,evercore,Evercore ISI,JNJ,Johnson & Johnson,2024-02-07,initiate,,underperform,,138,146.23,,,147.99,148.78,142.13,138.71,146.59,WEAK,WEAK,PROVISIONAL,STRONG,WEAK,Demo. New coverage. The target assumes margins hold near the last print.,false,,,computed,no-source-url,,25
call_0027,demo,graded,marcus-ellison,Marcus Ellison,evercore,Evercore ISI,ABBV,AbbVie,2024-03-13,initiate,,underperform,,151,165.35,,,165.8,150.58,149.16,155.61,201.56,EXIT LIQUIDITY,STRONG,STRONG,STRONG,WEAK,Demo. Opened coverage with a fresh model and a twelve-month target.,false,,,computed,no-source-url,,26
call_0028,demo,graded,marcus-ellison,Marcus Ellison,evercore,Evercore ISI,PFE,Pfizer,2024-04-17,initiate,,buy,,26,21.56,,,23.06,24.66,23.7,25.4,19.96,STRONG,STRONG,STRONG,STRONG,WEAK,Demo. Initiation note leans on relative valuation versus the coverage group.,false,,,computed,no-source-url,,27
call_0029,demo,graded,marcus-ellison,Marcus Ellison,evercore,Evercore ISI,UNH,UnitedHealth,2024-05-22,initiate,,sell,,384,493.2,,,475.95,458.47,537.07,551.63,285.14,STRONG,STRONG,EXIT LIQUIDITY,EXIT LIQUIDITY,STRONG,Demo. Opened coverage with a fresh model and a twelve-month target.,false,,,computed,no-source-url,,28
call_0030,demo,graded,marcus-ellison,Marcus Ellison,evercore,Evercore ISI,LLY,Eli Lilly,2024-06-26,initiate,,hold,,938,887.57,,,925.51,792.4,939.58,911.66,788.41,WEAK,EXIT LIQUIDITY,WEAK,STRONG,WEAK,Demo. Opened coverage with a fresh model and a twelve-month target.,false,,,computed,no-source-url,,29
call_0031,demo,graded,marcus-ellison,Marcus Ellison,evercore,Evercore ISI,JNJ,Johnson & Johnson,2024-07-31,upgrade,underperform,buy,138,182,148.41,,,149,157.13,152.9,151.66,159.94,EXIT LIQUIDITY,STRONG,WEAK,WEAK,PROVISIONAL,Demo. Upgrade cites a cleaner setup into the next two prints.,true,Two-notch rating change. Price target moved more than 25%.,,computed,controversial;no-source-url,,30
call_0032,demo,graded,marcus-ellison,Marcus Ellison,evercore,Evercore ISI,ABBV,AbbVie,2024-09-04,downgrade,underperform,sell,151,170,184.48,,,180.67,181.94,192.13,171.32,206.59,STRONG,PROVISIONAL,WEAK,STRONG,WEAK,Demo. Cut the rating as the multiple stopped paying for the growth rate.,false,,,computed,no-source-url,,31
call_0033,demo,graded,marcus-ellison,Marcus Ellison,evercore,Evercore ISI,PFE,Pfizer,2024-10-09,downgrade,buy,underperform,26,23,26.36,,,25.2,23.69,22.82,24.06,23.59,STRONG,STRONG,STRONG,STRONG,STRONG,Demo. Downgrade reflects slower orders than the prior note assumed.,true,Two-notch rating change.,,computed,controversial;no-source-url,,32
call_0034,demo,graded,marcus-ellison,Marcus Ellison,evercore,Evercore ISI,UNH,UnitedHealth,2024-11-13,upgrade,sell,hold,384,591,577.63,,,580.02,498.12,498.32,510.98,323.9,STRONG,EXIT LIQUIDITY,EXIT LIQUIDITY,WEAK,EXIT LIQUIDITY,Demo. Rating change follows a round of channel checks that ran ahead of the model.,true,Two-notch rating change. Price target moved more than 25%.,,computed,controversial;no-source-url,,33
call_0035,demo,graded,marcus-ellison,Marcus Ellison,evercore,Evercore ISI,LLY,Eli Lilly,2024-12-18,upgrade,hold,buy,938,823,755.4,,,762.6,716.88,835.43,813.9,1051.8,WEAK,EXIT LIQUIDITY,STRONG,STRONG,STRONG,Demo. Moved up a notch after the quarter cleared a low bar.,false,,,computed,no-source-url,,34
call_0036,demo,graded,marcus-ellison,Marcus Ellison,evercore,Evercore ISI,JNJ,Johnson & Johnson,2025-01-22,downgrade,buy,sell,182,114,138.72,,,147.72,156.23,157.51,151.85,215.03,EXIT LIQUIDITY,EXIT LIQUIDITY,EXIT LIQUIDITY,EXIT LIQUIDITY,EXIT LIQUIDITY,Demo. Cut the rating as the multiple stopped paying for the growth rate.,true,Two-notch rating change. Price target moved more than 25%.,,computed,controversial;no-source-url,,35
call_0037,demo,graded,marcus-ellison,Marcus Ellison,evercore,Evercore ISI,ABBV,AbbVie,2025-02-26,target_raise,sell,sell,170,180,193.43,,,202.05,195.6,178.92,178.59,221.27,EXIT LIQUIDITY,WEAK,STRONG,STRONG,WEAK,Demo. Target moved up with the rating unchanged.,false,,,computed,no-source-url,,36
call_0038,demo,graded,marcus-ellison,Marcus Ellison,evercore,Evercore ISI,PFE,Pfizer,2025-04-02,upgrade,underperform,hold,23,24,22.26,,,19.87,21.81,21.58,23,27.38,EXIT LIQUIDITY,PROVISIONAL,STRONG,STRONG,WEAK,Demo. Moved up a notch after the quarter cleared a low bar.,false,,,computed,no-source-url,,37
call_0039,demo,graded,marcus-ellison,Marcus Ellison,evercore,Evercore ISI,UNH,UnitedHealth,2025-05-07,downgrade,hold,sell,591,241,375.86,,,291.2,291.43,298.66,242.96,365.39,STRONG,STRONG,STRONG,STRONG,WEAK,Demo. Moved down a notch. The target now sits closer to the base case.,true,Two-notch rating change. Price target moved more than 25%.,,computed,controversial;no-source-url,,38
call_0040,demo,graded,marcus-ellison,Marcus Ellison,evercore,Evercore ISI,LLY,Eli Lilly,2025-06-11,downgrade,buy,underperform,823,767,801.78,,,785.61,786.31,620.37,745.91,1159.29,STRONG,PROVISIONAL,STRONG,STRONG,EXIT LIQUIDITY,Demo. Cut the rating as the multiple stopped paying for the growth rate.,true,Two-notch rating change.,,computed,controversial;no-source-url,,39
call_0041,demo,graded,marcus-ellison,Marcus Ellison,evercore,Evercore ISI,JNJ,Johnson & Johnson,2025-07-16,upgrade,sell,buy,114,188,159.97,,,162.38,171.49,174.14,186.64,248.74,STRONG,STRONG,STRONG,STRONG,STRONG,Demo. Rating change follows a round of channel checks that ran ahead of the model.,true,Two-notch rating change. Price target moved more than 25%.,,computed,controversial;no-source-url,,40
call_0042,demo,graded,marcus-ellison,Marcus Ellison,evercore,Evercore ISI,ABBV,AbbVie,2025-08-20,upgrade,sell,hold,180,204,202.86,,,205.49,215.78,224.27,228.47,261.83,PROVISIONAL,WEAK,WEAK,WEAK,WEAK,Demo. Moved up a notch after the quarter cleared a low bar.,true,Two-notch rating change.,,computed,controversial;no-source-url,,41
call_0043,demo,graded,marcus-ellison,Marcus Ellison,evercore,Evercore ISI,PFE,Pfizer,2025-09-24,upgrade,hold,buy,24,24,22.51,,,24,23.14,23.81,23.66,,STRONG,STRONG,STRONG,STRONG,Not graded yet,Demo. Upgrade cites a cleaner setup into the next two prints.,false,,,computed,horizon-open;no-source-url,,42
call_0044,demo,graded,marcus-ellison,Marcus Ellison,evercore,Evercore ISI,UNH,UnitedHealth,2025-10-29,target_raise,sell,sell,241,285,346.05,,,330.27,321.22,325.4,277.22,,STRONG,STRONG,STRONG,STRONG,Not graded yet,Demo. Target moved up with the rating unchanged.,false,,,computed,horizon-open;no-source-url,,43
call_0045,demo,graded,marcus-ellison,Marcus Ellison,evercore,Evercore ISI,LLY,Eli Lilly,2025-12-03,upgrade,underperform,hold,767,1015,1028.59,,,1036.78,1075.17,1032.16,1004.56,,STRONG,WEAK,STRONG,STRONG,Not graded yet,Demo. Moved up a notch after the quarter cleared a low bar.,true,Price target moved more than 25%.,,computed,horizon-open;controversial;no-source-url,,44
call_0046,demo,graded,marcus-ellison,Marcus Ellison,evercore,Evercore ISI,JNJ,Johnson & Johnson,2026-01-07,downgrade,buy,underperform,188,149,204.21,,,214.56,236.19,237.85,235.88,,EXIT LIQUIDITY,EXIT LIQUIDITY,EXIT LIQUIDITY,EXIT LIQUIDITY,Not graded yet,Demo. Moved down a notch. The target now sits closer to the base case.,true,Two-notch rating change.,,computed,horizon-open;controversial;no-source-url,,45
call_0047,demo,graded,marcus-ellison,Marcus Ellison,evercore,Evercore ISI,ABBV,AbbVie,2026-02-11,downgrade,hold,sell,204,213,217.52,,,223.46,216.33,204.77,206.39,,WEAK,WEAK,STRONG,STRONG,Not graded yet,Demo. Moved down a notch. The target now sits closer to the base case.,true,Two-notch rating change.,,computed,horizon-open;controversial;no-source-url,,46
call_0048,demo,graded,marcus-ellison,Marcus Ellison,evercore,Evercore ISI,PFE,Pfizer,2026-03-18,target_raise,buy,buy,24,30.5,26.41,,,27.6,26.65,24.89,25.59,,STRONG,EXIT LIQUIDITY,EXIT LIQUIDITY,WEAK,Not graded yet,Demo. Target moved up with the rating unchanged.,true,Price target moved more than 25%.,,computed,horizon-open;controversial;no-source-url,,47
call_0049,demo,graded,marcus-ellison,Marcus Ellison,evercore,Evercore ISI,UNH,UnitedHealth,2026-04-22,upgrade,sell,buy,285,438,349.36,,,362.96,383.9,398.51,433.68,,STRONG,STRONG,STRONG,STRONG,Not graded yet,Demo. Moved up a notch after the quarter cleared a low bar.,true,Two-notch rating change. Price target moved more than 25%.,,computed,horizon-open;controversial;no-source-url,,48
call_0050,demo,graded,marcus-ellison,Marcus Ellison,evercore,Evercore ISI,LLY,Eli Lilly,2026-05-27,upgrade,hold,strong_buy,1015,1239,1081.37,,,1134.74,1206.39,1194.32,1233.66,,STRONG,STRONG,STRONG,STRONG,Not graded yet,Demo. Moved up a notch after the quarter cleared a low bar.,true,Two-notch rating change.,,computed,horizon-open;controversial;no-source-url,,49
call_0051,demo,graded,priya-raman,Priya Raman,evercore,Evercore ISI,COST,Costco,2024-02-08,initiate,,strong_buy,,775,714.12,,,724.22,715.5,701.94,754.03,1034.97,STRONG,WEAK,WEAK,STRONG,STRONG,Demo. Opened coverage with a fresh model and a twelve-month target.,false,,,computed,no-source-url,,50
call_0052,demo,graded,priya-raman,Priya Raman,evercore,Evercore ISI,NKE,Nike,2024-03-14,initiate,,underperform,,85,94.16,,,88.27,86.41,87.08,88.33,68.56,STRONG,STRONG,STRONG,STRONG,STRONG,Demo. Opened coverage with a fresh model and a twelve-month target.,false,,,computed,no-source-url,,51
call_0053,demo,graded,priya-raman,Priya Raman,evercore,Evercore ISI,PG,Procter & Gamble,2024-04-18,initiate,,sell,,108,148.14,,,154.31,157.89,157.75,159.58,163.61,EXIT LIQUIDITY,EXIT LIQUIDITY,EXIT LIQUIDITY,EXIT LIQUIDITY,EXIT LIQUIDITY,Demo. New coverage. The target assumes margins hold near the last print.,false,,,computed,no-source-url,,52
call_0054,demo,graded,priya-raman,Priya Raman,evercore,Evercore ISI,SBUX,Starbucks,2024-05-23,initiate,,buy,,85.5,74.02,,,77,75.53,72.35,88.22,81.76,STRONG,STRONG,EXIT LIQUIDITY,STRONG,STRONG,Demo. Opened coverage with a fresh model and a twelve-month target.,false,,,computed,no-source-url,,53
call_0055,demo,graded,priya-raman,Priya Raman,evercore,Evercore ISI,WMT,Walmart,2024-06-27,initiate,,buy,,80,66.47,,,68.35,68.33,74.67,79.94,96.23,STRONG,STRONG,STRONG,STRONG,STRONG,Demo. New coverage. The target assumes margins hold near the last print.,false,,,computed,no-source-url,,54
call_0056,demo,graded,priya-raman,Priya Raman,evercore,Evercore ISI,COST,Costco,2024-08-01,downgrade,strong_buy,buy,775,863,808,,,867.81,882.67,876.88,869.53,946.99,STRONG,STRONG,STRONG,STRONG,STRONG,Demo. Moved down a notch. The target now sits closer to the base case.,false,,,computed,no-source-url,,55
call_0057,demo,graded,priya-raman,Priya Raman,evercore,Evercore ISI,NKE,Nike,2024-09-05,upgrade,underperform,hold,85,75.5,76.55,,,76.69,77.9,73.1,74.6,71.55,STRONG,STRONG,PROVISIONAL,STRONG,STRONG,Demo. Upgrade cites a cleaner setup into the next two prints.,false,,,computed,no-source-url,,56
call_0058,demo,graded,priya-raman,Priya Raman,evercore,Evercore ISI,PG,Procter & Gamble,2024-10-10,upgrade,sell,hold,108,160,160.08,,,161.66,159.84,162.77,154.49,145.41,STRONG,STRONG,STRONG,STRONG,PROVISIONAL,Demo. Moved up a notch after the quarter cleared a low bar.,true,Two-notch rating change. Price target moved more than 25%.,,computed,controversial;no-source-url,,57
call_0059,demo,graded,priya-raman,Priya Raman,evercore,Evercore ISI,SBUX,Starbucks,2024-11-14,target_raise,buy,buy,85.5,110,94.36,,,97.12,93.21,89.47,108.15,83.27,STRONG,EXIT LIQUIDITY,EXIT LIQUIDITY,STRONG,WEAK,Demo. Target moved up with the rating unchanged.,true,Price target moved more than 25%.,,computed,controversial;no-source-url,,58
call_0060,demo,graded,priya-raman,Priya Raman,evercore,Evercore ISI,WMT,Walmart,2024-12-19,downgrade,buy,hold,80,93,91.93,,,88.58,90.49,102.4,84.97,113.64,WEAK,STRONG,WEAK,WEAK,WEAK,Demo. Downgrade reflects slower orders than the prior note assumed.,false,,,computed,no-source-url,,59
call_0061,demo,graded,priya-raman,Priya Raman,evercore,Evercore ISI,COST,Costco,2025-01-23,target_raise,buy,buy,863,1139,933.15,,,1040.94,1026.27,918.2,967.58,978.93,STRONG,STRONG,EXIT LIQUIDITY,PROVISIONAL,PROVISIONAL,Demo. Target moved up with the rating unchanged.,true,Price target moved more than 25%.,,computed,controversial;no-source-url,,60
call_0062,demo,graded,priya-raman,Priya Raman,evercore,Evercore ISI,NKE,Nike,2025-02-27,downgrade,hold,sell,75.5,59,76.17,,,69.5,60.55,54.83,59.11,60.58,STRONG,STRONG,STRONG,STRONG,STRONG,Demo. Moved down a notch. The target now sits closer to the base case.,true,Two-notch rating change.,,computed,controversial;no-source-url,,61
call_0063,demo,graded,priya-raman,Priya Raman,evercore,Evercore ISI,PG,Procter & Gamble,2025-04-03,target_raise,hold,hold,160,170,165.3,,,163.61,154.88,161.88,155.53,141,PROVISIONAL,WEAK,STRONG,PROVISIONAL,WEAK,Demo. Raised the target on a higher out-year margin assumption.,false,,,computed,no-source-url,,62
call_0064,demo,graded,priya-raman,Priya Raman,evercore,Evercore ISI,SBUX,Starbucks,2025-05-08,target_cut,buy,buy,110,85,79.06,,,81.34,86.84,90.71,86.21,103.72,STRONG,STRONG,STRONG,STRONG,STRONG,Demo. Target came down. The rating stayed put.,false,,,computed,no-source-url,,63
call_0065,demo,graded,priya-raman,Priya Raman,evercore,Evercore ISI,WMT,Walmart,2025-06-12,upgrade,hold,buy,93,101,93.82,,,95,93.39,102.82,99.57,120.75,STRONG,WEAK,STRONG,STRONG,STRONG,Demo. Rating change follows a round of channel checks that ran ahead of the model.,false,,,computed,no-source-url,,64
call_0066,demo,graded,priya-raman,Priya Raman,evercore,Evercore ISI,COST,Costco,2025-07-17,downgrade,buy,hold,1139,942,947.06,,,932.9,966.4,954.53,949.45,939.38,WEAK,PROVISIONAL,STRONG,STRONG,STRONG,Demo. Moved down a notch. The target now sits closer to the base case.,false,,,computed,no-source-url,,65
call_0067,demo,graded,priya-raman,Priya Raman,evercore,Evercore ISI,NKE,Nike,2025-08-21,upgrade,sell,underperform,59,63,73.37,,,72.94,68.63,65.46,60.64,40.33,WEAK,STRONG,STRONG,STRONG,STRONG,Demo. Moved up a notch after the quarter cleared a low bar.,false,,,computed,no-source-url,,66
call_0068,demo,graded,priya-raman,Priya Raman,evercore,Evercore ISI,PG,Procter & Gamble,2025-09-25,target_cut,hold,hold,170,141,147.8,,,146.28,149.17,143.78,141.34,,PROVISIONAL,STRONG,STRONG,STRONG,Not graded yet,Demo. Cut the target to reflect a lower multiple versus the group.,false,,,computed,horizon-open;no-source-url,,67
call_0069,demo,graded,priya-raman,Priya Raman,evercore,Evercore ISI,SBUX,Starbucks,2025-10-30,target_raise,buy,buy,85,96,81.08,,,84.29,85.56,84.04,93.46,,STRONG,STRONG,WEAK,STRONG,Not graded yet,Demo. Target moved up with the rating unchanged.,false,,,computed,horizon-open;no-source-url,,68
call_0070,demo,graded,priya-raman,Priya Raman,evercore,Evercore ISI,WMT,Walmart,2025-12-04,downgrade,buy,hold,101,112,113.88,,,114.1,112.05,123.27,127,,STRONG,STRONG,WEAK,WEAK,Not graded yet,Demo. Cut the rating as the multiple stopped paying for the growth rate.,false,,,computed,horizon-open;no-source-url,,69
call_0071,demo,graded,priya-raman,Priya Raman,evercore,Evercore ISI,COST,Costco,2026-01-08,upgrade,hold,buy,942,1000,911.29,,,971.88,998.12,1002.25,1027.14,,STRONG,STRONG,STRONG,STRONG,Not graded yet,Demo. Upgrade cites a cleaner setup into the next two prints.,false,,,computed,horizon-open;no-source-url,,70
call_0072,demo,graded,priya-raman,Priya Raman,evercore,Evercore ISI,NKE,Nike,2026-02-12,downgrade,underperform,sell,63,40,59.53,,,62.3,52.94,42.08,41.52,,EXIT LIQUIDITY,STRONG,STRONG,STRONG,Not graded yet,Demo. Cut the rating as the multiple stopped paying for the growth rate.,true,Price target moved more than 25%.,,computed,horizon-open;controversial;no-source-url,,71
call_0073,demo,graded,priya-raman,Priya Raman,evercore,Evercore ISI,PG,Procter & Gamble,2026-03-19,target_raise,hold,hold,141,149,142.69,,,141,144.75,141.33,149.44,,PROVISIONAL,STRONG,STRONG,STRONG,Not graded yet,Demo. Target moved up with the rating unchanged.,false,,,computed,horizon-open;no-source-url,,72
call_0074,demo,graded,priya-raman,Priya Raman,evercore,Evercore ISI,SBUX,Starbucks,2026-04-23,upgrade,buy,strong_buy,96,99,98.39,,,103.06,102.52,99.58,103.39,,STRONG,STRONG,WEAK,STRONG,Not graded yet,Demo. Rating change follows a round of channel checks that ran ahead of the model.,false,,,computed,horizon-open;no-source-url,,73
call_0075,demo,graded,priya-raman,Priya Raman,evercore,Evercore ISI,WMT,Walmart,2026-05-28,downgrade,hold,underperform,112,102,118.62,,,120.21,115.41,111.47,104.34,,EXIT LIQUIDITY,STRONG,STRONG,STRONG,Not graded yet,Demo. Downgrade reflects slower orders than the prior note assumed.,false,,,computed,horizon-open;no-source-url,,74
call_0076,demo,graded,jonathan-hale,Jonathan Hale,bernstein,Bernstein,NVDA,NVIDIA,2024-02-09,initiate,,hold,,73,71.92,,,78.59,87.28,85.11,88.49,129.5,WEAK,EXIT LIQUIDITY,EXIT LIQUIDITY,WEAK,EXIT LIQUIDITY,Demo. Initiation note leans on relative valuation versus the coverage group.,false,,,computed,no-source-url,,75
call_0077,demo,graded,jonathan-hale,Jonathan Hale,bernstein,Bernstein,AMD,AMD,2024-03-15,initiate,,sell,,154,191.06,,,180.49,163.28,153.16,159.9,100.97,STRONG,STRONG,STRONG,STRONG,STRONG,Demo. Opened coverage with a fresh model and a twelve-month target.,false,,,computed,no-source-url,,76
call_0078,demo,graded,jonathan-hale,Jonathan Hale,bernstein,Bernstein,ORCL,Oracle,2024-04-19,initiate,,buy,,131,112.09,,,112.99,120.5,141.13,135.06,126.9,WEAK,STRONG,STRONG,STRONG,STRONG,Demo. Initiation note leans on relative valuation versus the coverage group.,false,,,computed,no-source-url,,77
call_0079,demo,graded,jonathan-hale,Jonathan Hale,bernstein,Bernstein,GOOGL,Alphabet,2024-05-24,initiate,,sell,,160,173.34,,,172.82,178.14,180.28,162.44,167.68,WEAK,WEAK,WEAK,STRONG,WEAK,Demo. New coverage. The target assumes margins hold near the last print.,false,,,computed,no-source-url,,78
call_0080,demo,graded,jonathan-hale,Jonathan Hale,bernstein,Bernstein,AVGO,Broadcom,2024-06-28,initiate,,buy,,170,157.59,,,166.93,148.83,158.41,175.38,267.39,STRONG,EXIT LIQUIDITY,WEAK,STRONG,STRONG,Demo. Initiation note leans on relative valuation versus the coverage group.,false,,,computed,no-source-url,,79
call_0081,demo,graded,jonathan-hale,Jonathan Hale,bernstein,Bernstein,TMUS,T-Mobile,2024-08-02,initiate,,hold,,187,181.67,,,189.17,191.88,199,215.48,231.48,WEAK,WEAK,WEAK,WEAK,WEAK,Demo. Opened coverage with a fresh model and a twelve-month target.,false,,,computed,no-source-url,,80
call_0082,demo,graded,jonathan-hale,Jonathan Hale,bernstein,Bernstein,NVDA,NVIDIA,2024-09-06,upgrade,hold,buy,73,148,102.55,,,115.69,124.59,139.54,144.68,166.61,STRONG,STRONG,STRONG,STRONG,STRONG,Demo. Upgrade cites a cleaner setup into the next two prints.,true,Price target moved more than 25%.,,computed,controversial;no-source-url,,81
call_0083,demo,graded,jonathan-hale,Jonathan Hale,bernstein,Bernstein,AMD,AMD,2024-10-11,target_cut,sell,sell,154,124,167.89,,,156.23,147.95,127.74,121.84,214.9,STRONG,STRONG,STRONG,STRONG,EXIT LIQUIDITY,Demo. Cut the target to reflect a lower multiple versus the group.,false,,,computed,no-source-url,,82
call_0084,demo,graded,jonathan-hale,Jonathan Hale,bernstein,Bernstein,ORCL,Oracle,2024-11-15,downgrade,buy,underperform,131,169,180.19,,,181.27,170.04,153.67,170.92,220.72,WEAK,STRONG,STRONG,STRONG,WEAK,Demo. Downgrade reflects slower orders than the prior note assumed.,true,Two-notch rating change. Price target moved more than 25%.,,computed,controversial;no-source-url,,83
call_0085,demo,graded,jonathan-hale,Jonathan Hale,bernstein,Bernstein,GOOGL,Alphabet,2024-12-20,reiterate,sell,sell,160,157,190.29,,,190.67,194.86,182.7,162.04,306.56,EXIT LIQUIDITY,EXIT LIQUIDITY,PROVISIONAL,STRONG,EXIT LIQUIDITY,Demo. Kept the rating and walked through what would force a change.,false,,,computed,no-source-url,,84
call_0086,demo,graded,jonathan-hale,Jonathan Hale,bernstein,Bernstein,AVGO,Broadcom,2025-01-24,downgrade,buy,hold,170,240,241.62,,,222.04,215.91,186.45,186.34,318.88,WEAK,WEAK,EXIT LIQUIDITY,EXIT LIQUIDITY,WEAK,Demo. Cut the rating as the multiple stopped paying for the growth rate.,true,Price target moved more than 25%.,,computed,controversial;no-source-url,,85
call_0087,demo,graded,jonathan-hale,Jonathan Hale,bernstein,Bernstein,TMUS,T-Mobile,2025-02-28,downgrade,hold,underperform,187,229,262.22,,,248.89,257.59,234.89,232.67,214.68,STRONG,WEAK,STRONG,STRONG,STRONG,Demo. Cut the rating as the multiple stopped paying for the growth rate.,false,,,computed,no-source-url,,86
call_0088,demo,graded,jonathan-hale,Jonathan Hale,bernstein,Bernstein,NVDA,NVIDIA,2025-04-04,reiterate,buy,buy,148,146,94.07,,,101.23,114.21,140.86,158.95,176.99,STRONG,STRONG,STRONG,STRONG,STRONG,Demo. Kept the rating and walked through what would force a change.,false,,,computed,no-source-url,,87
call_0089,demo,graded,jonathan-hale,Jonathan Hale,bernstein,Bernstein,AMD,AMD,2025-05-09,upgrade,sell,buy,124,159,102.84,,,110.31,116.19,137.82,172.4,455.19,STRONG,STRONG,STRONG,STRONG,STRONG,Demo. Moved up a notch after the quarter cleared a low bar.,true,Two-notch rating change. Price target moved more than 25%.,,computed,controversial;no-source-url,,88
call_0090,demo,graded,jonathan-hale,Jonathan Hale,bernstein,Bernstein,ORCL,Oracle,2025-06-13,upgrade,underperform,buy,169,308,212.34,,,207.43,227.96,251,304.39,183.49,EXIT LIQUIDITY,STRONG,STRONG,STRONG,EXIT LIQUIDITY,Demo. Rating change follows a round of channel checks that ran ahead of the model.,true,Two-notch rating change. Price target moved more than 25%.,,computed,controversial;no-source-url,,89
call_0091,demo,graded,jonathan-hale,Jonathan Hale,bernstein,Bernstein,GOOGL,Alphabet,2025-07-18,upgrade,sell,hold,157,188,184.42,,,188.47,203.19,250.51,250.81,346.55,WEAK,WEAK,EXIT LIQUIDITY,EXIT LIQUIDITY,EXIT LIQUIDITY,Demo. Upgrade cites a cleaner setup into the next two prints.,true,Two-notch rating change.,,computed,controversial;no-source-url,,90
call_0092,demo,graded,jonathan-hale,Jonathan Hale,bernstein,Bernstein,AVGO,Broadcom,2025-08-22,target_raise,hold,hold,240,292,291.86,,,332.45,342.43,340.75,344.89,368.45,EXIT LIQUIDITY,EXIT LIQUIDITY,EXIT LIQUIDITY,WEAK,WEAK,Demo. Raised the target on a higher out-year margin assumption.,false,,,computed,no-source-url,,91
call_0093,demo,graded,jonathan-hale,Jonathan Hale,bernstein,Bernstein,TMUS,T-Mobile,2025-09-26,target_cut,underperform,underperform,229,200,232.56,,,224.06,213.26,202.62,195.87,,STRONG,STRONG,STRONG,STRONG,Not graded yet,Demo. Cut the target to reflect a lower multiple versus the group.,false,,,computed,horizon-open;no-source-url,,92
call_0094,demo,graded,jonathan-hale,Jonathan Hale,bernstein,Bernstein,NVDA,NVIDIA,2025-10-31,downgrade,buy,sell,146,167,202.01,,,189.72,176.58,187.1,192.06,,STRONG,STRONG,STRONG,PROVISIONAL,Not graded yet,Demo. Downgrade reflects slower orders than the prior note assumed.,true,Two-notch rating change.,,computed,horizon-open;controversial;no-source-url,,93
call_0095,demo,graded,jonathan-hale,Jonathan Hale,bernstein,Bernstein,AMD,AMD,2025-12-05,downgrade,buy,sell,159,204,217.97,,,213.43,223.47,242.11,199.45,,STRONG,WEAK,EXIT LIQUIDITY,STRONG,Not graded yet,Demo. Downgrade reflects slower orders than the prior note assumed.,true,Two-notch rating change. Price target moved more than 25%.,,computed,horizon-open;controversial;no-source-url,,94
call_0096,demo,graded,jonathan-hale,Jonathan Hale,bernstein,Bernstein,ORCL,Oracle,2026-01-09,downgrade,buy,sell,308,134,197.14,,,175.93,141.83,148.36,137.38,,STRONG,STRONG,STRONG,STRONG,Not graded yet,Demo. Cut the rating as the multiple stopped paying for the growth rate.,true,Two-notch rating change. Price target moved more than 25%.,,computed,horizon-open;controversial;no-source-url,,95
call_0097,demo,graded,jonathan-hale,Jonathan Hale,bernstein,Bernstein,GOOGL,Alphabet,2026-02-13,upgrade,hold,buy,188,405,305.13,,,311.15,301.91,332.5,400.57,,STRONG,EXIT LIQUIDITY,STRONG,STRONG,Not graded yet,Demo. Rating change follows a round of channel checks that ran ahead of the model.,true,Price target moved more than 25%.,,computed,horizon-open;controversial;no-source-url,,96
call_0098,demo,graded,jonathan-hale,Jonathan Hale,bernstein,Bernstein,AVGO,Broadcom,2026-03-20,upgrade,hold,buy,292,404,309.37,,,314.05,405.9,410.42,410.7,,STRONG,STRONG,STRONG,STRONG,Not graded yet,Demo. Upgrade cites a cleaner setup into the next two prints.,true,Price target moved more than 25%.,,computed,horizon-open;controversial;no-source-url,,97
call_0099,demo,graded,jonathan-hale,Jonathan Hale,bernstein,Bernstein,TMUS,T-Mobile,2026-04-24,downgrade,underperform,sell,200,169,187.69,,,191.48,189.34,183.51,169.44,,EXIT LIQUIDITY,WEAK,PROVISIONAL,STRONG,Not graded yet,Demo. Cut the rating as the multiple stopped paying for the growth rate.,false,,,computed,horizon-open;no-source-url,,98
call_0100,demo,graded,jonathan-hale,Jonathan Hale,bernstein,Bernstein,NVDA,NVIDIA,2026-05-29,upgrade,sell,buy,167,220,210.66,,,204.96,192.31,196.79,227.73,,WEAK,EXIT LIQUIDITY,WEAK,STRONG,Not graded yet,Demo. Rating change follows a round of channel checks that ran ahead of the model.,true,Two-notch rating change. Price target moved more than 25%.,,computed,horizon-open;controversial;no-source-url,,99
call_0101,demo,graded,clara-nunez,Clara Nunez,bernstein,Bernstein,V,Visa,2024-02-10,initiate,,strong_buy,,317,271.28,,,278.31,275.33,269.36,275.51,343.5,STRONG,WEAK,EXIT LIQUIDITY,WEAK,STRONG,Demo. Opened coverage with a fresh model and a twelve-month target.,false,,,computed,no-source-url,,100
call_0102,demo,graded,clara-nunez,Clara Nunez,bernstein,Bernstein,JPM,JPMorgan Chase,2024-03-16,initiate,,hold,,190,180.57,,,190.06,174.55,192.89,184.94,225.59,WEAK,WEAK,WEAK,STRONG,WEAK,Demo. New coverage. The target assumes margins hold near the last print.,false,,,computed,no-source-url,,101
call_0103,demo,graded,clara-nunez,Clara Nunez,bernstein,Bernstein,MA,Mastercard,2024-04-20,initiate,,buy,,534,449.31,,,437.66,453.53,444.11,438.42,513.43,EXIT LIQUIDITY,EXIT LIQUIDITY,EXIT LIQUIDITY,WEAK,STRONG,Demo. Initiation note leans on relative valuation versus the coverage group.,false,,,computed,no-source-url,,102
call_0104,demo,graded,clara-nunez,Clara Nunez,bernstein,Bernstein,BAC,Bank of America,2024-05-25,initiate,,hold,,37,37.5,,,37.81,38.04,40.1,37.8,41.82,STRONG,STRONG,WEAK,STRONG,WEAK,Demo. Opened coverage with a fresh model and a twelve-month target.,false,,,computed,no-source-url,,103
call_0105,demo,graded,clara-nunez,Clara Nunez,bernstein,Bernstein,GS,Goldman Sachs Group,2024-06-29,initiate,,strong_buy,,471,432.17,,,458.5,470.77,480.91,479.12,673.88,STRONG,STRONG,STRONG,STRONG,STRONG,Demo. Opened coverage with a fresh model and a twelve-month target.,false,,,computed,no-source-url,,104
call_0106,demo,graded,clara-nunez,Clara Nunez,bernstein,Bernstein,V,Visa,2024-08-03,downgrade,strong_buy,buy,317,286,262.1,,,263.41,272.27,272.89,286.42,336.07,EXIT LIQUIDITY,STRONG,STRONG,STRONG,STRONG,Demo. Downgrade reflects slower orders than the prior note assumed.,false,,,computed,no-source-url,,105
call_0107,demo,graded,clara-nunez,Clara Nunez,bernstein,Bernstein,JPM,JPMorgan Chase,2024-09-07,upgrade,hold,strong_buy,190,240,203.89,,,202.58,203.67,238.55,238.84,288.85,EXIT LIQUIDITY,EXIT LIQUIDITY,STRONG,STRONG,STRONG,Demo. Upgrade cites a cleaner setup into the next two prints.,true,Two-notch rating change. Price target moved more than 25%.,,computed,controversial;no-source-url,,106
call_0108,demo,graded,clara-nunez,Clara Nunez,bernstein,Bernstein,MA,Mastercard,2024-10-12,downgrade,buy,sell,534,388,496.95,,,502,524.52,528.8,500.07,554.76,EXIT LIQUIDITY,EXIT LIQUIDITY,EXIT LIQUIDITY,EXIT LIQUIDITY,WEAK,Demo. Cut the rating as the multiple stopped paying for the growth rate.,true,Two-notch rating change. Price target moved more than 25%.,,computed,controversial;no-source-url,,107
call_0109,demo,graded,clara-nunez,Clara Nunez,bernstein,Bernstein,BAC,Bank of America,2024-11-16,target_raise,hold,hold,37,46.5,44.72,,,45.45,43.74,45.31,45.17,51.51,WEAK,PROVISIONAL,STRONG,STRONG,WEAK,Demo. Target moved up with the rating unchanged.,true,Price target moved more than 25%.,,computed,controversial;no-source-url,,108
call_0110,demo,graded,clara-nunez,Clara Nunez,bernstein,Bernstein,GS,Goldman Sachs Group,2024-12-21,downgrade,strong_buy,hold,471,562,546.77,,,560.33,604.57,645.34,548.55,880.59,WEAK,WEAK,WEAK,STRONG,EXIT LIQUIDITY,Demo. Cut the rating as the multiple stopped paying for the growth rate.,true,Two-notch rating change.,,computed,controversial;no-source-url,,109
call_0111,demo,graded,clara-nunez,Clara Nunez,bernstein,Bernstein,V,Visa,2025-01-25,downgrade,buy,hold,286,319,325.91,,,343.5,345.9,340.28,331.38,324.23,WEAK,WEAK,PROVISIONAL,STRONG,STRONG,Demo. Downgrade reflects slower orders than the prior note assumed.,false,,,computed,no-source-url,,110
call_0112,demo,graded,clara-nunez,Clara Nunez,bernstein,Bernstein,JPM,JPMorgan Chase,2025-03-01,downgrade,strong_buy,hold,240,260,256.85,,,225.59,238.07,238.88,257.8,297.43,EXIT LIQUIDITY,WEAK,WEAK,STRONG,WEAK,Demo. Cut the rating as the multiple stopped paying for the growth rate.,true,Two-notch rating change.,,computed,controversial;no-source-url,,111
call_0113,demo,graded,clara-nunez,Clara Nunez,bernstein,Bernstein,MA,Mastercard,2025-04-05,upgrade,sell,buy,388,578,485.31,,,513.43,556.89,579.73,564.95,491.77,STRONG,STRONG,STRONG,STRONG,WEAK,Demo. Rating change follows a round of channel checks that ran ahead of the model.,true,Two-notch rating change. Price target moved more than 25%.,,computed,controversial;no-source-url,,112
call_0114,demo,graded,clara-nunez,Clara Nunez,bernstein,Bernstein,BAC,Bank of America,2025-05-10,upgrade,hold,buy,46.5,43.5,40.45,,,41.82,43.69,45.61,44.8,50.79,STRONG,STRONG,STRONG,STRONG,STRONG,Demo. Upgrade cites a cleaner setup into the next two prints.,false,,,computed,no-source-url,,113
call_0115,demo,graded,clara-nunez,Clara Nunez,bernstein,Bernstein,GS,Goldman Sachs Group,2025-06-14,upgrade,hold,strong_buy,562,751,598.5,,,673.88,695.82,726.44,765.01,1057.57,STRONG,STRONG,STRONG,STRONG,STRONG,Demo. Moved up a notch after the quarter cleared a low bar.,true,Two-notch rating change. Price target moved more than 25%.,,computed,controversial;no-source-url,,114
call_0116,demo,graded,clara-nunez,Clara Nunez,bernstein,Bernstein,V,Visa,2025-07-19,target_raise,hold,hold,319,329,345.67,,,336.07,340.02,343.45,339.18,357.9,WEAK,STRONG,STRONG,STRONG,STRONG,Demo. Raised the target on a higher out-year margin assumption.,false,,,computed,no-source-url,,115
call_0117,demo,graded,clara-nunez,Clara Nunez,bernstein,Bernstein,JPM,JPMorgan Chase,2025-08-23,target_raise,hold,hold,260,300,290.68,,,288.85,306.57,289.99,293.85,351.58,STRONG,WEAK,STRONG,STRONG,WEAK,Demo. Raised the target on a higher out-year margin assumption.,false,,,computed,no-source-url,,116
call_0118,demo,graded,clara-nunez,Clara Nunez,bernstein,Bernstein,MA,Mastercard,2025-09-27,downgrade,buy,hold,578,573,561.63,,,554.76,569.57,542.27,576.77,,PROVISIONAL,STRONG,STRONG,STRONG,Not graded yet,Demo. Moved down a notch. The target now sits closer to the base case.,false,,,computed,horizon-open;no-source-url,,117
call_0119,demo,graded,clara-nunez,Clara Nunez,bernstein,Bernstein,BAC,Bank of America,2025-11-01,downgrade,buy,hold,43.5,52,52.33,,,51.51,52.13,54.13,52.36,,WEAK,STRONG,STRONG,STRONG,Not graded yet,Demo. Moved down a notch. The target now sits closer to the base case.,false,,,computed,horizon-open;no-source-url,,118
call_0120,demo,graded,clara-nunez,Clara Nunez,bernstein,Bernstein,GS,Goldman Sachs Group,2025-12-06,downgrade,strong_buy,buy,751,1028,842.23,,,880.59,934.76,900.12,813.83,,STRONG,STRONG,STRONG,EXIT LIQUIDITY,Not graded yet,Demo. Downgrade reflects slower orders than the prior note assumed.,true,Price target moved more than 25%.,,computed,horizon-open;controversial;no-source-url,,119
call_0121,demo,graded,clara-nunez,Clara Nunez,bernstein,Bernstein,V,Visa,2026-01-10,upgrade,hold,buy,329,416,347.68,,,324.23,323.64,307.75,303.17,,EXIT LIQUIDITY,EXIT LIQUIDITY,EXIT LIQUIDITY,EXIT LIQUIDITY,Not graded yet,Demo. Upgrade cites a cleaner setup into the next two prints.,true,Price target moved more than 25%.,,computed,horizon-open;controversial;no-source-url,,120
call_0122,demo,graded,clara-nunez,Clara Nunez,bernstein,Bernstein,JPM,JPMorgan Chase,2026-02-14,reiterate,hold,hold,300,305,299.66,,,297.43,283.43,304.56,296.47,,STRONG,WEAK,STRONG,STRONG,Not graded yet,Demo. Reiterated. No change to the rating after the update.,false,,,computed,horizon-open;no-source-url,,121
call_0123,demo,graded,clara-nunez,Clara Nunez,bernstein,Bernstein,MA,Mastercard,2026-03-21,upgrade,hold,buy,573,581,494.64,,,491.77,515.79,497.21,488.97,,EXIT LIQUIDITY,STRONG,EXIT LIQUIDITY,WEAK,Not graded yet,Demo. Moved up a notch after the quarter cleared a low bar.,false,,,computed,horizon-open;no-source-url,,122
call_0124,demo,graded,clara-nunez,Clara Nunez,bernstein,Bernstein,BAC,Bank of America,2026-04-25,upgrade,hold,buy,52,63,51.52,,,50.79,51.27,57.44,61.74,,EXIT LIQUIDITY,EXIT LIQUIDITY,STRONG,STRONG,Not graded yet,Demo. Rating change follows a round of channel checks that ran ahead of the model.,false,,,computed,horizon-open;no-source-url,,123
call_0125,demo,graded,clara-nunez,Clara Nunez,bernstein,Bernstein,GS,Goldman Sachs Group,2026-05-30,downgrade,buy,hold,1028,1018,1016.08,,,1057.57,1015.24,975.97,1028.95,,WEAK,STRONG,STRONG,STRONG,Not graded yet,Demo. Moved down a notch. The target now sits closer to the base case.,false,,,computed,horizon-open;no-source-url,,124
call_0126,demo,graded,owen-briggs,Owen Briggs,bernstein,Bernstein,HON,Honeywell,2024-02-11,initiate,,underperform,,152,182.08,,,187.49,187.11,184.98,190.67,199.02,EXIT LIQUIDITY,EXIT LIQUIDITY,EXIT LIQUIDITY,WEAK,WEAK,Demo. Opened coverage with a fresh model and a twelve-month target.,false,,,computed,no-source-url,,125
call_0127,demo,graded,owen-briggs,Owen Briggs,bernstein,Bernstein,CAT,Caterpillar,2024-03-17,initiate,,underperform,,314,335.92,,,354.76,348.42,340.79,312.37,336.72,EXIT LIQUIDITY,WEAK,WEAK,STRONG,WEAK,Demo. Opened coverage with a fresh model and a twelve-month target.,false,,,computed,no-source-url,,126
call_0128,demo,graded,owen-briggs,Owen Briggs,bernstein,Bernstein,BA,Boeing,2024-04-21,initiate,,buy,,178,169.82,,,179.79,184.78,176.3,179.67,159.34,STRONG,STRONG,PROVISIONAL,STRONG,WEAK,Demo. Initiation note leans on relative valuation versus the coverage group.,false,,,computed,no-source-url,,127
call_0129,demo,graded,owen-briggs,Owen Briggs,bernstein,Bernstein,GE,GE Aerospace,2024-05-26,initiate,,hold,,166,165.14,,,159.8,157.64,162.79,169.26,231.28,WEAK,WEAK,STRONG,STRONG,EXIT LIQUIDITY,Demo. Opened coverage with a fresh model and a twelve-month target.,false,,,computed,no-source-url,,128
call_0130,demo,graded,owen-briggs,Owen Briggs,bernstein,Bernstein,HON,Honeywell,2024-06-30,upgrade,underperform,hold,152,198,201.71,,,203.19,191.41,197.09,197.2,224.6,STRONG,WEAK,STRONG,STRONG,WEAK,Demo. Rating change follows a round of channel checks that ran ahead of the model.,true,Price target moved more than 25%.,,computed,controversial;no-source-url,,129
call_0131,demo,graded,owen-briggs,Owen Briggs,bernstein,Bernstein,CAT,Caterpillar,2024-08-04,upgrade,underperform,buy,314,360,313.05,,,335.11,331.95,381.56,371.71,429.83,STRONG,STRONG,STRONG,STRONG,STRONG,Demo. Upgrade cites a cleaner setup into the next two prints.,true,Two-notch rating change.,,computed,controversial;no-source-url,,130
call_0132,demo,graded,owen-briggs,Owen Briggs,bernstein,Bernstein,BA,Boeing,2024-09-08,downgrade,buy,hold,178,154,157.62,,,153.29,154.65,150.98,153.93,230.95,WEAK,STRONG,PROVISIONAL,STRONG,EXIT LIQUIDITY,Demo. Moved down a notch. The target now sits closer to the base case.,false,,,computed,no-source-url,,131
call_0133,demo,graded,owen-briggs,Owen Briggs,bernstein,Bernstein,GE,GE Aerospace,2024-10-13,downgrade,hold,underperform,166,167,189.26,,,177.32,180.82,163.19,170.26,296.39,STRONG,STRONG,STRONG,STRONG,EXIT LIQUIDITY,Demo. Cut the rating as the multiple stopped paying for the growth rate.,false,,,computed,no-source-url,,132
call_0134,demo,graded,owen-briggs,Owen Briggs,bernstein,Bernstein,HON,Honeywell,2024-11-17,downgrade,hold,underperform,198,189,218.56,,,222.32,222.51,212.55,193.51,202.9,EXIT LIQUIDITY,EXIT LIQUIDITY,PROVISIONAL,STRONG,PROVISIONAL,Demo. Cut the rating as the multiple stopped paying for the growth rate.,false,,,computed,no-source-url,,133
call_0135,demo,graded,owen-briggs,Owen Briggs,bernstein,Bernstein,CAT,Caterpillar,2024-12-22,downgrade,buy,underperform,360,340,358.4,,,356.2,391.48,343.12,329.98,578.87,PROVISIONAL,EXIT LIQUIDITY,STRONG,STRONG,EXIT LIQUIDITY,Demo. Downgrade reflects slower orders than the prior note assumed.,true,Two-notch rating change.,,computed,controversial;no-source-url,,134
call_0136,demo,graded,owen-briggs,Owen Briggs,bernstein,Bernstein,BA,Boeing,2025-01-26,target_raise,hold,hold,154,175,176.06,,,181.49,178.27,179.11,177.95,248.43,WEAK,STRONG,STRONG,STRONG,EXIT LIQUIDITY,Demo. Target moved up with the rating unchanged.,false,,,computed,no-source-url,,135
call_0137,demo,graded,owen-briggs,Owen Briggs,bernstein,Bernstein,GE,GE Aerospace,2025-03-02,upgrade,underperform,buy,167,251,205.25,,,195.83,202.46,202.29,244.31,344.81,EXIT LIQUIDITY,EXIT LIQUIDITY,EXIT LIQUIDITY,STRONG,STRONG,Demo. Rating change follows a round of channel checks that ran ahead of the model.,true,Two-notch rating change. Price target moved more than 25%.,,computed,controversial;no-source-url,,136
call_0138,demo,graded,owen-briggs,Owen Briggs,bernstein,Bernstein,HON,Honeywell,2025-04-06,upgrade,underperform,hold,189,183,183.27,,,188.65,201.44,218.61,231.86,237.32,WEAK,WEAK,EXIT LIQUIDITY,EXIT LIQUIDITY,WEAK,Demo. Rating change follows a round of channel checks that ran ahead of the model.,false,,,computed,no-source-url,,137
call_0139,demo,graded,owen-briggs,Owen Briggs,bernstein,Bernstein,CAT,Caterpillar,2025-05-11,upgrade,underperform,buy,340,398,321.54,,,339.08,354.07,403.21,412.8,925.07,STRONG,STRONG,STRONG,STRONG,STRONG,Demo. Rating change follows a round of channel checks that ran ahead of the model.,true,Two-notch rating change.,,computed,controversial;no-source-url,,138
call_0140,demo,graded,owen-briggs,Owen Briggs,bernstein,Bernstein,BA,Boeing,2025-06-15,upgrade,hold,buy,175,215,200.32,,,214.55,230,233.19,215.94,228.95,STRONG,STRONG,STRONG,STRONG,STRONG,Demo. Moved up a notch after the quarter cleared a low bar.,false,,,computed,no-source-url,,139
call_0141,demo,graded,owen-briggs,Owen Briggs,bernstein,Bernstein,GE,GE Aerospace,2025-07-20,target_raise,buy,buy,251,296,261.94,,,268.02,264.59,295.59,298.99,341.3,STRONG,WEAK,STRONG,STRONG,STRONG,Demo. Target moved up with the rating unchanged.,false,,,computed,no-source-url,,140
call_0142,demo,graded,owen-briggs,Owen Briggs,bernstein,Bernstein,HON,Honeywell,2025-08-24,downgrade,hold,underperform,183,199,216.03,,,207.71,202.92,213.93,196.63,214.77,STRONG,STRONG,WEAK,STRONG,WEAK,Demo. Moved down a notch. The target now sits closer to the base case.,false,,,computed,no-source-url,,141
call_0143,demo,graded,owen-briggs,Owen Briggs,bernstein,Bernstein,CAT,Caterpillar,2025-09-28,upgrade,buy,strong_buy,398,601,461.6,,,486.92,521.28,570.25,579.46,,STRONG,STRONG,STRONG,STRONG,Not graded yet,Demo. Moved up a notch after the quarter cleared a low bar.,true,Price target moved more than 25%.,,computed,horizon-open;controversial;no-source-url,,142
call_0144,demo,graded,owen-briggs,Owen Briggs,bernstein,Bernstein,BA,Boeing,2025-11-02,target_raise,buy,buy,215,234,201.02,,,194.52,205.38,217.12,233.72,,EXIT LIQUIDITY,STRONG,STRONG,STRONG,Not graded yet,Demo. Raised the target on a higher out-year margin assumption.,false,,,computed,horizon-open;no-source-url,,143
call_0145,demo,graded,owen-briggs,Owen Briggs,bernstein,Bernstein,GE,GE Aerospace,2025-12-07,target_raise,buy,buy,296,323,282.85,,,306.03,326.66,305.54,322.24,,STRONG,STRONG,STRONG,STRONG,Not graded yet,Demo. Raised the target on a higher out-year margin assumption.,false,,,computed,horizon-open;no-source-url,,144
call_0146,demo,graded,owen-briggs,Owen Briggs,bernstein,Bernstein,HON,Honeywell,2026-01-11,upgrade,underperform,hold,199,216,214.59,,,229.16,251.8,242.72,244.42,,WEAK,EXIT LIQUIDITY,WEAK,WEAK,Not graded yet,Demo. Moved up a notch after the quarter cleared a low bar.,false,,,computed,horizon-open;no-source-url,,145
call_0147,demo,graded,owen-briggs,Owen Briggs,bernstein,Bernstein,CAT,Caterpillar,2026-02-15,downgrade,strong_buy,buy,601,866,771.3,,,740.05,699.37,769.76,886.67,,EXIT LIQUIDITY,EXIT LIQUIDITY,WEAK,STRONG,Not graded yet,Demo. Moved down a notch. The target now sits closer to the base case.,true,Price target moved more than 25%.,,computed,horizon-open;controversial;no-source-url,,146
call_0148,demo,graded,owen-briggs,Owen Briggs,bernstein,Bernstein,BA,Boeing,2026-03-22,target_cut,buy,buy,234,216,195.12,,,208.22,219.16,219.61,222.72,,STRONG,STRONG,STRONG,STRONG,Not graded yet,Demo. Cut the target to reflect a lower multiple versus the group.,false,,,computed,horizon-open;no-source-url,,147
call_0149,demo,graded,owen-briggs,Owen Briggs,bernstein,Bernstein,GE,GE Aerospace,2026-04-26,target_raise,buy,buy,323,358,284.25,,,296.78,314.1,370.9,353.73,,STRONG,STRONG,STRONG,STRONG,Not graded yet,Demo. Raised the target on a higher out-year margin assumption.,false,,,computed,horizon-open;no-source-url,,148
call_0150,demo,graded,owen-briggs,Owen Briggs,bernstein,Bernstein,HON,Honeywell,2026-05-31,downgrade,hold,sell,216,222,248.71,,,230.36,223.23,241.19,217.43,,STRONG,STRONG,PROVISIONAL,STRONG,Not graded yet,Demo. Moved down a notch. The target now sits closer to the base case.,true,Two-notch rating change.,,computed,horizon-open;controversial;no-source-url,,149
call_0151,demo,graded,nina-okonkwo,Nina Okonkwo,wolfe,Wolfe Research,LLY,Eli Lilly,2024-02-12,initiate,,hold,,747,723.56,,,758.9,745.06,738.97,747.19,854.47,WEAK,WEAK,STRONG,STRONG,WEAK,Demo. Initiation note leans on relative valuation versus the coverage group.,false,,,computed,no-source-url,,150
call_0152,demo,graded,nina-okonkwo,Nina Okonkwo,wolfe,Wolfe Research,PFE,Pfizer,2024-03-18,initiate,,hold,,23,23.51,,,23.51,21.56,24.66,23.7,23.72,STRONG,WEAK,PROVISIONAL,STRONG,STRONG,Demo. Opened coverage with a fresh model and a twelve-month target.,false,,,computed,no-source-url,,151
call_0153,demo,graded,nina-okonkwo,Nina Okonkwo,wolfe,Wolfe Research,JNJ,Johnson & Johnson,2024-04-22,initiate,,hold,,140,139.08,,,138.57,144.32,139.85,145.44,151.85,STRONG,WEAK,STRONG,STRONG,PROVISIONAL,Demo. Initiation note leans on relative valuation versus the coverage group.,false,,,computed,no-source-url,,152
call_0154,demo,graded,nina-okonkwo,Nina Okonkwo,wolfe,Wolfe Research,UNH,UnitedHealth,2024-05-27,initiate,,strong_buy,,564,480.73,,,468.27,459.85,541.24,555.29,283.53,EXIT LIQUIDITY,EXIT LIQUIDITY,STRONG,STRONG,EXIT LIQUIDITY,Demo. Opened coverage with a fresh model and a twelve-month target.,false,,,computed,no-source-url,,153
call_0155,demo,graded,nina-okonkwo,Nina Okonkwo,wolfe,Wolfe Research,ABBV,AbbVie,2024-07-01,initiate,,buy,,183,158.09,,,157.35,173.54,183.83,182.41,182.7,EXIT LIQUIDITY,STRONG,STRONG,STRONG,STRONG,Demo. Opened coverage with a fresh model and a twelve-month target.,false,,,computed,no-source-url,,154
call_0156,demo,graded,nina-okonkwo,Nina Okonkwo,wolfe,Wolfe Research,LLY,Eli Lilly,2024-08-05,upgrade,hold,buy,747,830,763.49,,,909.08,933.24,874.91,807.62,759.48,STRONG,STRONG,STRONG,STRONG,WEAK,Demo. Upgrade cites a cleaner setup into the next two prints.,false,,,computed,no-source-url,,155
call_0157,demo,graded,nina-okonkwo,Nina Okonkwo,wolfe,Wolfe Research,PFE,Pfizer,2024-09-09,downgrade,hold,sell,23,22,25.68,,,25.59,26.36,23.69,22.82,23.09,EXIT LIQUIDITY,EXIT LIQUIDITY,STRONG,STRONG,STRONG,Demo. Downgrade reflects slower orders than the prior note assumed.,true,Two-notch rating change.,,computed,controversial;no-source-url,,156
call_0158,demo,graded,nina-okonkwo,Nina Okonkwo,wolfe,Wolfe Research,JNJ,Johnson & Johnson,2024-10-14,target_raise,hold,hold,140,156,153.09,,,153.09,145.17,140.01,135.66,186.64,STRONG,WEAK,WEAK,WEAK,WEAK,Demo. Target moved up with the rating unchanged.,false,,,computed,no-source-url,,157
call_0159,demo,graded,nina-okonkwo,Nina Okonkwo,wolfe,Wolfe Research,UNH,UnitedHealth,2024-11-18,downgrade,strong_buy,buy,564,632,562.16,,,580.15,478.25,487.86,501.02,305.45,STRONG,EXIT LIQUIDITY,EXIT LIQUIDITY,EXIT LIQUIDITY,EXIT LIQUIDITY,Demo. Downgrade reflects slower orders than the prior note assumed.,false,,,computed,no-source-url,,158
call_0160,demo,graded,nina-okonkwo,Nina Okonkwo,wolfe,Wolfe Research,ABBV,AbbVie,2024-12-23,target_raise,buy,buy,183,196,168.38,,,170,161.21,192.54,200.1,223.51,WEAK,EXIT LIQUIDITY,STRONG,STRONG,STRONG,Demo. Raised the target on a higher out-year margin assumption.,false,,,computed,no-source-url,,159
call_0161,demo,graded,nina-okonkwo,Nina Okonkwo,wolfe,Wolfe Research,LLY,Eli Lilly,2025-01-27,downgrade,buy,sell,830,603,798.33,,,858.3,905.43,813.9,875.28,1034.51,EXIT LIQUIDITY,EXIT LIQUIDITY,EXIT LIQUIDITY,EXIT LIQUIDITY,EXIT LIQUIDITY,Demo. Cut the rating as the multiple stopped paying for the growth rate.,true,Two-notch rating change. Price target moved more than 25%.,,computed,controversial;no-source-url,,160
call_0162,demo,graded,nina-okonkwo,Nina Okonkwo,wolfe,Wolfe Research,PFE,Pfizer,2025-03-03,reiterate,sell,sell,22,21.5,23.66,,,23.48,22.26,21.81,21.58,25.7,WEAK,STRONG,STRONG,STRONG,WEAK,Demo. Reiterated. No change to the rating after the update.,false,,,computed,no-source-url,,161
call_0163,demo,graded,nina-okonkwo,Nina Okonkwo,wolfe,Wolfe Research,JNJ,Johnson & Johnson,2025-04-07,reiterate,hold,hold,156,153,144.98,,,151.05,151.41,150.51,151.46,235.88,WEAK,WEAK,STRONG,STRONG,EXIT LIQUIDITY,Demo. Reiterated. No change to the rating after the update.,false,,,computed,no-source-url,,162
call_0164,demo,graded,nina-okonkwo,Nina Okonkwo,wolfe,Wolfe Research,UNH,UnitedHealth,2025-05-12,downgrade,buy,sell,632,239,364.03,,,284.08,298.49,294.36,242.85,391.73,STRONG,STRONG,STRONG,STRONG,EXIT LIQUIDITY,Demo. Downgrade reflects slower orders than the prior note assumed.,true,Two-notch rating change. Price target moved more than 25%.,,computed,controversial;no-source-url,,163
call_0165,demo,graded,nina-okonkwo,Nina Okonkwo,wolfe,Wolfe Research,ABBV,AbbVie,2025-06-16,downgrade,buy,underperform,196,147,183.53,,,178.49,184.85,200.47,211.77,220.9,STRONG,EXIT LIQUIDITY,EXIT LIQUIDITY,EXIT LIQUIDITY,EXIT LIQUIDITY,Demo. Moved down a notch. The target now sits closer to the base case.,true,Two-notch rating change. Price target moved more than 25%.,,computed,controversial;no-source-url,,164
call_0166,demo,graded,nina-okonkwo,Nina Okonkwo,wolfe,Wolfe Research,LLY,Eli Lilly,2025-07-21,upgrade,sell,buy,603,826,755.74,,,762.51,701.02,747.28,797.8,1173.73,WEAK,EXIT LIQUIDITY,WEAK,STRONG,STRONG,Demo. Moved up a notch after the quarter cleared a low bar.,true,Two-notch rating change. Price target moved more than 25%.,,computed,controversial;no-source-url,,165
call_0167,demo,graded,nina-okonkwo,Nina Okonkwo,wolfe,Wolfe Research,PFE,Pfizer,2025-08-25,upgrade,sell,hold,21.5,24.5,23.49,,,22.94,22.51,23.14,23.81,28.57,WEAK,WEAK,STRONG,STRONG,WEAK,Demo. Upgrade cites a cleaner setup into the next two prints.,true,Two-notch rating change.,,computed,controversial;no-source-url,,166
call_0168,demo,graded,nina-okonkwo,Nina Okonkwo,wolfe,Wolfe Research,JNJ,Johnson & Johnson,2025-09-29,upgrade,hold,buy,153,203,177.62,,,186.69,182.49,203.64,204.34,,STRONG,STRONG,STRONG,STRONG,Not graded yet,Demo. Moved up a notch after the quarter cleared a low bar.,true,Price target moved more than 25%.,,computed,horizon-open;controversial;no-source-url,,167
call_0169,demo,graded,nina-okonkwo,Nina Okonkwo,wolfe,Wolfe Research,UNH,UnitedHealth,2025-11-03,upgrade,sell,underperform,239,273,325.13,,,312.21,330.9,329.88,281.37,,STRONG,EXIT LIQUIDITY,EXIT LIQUIDITY,STRONG,Not graded yet,Demo. Rating change follows a round of channel checks that ran ahead of the model.,false,,,computed,horizon-open;no-source-url,,168
call_0170,demo,graded,nina-okonkwo,Nina Okonkwo,wolfe,Wolfe Research,ABBV,AbbVie,2025-12-08,upgrade,underperform,hold,147,219,217.97,,,222.65,228.03,220.03,226.6,,WEAK,WEAK,STRONG,STRONG,Not graded yet,Demo. Moved up a notch after the quarter cleared a low bar.,true,Price target moved more than 25%.,,computed,horizon-open;controversial;no-source-url,,169
call_0171,demo,graded,nina-okonkwo,Nina Okonkwo,wolfe,Wolfe Research,LLY,Eli Lilly,2026-01-12,downgrade,buy,underperform,826,960,1075.8,,,1057.64,1010.33,981.98,936.51,,STRONG,STRONG,STRONG,STRONG,Not graded yet,Demo. Moved down a notch. The target now sits closer to the base case.,true,Two-notch rating change.,,computed,horizon-open;controversial;no-source-url,,170
call_0172,demo,graded,nina-okonkwo,Nina Okonkwo,wolfe,Wolfe Research,PFE,Pfizer,2026-02-16,downgrade,hold,sell,24.5,24,26.67,,,26.36,26.41,26.65,24.89,,STRONG,WEAK,WEAK,STRONG,Not graded yet,Demo. Moved down a notch. The target now sits closer to the base case.,true,Two-notch rating change.,,computed,horizon-open;controversial;no-source-url,,171
call_0173,demo,graded,nina-okonkwo,Nina Okonkwo,wolfe,Wolfe Research,JNJ,Johnson & Johnson,2026-03-23,downgrade,buy,hold,203,233,232.93,,,238.42,223.7,231.86,227.27,,WEAK,WEAK,STRONG,STRONG,Not graded yet,Demo. Moved down a notch. The target now sits closer to the base case.,false,,,computed,horizon-open;no-source-url,,172
call_0174,demo,graded,nina-okonkwo,Nina Okonkwo,wolfe,Wolfe Research,UNH,UnitedHealth,2026-04-27,upgrade,underperform,strong_buy,273,418,350.52,,,379.92,379.49,425.27,418.17,,STRONG,STRONG,STRONG,STRONG,Not graded yet,Demo. Upgrade cites a cleaner setup into the next two prints.,true,Two-notch rating change. Price target moved more than 25%.,,computed,horizon-open;controversial;no-source-url,,173
call_0175,demo,graded,nina-okonkwo,Nina Okonkwo,wolfe,Wolfe Research,ABBV,AbbVie,2026-06-01,upgrade,hold,buy,219,249,211.43,,,220.02,249.29,250.94,255.48,,STRONG,STRONG,STRONG,STRONG,Not graded yet,Demo. Rating change follows a round of channel checks that ran ahead of the model.,false,,,computed,horizon-open;no-source-url,,174
call_0176,demo,graded,samuel-drake,Samuel Drake,wolfe,Wolfe Research,COP,ConocoPhillips,2024-02-13,initiate,,buy,,109,100.98,,,103.41,110.98,121.56,113.37,93.06,STRONG,STRONG,STRONG,STRONG,WEAK,Demo. Opened coverage with a fresh model and a twelve-month target.,false,,,computed,no-source-url,,175
call_0177,demo,graded,samuel-drake,Samuel Drake,wolfe,Wolfe Research,XOM,Exxon Mobil,2024-03-19,initiate,,sell,,79,104.37,,,110.09,109.39,111.32,100.82,110.11,EXIT LIQUIDITY,EXIT LIQUIDITY,EXIT LIQUIDITY,WEAK,WEAK,Demo. New coverage. The target assumes margins hold near the last print.,false,,,computed,no-source-url,,176
call_0178,demo,graded,samuel-drake,Samuel Drake,wolfe,Wolfe Research,CVX,Chevron,2024-04-23,initiate,,hold,,149,146.74,,,146.58,142.84,141.33,142.89,128.49,STRONG,PROVISIONAL,STRONG,STRONG,WEAK,Demo. Opened coverage with a fresh model and a twelve-month target.,false,,,computed,no-source-url,,177
call_0179,demo,graded,samuel-drake,Samuel Drake,wolfe,Wolfe Research,COP,ConocoPhillips,2024-05-28,downgrade,buy,hold,109,103,110.92,,,105.95,106.27,103.37,106.65,81.32,WEAK,WEAK,WEAK,STRONG,WEAK,Demo. Cut the rating as the multiple stopped paying for the growth rate.,false,,,computed,no-source-url,,178
call_0180,demo,graded,samuel-drake,Samuel Drake,wolfe,Wolfe Research,XOM,Exxon Mobil,2024-07-02,upgrade,sell,hold,79,111,106.24,,,107.97,108.81,110.62,109.94,106.93,WEAK,PROVISIONAL,PROVISIONAL,STRONG,STRONG,Demo. Upgrade cites a cleaner setup into the next two prints.,true,Two-notch rating change. Price target moved more than 25%.,,computed,controversial;no-source-url,,179
call_0181,demo,graded,samuel-drake,Samuel Drake,wolfe,Wolfe Research,CVX,Chevron,2024-08-06,upgrade,hold,buy,149,146,130.36,,,133.16,129.7,138.73,141.71,145.37,STRONG,EXIT LIQUIDITY,STRONG,STRONG,STRONG,Demo. Moved up a notch after the quarter cleared a low bar.,false,,,computed,no-source-url,,180
call_0182,demo,graded,samuel-drake,Samuel Drake,wolfe,Wolfe Research,COP,ConocoPhillips,2024-09-10,target_cut,hold,hold,103,96,97.67,,,102.28,105.05,105.53,97.56,91.44,WEAK,WEAK,WEAK,STRONG,STRONG,Demo. Target came down. The rating stayed put.,false,,,computed,no-source-url,,181
call_0183,demo,graded,samuel-drake,Samuel Drake,wolfe,Wolfe Research,XOM,Exxon Mobil,2024-10-15,upgrade,hold,buy,111,144,112.88,,,110,114,104.81,103.35,108.47,EXIT LIQUIDITY,EXIT LIQUIDITY,EXIT LIQUIDITY,EXIT LIQUIDITY,WEAK,Demo. Moved up a notch after the quarter cleared a low bar.,true,Price target moved more than 25%.,,computed,controversial;no-source-url,,182
call_0184,demo,graded,samuel-drake,Samuel Drake,wolfe,Wolfe Research,CVX,Chevron,2024-11-19,downgrade,buy,hold,146,141,148.39,,,150.54,131.23,150.12,146.03,147.58,WEAK,WEAK,STRONG,STRONG,STRONG,Demo. Cut the rating as the multiple stopped paying for the growth rate.,false,,,computed,no-source-url,,183
call_0185,demo,graded,samuel-drake,Samuel Drake,wolfe,Wolfe Research,COP,ConocoPhillips,2024-12-24,target_cut,hold,hold,96,93,91.84,,,96.15,98.35,93.38,97.43,89.82,WEAK,WEAK,STRONG,PROVISIONAL,STRONG,Demo. Cut the target to reflect a lower multiple versus the group.,false,,,computed,no-source-url,,184
call_0186,demo,graded,samuel-drake,Samuel Drake,wolfe,Wolfe Research,XOM,Exxon Mobil,2025-01-28,downgrade,buy,hold,144,106,102.17,,,105.6,105.09,112.32,103.64,134.87,WEAK,WEAK,WEAK,STRONG,WEAK,Demo. Cut the rating as the multiple stopped paying for the growth rate.,true,Price target moved more than 25%.,,computed,controversial;no-source-url,,185
call_0187,demo,graded,samuel-drake,Samuel Drake,wolfe,Wolfe Research,CVX,Chevron,2025-03-04,upgrade,hold,buy,141,159,142.89,,,151.17,146.76,130.2,131.15,182.75,STRONG,STRONG,EXIT LIQUIDITY,WEAK,STRONG,Demo. Rating change follows a round of channel checks that ran ahead of the model.,false,,,computed,no-source-url,,186
call_0188,demo,graded,samuel-drake,Samuel Drake,wolfe,Wolfe Research,COP,ConocoPhillips,2025-04-08,upgrade,hold,buy,93,86.5,78.81,,,85.58,84.68,83.86,88.99,123.47,STRONG,STRONG,STRONG,STRONG,STRONG,Demo. Moved up a notch after the quarter cleared a low bar.,false,,,computed,no-source-url,,187
call_0189,demo,graded,samuel-drake,Samuel Drake,wolfe,Wolfe Research,XOM,Exxon Mobil,2025-05-13,target_cut,hold,hold,106,101,104.43,,,99.68,105.66,111.14,101.9,149.58,WEAK,STRONG,WEAK,STRONG,EXIT LIQUIDITY,Demo. Cut the target to reflect a lower multiple versus the group.,false,,,computed,no-source-url,,188
call_0190,demo,graded,samuel-drake,Samuel Drake,wolfe,Wolfe Research,CVX,Chevron,2025-06-17,downgrade,buy,sell,159,101,141.63,,,138.51,144.04,148.96,151.35,176.04,STRONG,EXIT LIQUIDITY,EXIT LIQUIDITY,EXIT LIQUIDITY,EXIT LIQUIDITY,Demo. Cut the rating as the multiple stopped paying for the growth rate.,true,Two-notch rating change. Price target moved more than 25%.,,computed,controversial;no-source-url,,189
call_0191,demo,graded,samuel-drake,Samuel Drake,wolfe,Wolfe Research,COP,ConocoPhillips,2025-07-22,downgrade,buy,sell,86.5,83,89.4,,,89.61,91.88,89.11,84.4,118,WEAK,WEAK,WEAK,STRONG,EXIT LIQUIDITY,Demo. Cut the rating as the multiple stopped paying for the growth rate.,true,Two-notch rating change.,,computed,controversial;no-source-url,,190
call_0192,demo,graded,samuel-drake,Samuel Drake,wolfe,Wolfe Research,XOM,Exxon Mobil,2025-08-26,upgrade,hold,buy,101,123,108.35,,,107.53,112.33,112.14,113.69,158.19,EXIT LIQUIDITY,STRONG,PROVISIONAL,PROVISIONAL,STRONG,Demo. Upgrade cites a cleaner setup into the next two prints.,false,,,computed,no-source-url,,191
call_0193,demo,graded,samuel-drake,Samuel Drake,wolfe,Wolfe Research,CVX,Chevron,2025-09-30,upgrade,sell,hold,101,148,149.4,,,146.61,147.7,147.02,146.89,,WEAK,STRONG,STRONG,STRONG,Not graded yet,Demo. Rating change follows a round of channel checks that ran ahead of the model.,true,Two-notch rating change. Price target moved more than 25%.,,computed,horizon-open;controversial;no-source-url,,192
call_0194,demo,graded,samuel-drake,Samuel Drake,wolfe,Wolfe Research,COP,ConocoPhillips,2025-11-04,upgrade,sell,buy,83,101,85.22,,,87.75,91.11,94.61,99.59,,STRONG,STRONG,STRONG,STRONG,Not graded yet,Demo. Upgrade cites a cleaner setup into the next two prints.,true,Two-notch rating change.,,computed,horizon-open;controversial;no-source-url,,193
call_0195,demo,graded,samuel-drake,Samuel Drake,wolfe,Wolfe Research,XOM,Exxon Mobil,2025-12-09,upgrade,buy,strong_buy,123,144,115.92,,,117.07,120.49,146.12,148.46,,WEAK,STRONG,STRONG,STRONG,Not graded yet,Demo. Rating change follows a round of channel checks that ran ahead of the model.,false,,,computed,horizon-open;no-source-url,,194
call_0196,demo,graded,samuel-drake,Samuel Drake,wolfe,Wolfe Research,CVX,Chevron,2026-01-13,upgrade,hold,buy,148,187,159.42,,,164.46,177.44,193.35,188.4,,STRONG,STRONG,STRONG,STRONG,Not graded yet,Demo. Moved up a notch after the quarter cleared a low bar.,true,Price target moved more than 25%.,,computed,horizon-open;controversial;no-source-url,,195
call_0197,demo,graded,samuel-drake,Samuel Drake,wolfe,Wolfe Research,COP,ConocoPhillips,2026-02-17,target_raise,buy,buy,101,125,106.43,,,116.87,124.26,114.42,123.71,,STRONG,STRONG,STRONG,STRONG,Not graded yet,Demo. Target moved up with the rating unchanged.,false,,,computed,horizon-open;no-source-url,,196
call_0198,demo,graded,samuel-drake,Samuel Drake,wolfe,Wolfe Research,XOM,Exxon Mobil,2026-03-24,downgrade,strong_buy,sell,144,134,163.21,,,161.76,148.55,153.92,137.58,,WEAK,STRONG,STRONG,STRONG,Not graded yet,Demo. Downgrade reflects slower orders than the prior note assumed.,true,Two-notch rating change.,,computed,horizon-open;controversial;no-source-url,,197
call_0199,demo,graded,samuel-drake,Samuel Drake,wolfe,Wolfe Research,CVX,Chevron,2026-04-28,downgrade,buy,sell,187,150,185.04,,,182.67,181.45,169.58,188.36,,STRONG,WEAK,STRONG,WEAK,Not graded yet,Demo. Cut the rating as the multiple stopped paying for the growth rate.,true,Two-notch rating change.,,computed,horizon-open;controversial;no-source-url,,198
call_0200,demo,graded,samuel-drake,Samuel Drake,wolfe,Wolfe Research,COP,ConocoPhillips,2026-06-02,target_raise,buy,buy,125,131,116.1,,,110.6,104.04,119.68,132.49,,EXIT LIQUIDITY,EXIT LIQUIDITY,PROVISIONAL,STRONG,Not graded yet,Demo. Raised the target on a higher out-year margin assumption.,false,,,computed,horizon-open;no-source-url,,199
call_0201,demo,graded,alice-chen,Alice Chen,jefferies,Jefferies,AMD,AMD,2024-02-14,initiate,,buy,,206,178.7,,,176.54,191.06,163.28,153.16,111.81,EXIT LIQUIDITY,STRONG,EXIT LIQUIDITY,EXIT LIQUIDITY,EXIT LIQUIDITY,Demo. Initiation note leans on relative valuation versus the coverage group.,false,,,computed,no-source-url,,200
call_0202,demo,graded,alice-chen,Alice Chen,jefferies,Jefferies,NVDA,NVIDIA,2024-03-20,initiate,,buy,,132,90.12,,,88.71,75.98,92.22,135.21,118.23,EXIT LIQUIDITY,EXIT LIQUIDITY,WEAK,STRONG,STRONG,Demo. Initiation note leans on relative valuation versus the coverage group.,false,,,computed,no-source-url,,201
call_0203,demo,graded,alice-chen,Alice Chen,jefferies,Jefferies,ORCL,Oracle,2024-04-24,initiate,,buy,,144,112.54,,,114.54,119.93,138.07,140.03,135.67,STRONG,STRONG,STRONG,STRONG,STRONG,Demo. New coverage. The target assumes margins hold near the last print.,false,,,computed,no-source-url,,202
call_0204,demo,graded,alice-chen,Alice Chen,jefferies,Jefferies,AVGO,Broadcom,2024-05-29,initiate,,hold,,135,136.07,,,146.33,157.59,148.83,158.41,239.65,EXIT LIQUIDITY,EXIT LIQUIDITY,WEAK,WEAK,EXIT LIQUIDITY,Demo. Initiation note leans on relative valuation versus the coverage group.,false,,,computed,no-source-url,,203
call_0205,demo,graded,alice-chen,Alice Chen,jefferies,Jefferies,CRM,Salesforce,2024-07-03,initiate,,hold,,267,256.4,,,247.22,240.09,248.87,266.98,269.39,WEAK,WEAK,STRONG,STRONG,STRONG,Demo. New coverage. The target assumes margins hold near the last print.,false,,,computed,no-source-url,,204
call_0206,demo,graded,alice-chen,Alice Chen,jefferies,Jefferies,AMD,AMD,2024-08-07,upgrade,buy,strong_buy,206,146,128.67,,,157.81,134.35,170.9,141.66,172.4,STRONG,STRONG,STRONG,STRONG,STRONG,Demo. Moved up a notch after the quarter cleared a low bar.,true,Price target moved more than 25%.,,computed,controversial;no-source-url,,205
call_0207,demo,graded,alice-chen,Alice Chen,jefferies,Jefferies,NVDA,NVIDIA,2024-09-11,downgrade,buy,hold,132,117,116.59,,,123.18,134.44,147.23,134.72,176.75,WEAK,EXIT LIQUIDITY,EXIT LIQUIDITY,WEAK,EXIT LIQUIDITY,Demo. Downgrade reflects slower orders than the prior note assumed.,false,,,computed,no-source-url,,206
call_0208,demo,graded,alice-chen,Alice Chen,jefferies,Jefferies,ORCL,Oracle,2024-10-16,downgrade,buy,sell,144,153,171.4,,,171.19,180.19,170.04,153.67,310.01,EXIT LIQUIDITY,EXIT LIQUIDITY,WEAK,STRONG,EXIT LIQUIDITY,Demo. Cut the rating as the multiple stopped paying for the growth rate.,true,Two-notch rating change.,,computed,controversial;no-source-url,,207
call_0209,demo,graded,alice-chen,Alice Chen,jefferies,Jefferies,AVGO,Broadcom,2024-11-20,target_raise,hold,hold,135,160,160.76,,,167.96,217.43,234.45,225.65,344.89,WEAK,EXIT LIQUIDITY,EXIT LIQUIDITY,EXIT LIQUIDITY,EXIT LIQUIDITY,Demo. Target moved up with the rating unchanged.,false,,,computed,no-source-url,,208
call_0210,demo,graded,alice-chen,Alice Chen,jefferies,Jefferies,CRM,Salesforce,2024-12-25,downgrade,hold,sell,267,292,339.87,,,322.57,329.46,305.69,284.79,263.45,STRONG,STRONG,STRONG,STRONG,STRONG,Demo. Moved down a notch. The target now sits closer to the base case.,true,Two-notch rating change.,,computed,controversial;no-source-url,,209
call_0211,demo,graded,alice-chen,Alice Chen,jefferies,Jefferies,AMD,AMD,2025-01-29,downgrade,strong_buy,sell,146,95,117.35,,,111.72,99.86,103.22,96.06,252.18,STRONG,STRONG,STRONG,STRONG,EXIT LIQUIDITY,Demo. Moved down a notch. The target now sits closer to the base case.,true,Two-notch rating change. Price target moved more than 25%.,,computed,controversial;no-source-url,,210
call_0212,demo,graded,alice-chen,Alice Chen,jefferies,Jefferies,NVDA,NVIDIA,2025-03-05,upgrade,hold,strong_buy,117,144,116.99,,,117.22,94.07,114.21,140.86,182.91,EXIT LIQUIDITY,EXIT LIQUIDITY,EXIT LIQUIDITY,STRONG,STRONG,Demo. Moved up a notch after the quarter cleared a low bar.,true,Two-notch rating change.,,computed,controversial;no-source-url,,211
call_0213,demo,graded,alice-chen,Alice Chen,jefferies,Jefferies,ORCL,Oracle,2025-04-09,upgrade,sell,buy,153,213,137.33,,,129.64,148.33,171.69,231.37,137.38,EXIT LIQUIDITY,STRONG,STRONG,STRONG,EXIT LIQUIDITY,Demo. Rating change follows a round of channel checks that ran ahead of the model.,true,Two-notch rating change. Price target moved more than 25%.,,computed,controversial;no-source-url,,212
call_0214,demo,graded,alice-chen,Alice Chen,jefferies,Jefferies,AVGO,Broadcom,2025-05-14,target_raise,hold,hold,160,234,229.89,,,237.13,246.31,272.38,310.55,439.1,WEAK,WEAK,EXIT LIQUIDITY,EXIT LIQUIDITY,EXIT LIQUIDITY,Demo. Target moved up with the rating unchanged.,true,Price target moved more than 25%.,,computed,controversial;no-source-url,,213
call_0215,demo,graded,alice-chen,Alice Chen,jefferies,Jefferies,CRM,Salesforce,2025-06-18,target_cut,sell,sell,292,234,256.87,,,266.48,259.72,239.98,236.88,151.51,EXIT LIQUIDITY,WEAK,STRONG,STRONG,STRONG,Demo. Target came down. The rating stayed put.,false,,,computed,no-source-url,,214
call_0216,demo,graded,alice-chen,Alice Chen,jefferies,Jefferies,AMD,AMD,2025-07-23,upgrade,sell,buy,95,245,158.65,,,163.12,167.76,157.39,238.03,539.69,STRONG,STRONG,EXIT LIQUIDITY,STRONG,STRONG,Demo. Moved up a notch after the quarter cleared a low bar.,true,Two-notch rating change. Price target moved more than 25%.,,computed,controversial;no-source-url,,215
call_0217,demo,graded,alice-chen,Alice Chen,jefferies,Jefferies,NVDA,NVIDIA,2025-08-27,downgrade,strong_buy,hold,144,177,181.16,,,176.9,177.76,185.81,177.4,227.73,WEAK,STRONG,STRONG,STRONG,WEAK,Demo. Downgrade reflects slower orders than the prior note assumed.,true,Two-notch rating change.,,computed,controversial;no-source-url,,216
call_0218,demo,graded,alice-chen,Alice Chen,jefferies,Jefferies,ORCL,Oracle,2025-10-01,downgrade,buy,sell,213,193,285.75,,,300.72,260.1,200.02,195.33,,EXIT LIQUIDITY,STRONG,STRONG,STRONG,Not graded yet,Demo. Moved down a notch. The target now sits closer to the base case.,true,Two-notch rating change.,,computed,horizon-open;controversial;no-source-url,,217
call_0219,demo,graded,alice-chen,Alice Chen,jefferies,Jefferies,AVGO,Broadcom,2025-11-05,downgrade,hold,sell,234,312,356.98,,,352.44,388.07,346.34,319.15,,STRONG,EXIT LIQUIDITY,PROVISIONAL,STRONG,Not graded yet,Demo. Downgrade reflects slower orders than the prior note assumed.,true,Two-notch rating change. Price target moved more than 25%.,,computed,horizon-open;controversial;no-source-url,,218
call_0220,demo,graded,alice-chen,Alice Chen,jefferies,Jefferies,CRM,Salesforce,2025-12-10,target_cut,sell,sell,234,187,261.98,,,263.45,258.17,190.05,193.58,,EXIT LIQUIDITY,WEAK,STRONG,STRONG,Not graded yet,Demo. Cut the target to reflect a lower multiple versus the group.,false,,,computed,horizon-open;no-source-url,,219
call_0221,demo,graded,alice-chen,Alice Chen,jefferies,Jefferies,AMD,AMD,2026-01-14,upgrade,buy,strong_buy,245,247,223.6,,,252.74,207.32,193.39,255.07,,STRONG,EXIT LIQUIDITY,EXIT LIQUIDITY,STRONG,Not graded yet,Demo. Rating change follows a round of channel checks that ran ahead of the model.,false,,,computed,horizon-open;no-source-url,,220
call_0222,demo,graded,alice-chen,Alice Chen,jefferies,Jefferies,NVDA,NVIDIA,2026-02-18,upgrade,hold,buy,177,227,187.54,,,182.61,172.31,201.22,220.11,,EXIT LIQUIDITY,EXIT LIQUIDITY,STRONG,STRONG,Not graded yet,Demo. Rating change follows a round of channel checks that ran ahead of the model.,true,Price target moved more than 25%.,,computed,horizon-open;controversial;no-source-url,,221
call_0223,demo,graded,alice-chen,Alice Chen,jefferies,Jefferies,ORCL,Oracle,2026-03-25,upgrade,sell,buy,193,163,145.01,,,142.66,172.68,191.41,164.59,,EXIT LIQUIDITY,STRONG,STRONG,STRONG,Not graded yet,Demo. Upgrade cites a cleaner setup into the next two prints.,true,Two-notch rating change.,,computed,horizon-open;controversial;no-source-url,,222
call_0224,demo,graded,alice-chen,Alice Chen,jefferies,Jefferies,AVGO,Broadcom,2026-04-29,upgrade,sell,buy,312,449,404.81,,,416.13,446.06,365.02,380.91,,STRONG,STRONG,EXIT LIQUIDITY,WEAK,Not graded yet,Demo. Moved up a notch after the quarter cleared a low bar.,true,Two-notch rating change. Price target moved more than 25%.,,computed,horizon-open;controversial;no-source-url,,223
call_0225,demo,graded,alice-chen,Alice Chen,jefferies,Jefferies,CRM,Salesforce,2026-06-03,upgrade,sell,buy,187,261,189.79,,,154.75,165.82,183.7,257.66,,EXIT LIQUIDITY,EXIT LIQUIDITY,EXIT LIQUIDITY,STRONG,Not graded yet,Demo. Moved up a notch after the quarter cleared a low bar.,true,Two-notch rating change. Price target moved more than 25%.,,computed,horizon-open;controversial;no-source-url,,224
call_0226,demo,graded,robert-lang,Robert Lang,jefferies,Jefferies,NKE,Nike,2024-02-15,initiate,,sell,,85,99.25,,,97.26,93.58,87.44,86.1,69.53,STRONG,STRONG,STRONG,STRONG,STRONG,Demo. Opened coverage with a fresh model and a twelve-month target.,false,,,computed,no-source-url,,225
call_0227,demo,graded,robert-lang,Robert Lang,jefferies,Jefferies,SBUX,Starbucks,2024-03-21,initiate,,underperform,,76,85.98,,,82.19,82.18,73.29,75.8,93.38,STRONG,STRONG,STRONG,STRONG,WEAK,Demo. Opened coverage with a fresh model and a twelve-month target.,false,,,computed,no-source-url,,226
call_0228,demo,graded,robert-lang,Robert Lang,jefferies,Jefferies,COST,Costco,2024-04-25,initiate,,buy,,795,712.99,,,769.47,799.78,837.74,820.62,968.89,STRONG,STRONG,STRONG,STRONG,STRONG,Demo. Initiation note leans on relative valuation versus the coverage group.,false,,,computed,no-source-url,,227
call_0229,demo,graded,robert-lang,Robert Lang,jefferies,Jefferies,WMT,Walmart,2024-05-30,initiate,,buy,,74.5,63.55,,,65.32,66.31,68.18,74.72,97.67,STRONG,STRONG,STRONG,STRONG,STRONG,Demo. Opened coverage with a fresh model and a twelve-month target.,false,,,computed,no-source-url,,228
call_0230,demo,graded,robert-lang,Robert Lang,jefferies,Jefferies,HD,Home Depot,2024-07-04,initiate,,hold,,320,315.02,,,345.65,335.6,350.05,390.67,359.41,EXIT LIQUIDITY,WEAK,WEAK,EXIT LIQUIDITY,WEAK,Demo. New coverage. The target assumes margins hold near the last print.,false,,,computed,no-source-url,,229
call_0231,demo,graded,robert-lang,Robert Lang,jefferies,Jefferies,NKE,Nike,2024-08-08,upgrade,sell,hold,85,72,69.95,,,78.64,76.36,76.55,71.33,71.45,EXIT LIQUIDITY,WEAK,WEAK,STRONG,STRONG,Demo. Upgrade cites a cleaner setup into the next two prints.,true,Two-notch rating change.,,computed,controversial;no-source-url,,230
call_0232,demo,graded,robert-lang,Robert Lang,jefferies,Jefferies,SBUX,Starbucks,2024-09-12,upgrade,underperform,hold,76,96,94.4,,,92.68,90.86,95.38,94.16,79.86,WEAK,WEAK,STRONG,STRONG,WEAK,Demo. Rating change follows a round of channel checks that ran ahead of the model.,true,Price target moved more than 25%.,,computed,controversial;no-source-url,,231
call_0233,demo,graded,robert-lang,Robert Lang,jefferies,Jefferies,COST,Costco,2024-10-17,downgrade,buy,hold,795,932,875.66,,,864.67,898.4,983.38,914.67,930.9,WEAK,PROVISIONAL,WEAK,STRONG,STRONG,Demo. Cut the rating as the multiple stopped paying for the growth rate.,false,,,computed,no-source-url,,232
call_0234,demo,graded,robert-lang,Robert Lang,jefferies,Jefferies,WMT,Walmart,2024-11-21,target_raise,buy,buy,74.5,106,86.81,,,93.59,90.79,90.49,102.36,104.44,STRONG,STRONG,STRONG,STRONG,STRONG,Demo. Target moved up with the rating unchanged.,true,Price target moved more than 25%.,,computed,controversial;no-source-url,,233
call_0235,demo,graded,robert-lang,Robert Lang,jefferies,Jefferies,HD,Home Depot,2024-12-26,upgrade,hold,buy,320,423,377.34,,,369.75,395.82,365.19,348.01,342.35,EXIT LIQUIDITY,STRONG,WEAK,WEAK,WEAK,Demo. Upgrade cites a cleaner setup into the next two prints.,true,Price target moved more than 25%.,,computed,controversial;no-source-url,,234
call_0236,demo,graded,robert-lang,Robert Lang,jefferies,Jefferies,NKE,Nike,2025-01-30,upgrade,hold,buy,72,84,74.56,,,69.69,75.61,60.73,53.96,60.22,EXIT LIQUIDITY,WEAK,EXIT LIQUIDITY,EXIT LIQUIDITY,WEAK,Demo. Rating change follows a round of channel checks that ran ahead of the model.,false,,,computed,no-source-url,,235
call_0237,demo,graded,robert-lang,Robert Lang,jefferies,Jefferies,SBUX,Starbucks,2025-03-06,downgrade,hold,sell,96,83,101.46,,,95.5,78.98,78.55,85.35,97.85,STRONG,STRONG,STRONG,STRONG,WEAK,Demo. Cut the rating as the multiple stopped paying for the growth rate.,true,Two-notch rating change.,,computed,controversial;no-source-url,,236
call_0238,demo,graded,robert-lang,Robert Lang,jefferies,Jefferies,COST,Costco,2025-04-10,upgrade,hold,buy,932,1100,956.14,,,967.22,1000.86,998.96,975.04,995.44,STRONG,STRONG,STRONG,WEAK,PROVISIONAL,Demo. Upgrade cites a cleaner setup into the next two prints.,false,,,computed,no-source-url,,237
call_0239,demo,graded,robert-lang,Robert Lang,jefferies,Jefferies,WMT,Walmart,2025-05-15,downgrade,buy,hold,106,102,95.32,,,96.06,93.43,94.76,99.91,131.14,STRONG,STRONG,STRONG,STRONG,WEAK,Demo. Moved down a notch. The target now sits closer to the base case.,false,,,computed,no-source-url,,238
call_0240,demo,graded,robert-lang,Robert Lang,jefferies,Jefferies,HD,Home Depot,2025-06-19,upgrade,buy,strong_buy,423,397,335.57,,,359.41,347.53,381.67,405.52,331.83,STRONG,STRONG,STRONG,STRONG,WEAK,Demo. Moved up a notch after the quarter cleared a low bar.,false,,,computed,no-source-url,,239
call_0241,demo,graded,robert-lang,Robert Lang,jefferies,Jefferies,NKE,Nike,2025-07-24,downgrade,buy,underperform,84,64.5,72.64,,,71.6,75.49,69,66.88,41.26,STRONG,EXIT LIQUIDITY,STRONG,STRONG,STRONG,Demo. Moved down a notch. The target now sits closer to the base case.,true,Two-notch rating change.,,computed,controversial;no-source-url,,240
call_0242,demo,graded,robert-lang,Robert Lang,jefferies,Jefferies,SBUX,Starbucks,2025-08-28,upgrade,sell,buy,83,105,85.83,,,80.31,81.31,85.05,85.15,107.85,EXIT LIQUIDITY,EXIT LIQUIDITY,EXIT LIQUIDITY,EXIT LIQUIDITY,STRONG,Demo. Rating change follows a round of channel checks that ran ahead of the model.,true,Two-notch rating change. Price target moved more than 25%.,,computed,controversial;no-source-url,,241
call_0243,demo,graded,robert-lang,Robert Lang,jefferies,Jefferies,COST,Costco,2025-10-02,downgrade,buy,sell,1100,889,911.45,,,920.25,907.45,907.95,858.55,,WEAK,WEAK,WEAK,STRONG,Not graded yet,Demo. Cut the rating as the multiple stopped paying for the growth rate.,true,Two-notch rating change.,,computed,horizon-open;controversial;no-source-url,,242
call_0244,demo,graded,robert-lang,Robert Lang,jefferies,Jefferies,WMT,Walmart,2025-11-06,target_cut,hold,hold,102,98,100.83,,,106.22,114.15,112,127.19,,EXIT LIQUIDITY,EXIT LIQUIDITY,WEAK,EXIT LIQUIDITY,Not graded yet,Demo. Target came down. The rating stayed put.,false,,,computed,horizon-open;no-source-url,,243
call_0245,demo,graded,robert-lang,Robert Lang,jefferies,Jefferies,HD,Home Depot,2025-12-11,downgrade,strong_buy,hold,397,351,349.86,,,339.96,366.68,372.9,343.38,,WEAK,WEAK,WEAK,STRONG,Not graded yet,Demo. Cut the rating as the multiple stopped paying for the growth rate.,true,Two-notch rating change.,,computed,horizon-open;controversial;no-source-url,,244
call_0246,demo,graded,robert-lang,Robert Lang,jefferies,Jefferies,NKE,Nike,2026-01-15,target_cut,underperform,underperform,64.5,43,62.93,,,60.99,61.51,53.73,44.56,,STRONG,STRONG,STRONG,STRONG,Not graded yet,Demo. Cut the target to reflect a lower multiple versus the group.,true,Price target moved more than 25%.,,computed,horizon-open;controversial;no-source-url,,245
call_0247,demo,graded,robert-lang,Robert Lang,jefferies,Jefferies,SBUX,Starbucks,2026-02-19,downgrade,buy,underperform,105,76,94.7,,,97.55,91.49,97.81,105.89,,EXIT LIQUIDITY,STRONG,EXIT LIQUIDITY,EXIT LIQUIDITY,Not graded yet,Demo. Moved down a notch. The target now sits closer to the base case.,true,Two-notch rating change. Price target moved more than 25%.,,computed,horizon-open;controversial;no-source-url,,246
call_0248,demo,graded,robert-lang,Robert Lang,jefferies,Jefferies,COST,Costco,2026-03-26,upgrade,sell,strong_buy,889,1201,976.68,,,1028.9,1008.08,1026.61,959.56,,STRONG,STRONG,STRONG,EXIT LIQUIDITY,Not graded yet,Demo. Moved up a notch after the quarter cleared a low bar.,true,Two-notch rating change. Price target moved more than 25%.,,computed,horizon-open;controversial;no-source-url,,247
call_0249,demo,graded,robert-lang,Robert Lang,jefferies,Jefferies,WMT,Walmart,2026-04-30,target_raise,hold,hold,98,133,131.36,,,132.14,115.47,114.33,113.95,,STRONG,EXIT LIQUIDITY,WEAK,WEAK,Not graded yet,Demo. Target moved up with the rating unchanged.,true,Price target moved more than 25%.,,computed,horizon-open;controversial;no-source-url,,248
call_0250,demo,graded,robert-lang,Robert Lang,jefferies,Jefferies,HD,Home Depot,2026-06-04,target_cut,hold,hold,351,309,307.68,,,331.83,355.28,337.53,316.18,,WEAK,EXIT LIQUIDITY,WEAK,STRONG,Not graded yet,Demo. Cut the target to reflect a lower multiple versus the group.,false,,,computed,horizon-open;no-source-url,,249
call_0251,demo,graded,fatima-shah,Fatima Shah,jefferies,Jefferies,UNH,UnitedHealth,2024-02-16,initiate,,hold,,474,491.45,,,461.28,464.32,443.57,493.12,501.02,WEAK,WEAK,WEAK,STRONG,STRONG,Demo. New coverage. The target assumes margins hold near the last print.,false,,,computed,no-source-url,,250
call_0252,demo,graded,fatima-shah,Fatima Shah,jefferies,Jefferies,PFE,Pfizer,2024-03-22,initiate,,hold,,24.5,23.21,,,22.61,22.05,24.59,23.89,23.69,EXIT LIQUIDITY,WEAK,WEAK,STRONG,STRONG,Demo. New coverage. The target assumes margins hold near the last print.,false,,,computed,no-source-url,,251
call_0253,demo,graded,fatima-shah,Fatima Shah,jefferies,Jefferies,JNJ,Johnson & Johnson,2024-04-26,initiate,,strong_buy,,154,136.3,,,139.82,138.18,138.39,150.09,148.8,STRONG,WEAK,WEAK,STRONG,STRONG,Demo. New coverage. The target assumes margins hold near the last print.,false,,,computed,no-source-url,,252
call_0254,demo,graded,fatima-shah,Fatima Shah,jefferies,Jefferies,ABBV,AbbVie,2024-05-31,initiate,,strong_buy,,185,149.61,,,156.43,159.15,174.9,182.77,178.96,STRONG,STRONG,STRONG,STRONG,STRONG,Demo. Initiation note leans on relative valuation versus the coverage group.,false,,,computed,no-source-url,,253
call_0255,demo,graded,fatima-shah,Fatima Shah,jefferies,Jefferies,LLY,Eli Lilly,2024-07-05,initiate,,hold,,896,900.68,,,844.45,792.24,943.32,873.32,774.08,WEAK,WEAK,PROVISIONAL,STRONG,WEAK,Demo. Opened coverage with a fresh model and a twelve-month target.,false,,,computed,no-source-url,,254
call_0256,demo,graded,fatima-shah,Fatima Shah,jefferies,Jefferies,UNH,UnitedHealth,2024-08-09,upgrade,hold,buy,474,598,530.83,,,555.29,567.05,554.47,577.23,242.85,STRONG,STRONG,STRONG,STRONG,EXIT LIQUIDITY,Demo. Upgrade cites a cleaner setup into the next two prints.,true,Price target moved more than 25%.,,computed,controversial;no-source-url,,255
call_0257,demo,graded,fatima-shah,Fatima Shah,jefferies,Jefferies,PFE,Pfizer,2024-09-13,target_raise,hold,hold,24.5,25.5,25.56,,,25.4,25.46,23.22,22.5,22.31,STRONG,STRONG,WEAK,WEAK,WEAK,Demo. Target moved up with the rating unchanged.,false,,,computed,no-source-url,,256
call_0258,demo,graded,fatima-shah,Fatima Shah,jefferies,Jefferies,JNJ,Johnson & Johnson,2024-10-18,downgrade,strong_buy,hold,154,160,156.42,,,151.7,145.89,139.81,141.11,188.96,WEAK,WEAK,WEAK,WEAK,WEAK,Demo. Downgrade reflects slower orders than the prior note assumed.,true,Two-notch rating change.,,computed,controversial;no-source-url,,257
call_0259,demo,graded,fatima-shah,Fatima Shah,jefferies,Jefferies,ABBV,AbbVie,2024-11-22,target_raise,strong_buy,strong_buy,185,197,167.02,,,166.31,165.73,164.46,191.4,230.82,EXIT LIQUIDITY,EXIT LIQUIDITY,EXIT LIQUIDITY,STRONG,STRONG,Demo. Raised the target on a higher out-year margin assumption.,false,,,computed,no-source-url,,258
call_0260,demo,graded,fatima-shah,Fatima Shah,jefferies,Jefferies,LLY,Eli Lilly,2024-12-27,downgrade,hold,underperform,896,602,773.63,,,790.16,775.85,892.35,813.06,1072.57,EXIT LIQUIDITY,EXIT LIQUIDITY,EXIT LIQUIDITY,EXIT LIQUIDITY,EXIT LIQUIDITY,Demo. Downgrade reflects slower orders than the prior note assumed.,true,Price target moved more than 25%.,,computed,controversial;no-source-url,,259
call_0261,demo,graded,fatima-shah,Fatima Shah,jefferies,Jefferies,UNH,UnitedHealth,2025-01-31,upgrade,buy,strong_buy,598,585,519.19,,,501.02,454.56,502.79,385.11,281.37,EXIT LIQUIDITY,EXIT LIQUIDITY,WEAK,EXIT LIQUIDITY,EXIT LIQUIDITY,Demo. Moved up a notch after the quarter cleared a low bar.,false,,,computed,no-source-url,,260
call_0262,demo,graded,fatima-shah,Fatima Shah,jefferies,Jefferies,PFE,Pfizer,2025-03-07,downgrade,hold,sell,25.5,21.5,24.09,,,23.69,20.71,20.62,21.24,26.15,STRONG,STRONG,STRONG,STRONG,WEAK,Demo. Downgrade reflects slower orders than the prior note assumed.,true,Two-notch rating change.,,computed,controversial;no-source-url,,261
call_0263,demo,graded,fatima-shah,Fatima Shah,jefferies,Jefferies,JNJ,Johnson & Johnson,2025-04-11,target_cut,hold,hold,160,148,146.05,,,148.8,148.45,151.89,153.09,235.93,WEAK,STRONG,STRONG,STRONG,EXIT LIQUIDITY,Demo. Cut the target to reflect a lower multiple versus the group.,false,,,computed,no-source-url,,262
call_0264,demo,graded,fatima-shah,Fatima Shah,jefferies,Jefferies,ABBV,AbbVie,2025-05-16,reiterate,strong_buy,strong_buy,197,193,176.95,,,178.96,183.74,180.78,198.52,208.9,STRONG,STRONG,PROVISIONAL,STRONG,STRONG,Demo. Same rating. The target was refreshed for the latest share count.,false,,,computed,no-source-url,,263
call_0265,demo,graded,fatima-shah,Fatima Shah,jefferies,Jefferies,LLY,Eli Lilly,2025-06-20,downgrade,underperform,sell,602,590,756.29,,,774.08,765.19,698.8,758.15,1097,EXIT LIQUIDITY,EXIT LIQUIDITY,STRONG,EXIT LIQUIDITY,EXIT LIQUIDITY,Demo. Moved down a notch. The target now sits closer to the base case.,false,,,computed,no-source-url,,264
call_0266,demo,graded,fatima-shah,Fatima Shah,jefferies,Jefferies,UNH,UnitedHealth,2025-07-25,downgrade,strong_buy,underperform,585,207,272.05,,,242.85,297.57,338.67,351.1,418.17,STRONG,EXIT LIQUIDITY,EXIT LIQUIDITY,EXIT LIQUIDITY,EXIT LIQUIDITY,Demo. Downgrade reflects slower orders than the prior note assumed.,true,Two-notch rating change. Price target moved more than 25%.,,computed,controversial;no-source-url,,265
call_0267,demo,graded,fatima-shah,Fatima Shah,jefferies,Jefferies,PFE,Pfizer,2025-08-29,target_cut,sell,sell,21.5,19,23.14,,,22.31,22.2,22.89,24.45,27.96,STRONG,STRONG,EXIT LIQUIDITY,EXIT LIQUIDITY,EXIT LIQUIDITY,Demo. Target came down. The rating stayed put.,false,,,computed,no-source-url,,266
call_0268,demo,graded,fatima-shah,Fatima Shah,jefferies,Jefferies,JNJ,Johnson & Johnson,2025-10-03,target_raise,hold,hold,148,189,184.48,,,188.96,184.71,202.17,203.67,,WEAK,STRONG,WEAK,WEAK,Not graded yet,Demo. Raised the target on a higher out-year margin assumption.,true,Price target moved more than 25%.,,computed,horizon-open;controversial;no-source-url,,267
call_0269,demo,graded,fatima-shah,Fatima Shah,jefferies,Jefferies,ABBV,AbbVie,2025-11-07,downgrade,strong_buy,hold,193,221,214.1,,,230.82,220.86,218.76,215.68,,WEAK,WEAK,STRONG,STRONG,Not graded yet,Demo. Moved down a notch. The target now sits closer to the base case.,true,Two-notch rating change.,,computed,horizon-open;controversial;no-source-url,,268
call_0270,demo,graded,fatima-shah,Fatima Shah,jefferies,Jefferies,LLY,Eli Lilly,2025-12-12,upgrade,sell,hold,590,965,1022.57,,,1072.57,1058.45,1020.07,974.17,,EXIT LIQUIDITY,WEAK,STRONG,STRONG,Not graded yet,Demo. Upgrade cites a cleaner setup into the next two prints.,true,Two-notch rating change. Price target moved more than 25%.,,computed,horizon-open;controversial;no-source-url,,269
call_0271,demo,graded,fatima-shah,Fatima Shah,jefferies,Jefferies,UNH,UnitedHealth,2026-01-16,target_raise,underperform,underperform,207,246,324.6,,,281.37,287.51,284.19,312.68,,STRONG,STRONG,STRONG,WEAK,Not graded yet,Demo. Raised the target on a higher out-year margin assumption.,false,,,computed,horizon-open;no-source-url,,270
call_0272,demo,graded,fatima-shah,Fatima Shah,jefferies,Jefferies,PFE,Pfizer,2026-02-20,upgrade,sell,hold,19,26,25.77,,,26.15,26.08,26.4,25.5,,WEAK,STRONG,STRONG,STRONG,Not graded yet,Demo. Rating change follows a round of channel checks that ran ahead of the model.,true,Two-notch rating change. Price target moved more than 25%.,,computed,horizon-open;controversial;no-source-url,,271
call_0273,demo,graded,fatima-shah,Fatima Shah,jefferies,Jefferies,JNJ,Johnson & Johnson,2026-03-27,target_raise,hold,hold,189,235,237.9,,,235.93,225.09,229.05,243.68,,STRONG,WEAK,STRONG,STRONG,Not graded yet,Demo. Target moved up with the rating unchanged.,false,,,computed,horizon-open;no-source-url,,272
call_0274,demo,graded,fatima-shah,Fatima Shah,jefferies,Jefferies,ABBV,AbbVie,2026-05-01,target_cut,hold,hold,221,205,205.14,,,208.9,216.18,249.86,257.41,,WEAK,WEAK,EXIT LIQUIDITY,EXIT LIQUIDITY,Not graded yet,Demo. Target came down. The rating stayed put.,false,,,computed,horizon-open;no-source-url,,273
call_0275,demo,graded,fatima-shah,Fatima Shah,jefferies,Jefferies,LLY,Eli Lilly,2026-06-05,target_raise,hold,hold,965,1135,1129.8,,,1097,1212.17,1114.08,1159.6,,WEAK,WEAK,STRONG,STRONG,Not graded yet,Demo. Raised the target on a higher out-year margin assumption.,false,,,computed,horizon-open;no-source-url,,274
call_0276,demo,graded,grace-lindstrom,Grace Lindstrom,piper,Piper Sandler,ABBV,AbbVie,2024-02-06,initiate,,sell,,146,159.31,,,161.57,166,156.28,151,182.7,EXIT LIQUIDITY,EXIT LIQUIDITY,WEAK,STRONG,WEAK,Demo. New coverage. The target assumes margins hold near the last print.,false,,,computed,no-source-url,,275
call_0277,demo,graded,grace-lindstrom,Grace Lindstrom,piper,Piper Sandler,JNJ,Johnson & Johnson,2024-03-12,initiate,,sell,,142,151.78,,,145.28,138.77,139.82,138.33,156.76,STRONG,STRONG,STRONG,STRONG,WEAK,Demo. New coverage. The target assumes margins hold near the last print.,false,,,computed,no-source-url,,276
call_0278,demo,graded,grace-lindstrom,Grace Lindstrom,piper,Piper Sandler,UNH,UnitedHealth,2024-04-16,initiate,,buy,,493,443.57,,,457.58,493.12,470.28,489.61,562.3,STRONG,STRONG,STRONG,STRONG,STRONG,Demo. Opened coverage with a fresh model and a twelve-month target.,false,,,computed,no-source-url,,277
call_0279,demo,graded,grace-lindstrom,Grace Lindstrom,piper,Piper Sandler,PFE,Pfizer,2024-05-21,initiate,,strong_buy,,29.5,24.59,,,25.39,23.89,25.81,25.15,21.16,STRONG,EXIT LIQUIDITY,STRONG,WEAK,WEAK,Demo. Opened coverage with a fresh model and a twelve-month target.,false,,,computed,no-source-url,,278
call_0280,demo,graded,grace-lindstrom,Grace Lindstrom,piper,Piper Sandler,LLY,Eli Lilly,2024-06-25,initiate,,buy,,1096,890.87,,,918.34,808.72,939.58,905.84,785.61,STRONG,EXIT LIQUIDITY,STRONG,WEAK,WEAK,Demo. Initiation note leans on relative valuation versus the coverage group.,false,,,computed,no-source-url,,279
call_0281,demo,graded,grace-lindstrom,Grace Lindstrom,piper,Piper Sandler,ABBV,AbbVie,2024-07-30,upgrade,sell,hold,146,183,174.9,,,179.07,182.77,182.41,179.04,183.61,WEAK,WEAK,PROVISIONAL,STRONG,STRONG,Demo. Upgrade cites a cleaner setup into the next two prints.,true,Two-notch rating change. Price target moved more than 25%.,,computed,controversial;no-source-url,,280
call_0282,demo,graded,grace-lindstrom,Grace Lindstrom,piper,Piper Sandler,JNJ,Johnson & Johnson,2024-09-03,upgrade,sell,underperform,142,145,158.36,,,158.27,152.05,151.7,147.82,174.08,EXIT LIQUIDITY,STRONG,STRONG,STRONG,WEAK,Demo. Upgrade cites a cleaner setup into the next two prints.,false,,,computed,no-source-url,,281
call_0283,demo,graded,grace-lindstrom,Grace Lindstrom,piper,Piper Sandler,UNH,UnitedHealth,2024-10-08,downgrade,buy,sell,493,487,554.47,,,543.3,577.23,524,491.6,360.33,STRONG,EXIT LIQUIDITY,STRONG,STRONG,STRONG,Demo. Moved down a notch. The target now sits closer to the base case.,true,Two-notch rating change.,,computed,controversial;no-source-url,,282
call_0284,demo,graded,grace-lindstrom,Grace Lindstrom,piper,Piper Sandler,PFE,Pfizer,2024-11-12,downgrade,strong_buy,buy,29.5,28,23.22,,,22.85,22.5,23.69,23.32,24.6,EXIT LIQUIDITY,EXIT LIQUIDITY,WEAK,WEAK,PROVISIONAL,Demo. Cut the rating as the multiple stopped paying for the growth rate.,false,,,computed,no-source-url,,283
call_0285,demo,graded,grace-lindstrom,Grace Lindstrom,piper,Piper Sandler,LLY,Eli Lilly,2024-12-17,target_cut,buy,buy,1096,831,769.14,,,762.6,748.38,835.43,816.12,1036.78,EXIT LIQUIDITY,WEAK,STRONG,STRONG,STRONG,Demo. Target came down. The rating stayed put.,false,,,computed,no-source-url,,284
call_0286,demo,graded,grace-lindstrom,Grace Lindstrom,piper,Piper Sandler,ABBV,AbbVie,2025-01-21,target_cut,hold,hold,183,168,164.46,,,180.98,191.4,200.1,163.63,212.86,WEAK,EXIT LIQUIDITY,EXIT LIQUIDITY,STRONG,WEAK,Demo. Cut the target to reflect a lower multiple versus the group.,false,,,computed,no-source-url,,285
call_0287,demo,graded,grace-lindstrom,Grace Lindstrom,piper,Piper Sandler,JNJ,Johnson & Johnson,2025-02-25,downgrade,underperform,sell,145,146,159.88,,,159.65,157.03,148.8,147.22,242.57,EXIT LIQUIDITY,PROVISIONAL,STRONG,STRONG,EXIT LIQUIDITY,Demo. Downgrade reflects slower orders than the prior note assumed.,false,,,computed,no-source-url,,286
call_0288,demo,graded,grace-lindstrom,Grace Lindstrom,piper,Piper Sandler,UNH,UnitedHealth,2025-04-01,target_cut,sell,sell,487,300,502.79,,,560.91,385.11,290.18,301.97,270.76,EXIT LIQUIDITY,STRONG,STRONG,STRONG,STRONG,Demo. Cut the target to reflect a lower multiple versus the group.,true,Price target moved more than 25%.,,computed,controversial;no-source-url,,287
call_0289,demo,graded,grace-lindstrom,Grace Lindstrom,piper,Piper Sandler,PFE,Pfizer,2025-05-06,target_cut,buy,buy,28,22.5,20.62,,,21.61,21.24,23.31,21.99,25.65,STRONG,STRONG,STRONG,STRONG,STRONG,Demo. Cut the target to reflect a lower multiple versus the group.,false,,,computed,no-source-url,,288
call_0290,demo,graded,grace-lindstrom,Grace Lindstrom,piper,Piper Sandler,LLY,Eli Lilly,2025-06-10,downgrade,buy,hold,831,814,800.37,,,771.51,783.97,620.37,734.01,1134.74,WEAK,PROVISIONAL,EXIT LIQUIDITY,WEAK,EXIT LIQUIDITY,Demo. Downgrade reflects slower orders than the prior note assumed.,false,,,computed,no-source-url,,289
call_0291,demo,graded,grace-lindstrom,Grace Lindstrom,piper,Piper Sandler,ABBV,AbbVie,2025-07-15,target_raise,hold,hold,168,178,180.78,,,185.47,198.52,211.77,223.37,244.11,WEAK,WEAK,EXIT LIQUIDITY,EXIT LIQUIDITY,EXIT LIQUIDITY,Demo. Raised the target on a higher out-year margin assumption.,false,,,computed,no-source-url,,290
call_0292,demo,graded,grace-lindstrom,Grace Lindstrom,piper,Piper Sandler,JNJ,Johnson & Johnson,2025-08-19,upgrade,sell,buy,146,193,172.61,,,174.14,170.32,188.96,195.18,272.07,WEAK,EXIT LIQUIDITY,STRONG,STRONG,STRONG,Demo. Upgrade cites a cleaner setup into the next two prints.,true,Two-notch rating change. Price target moved more than 25%.,,computed,controversial;no-source-url,,291
call_0293,demo,graded,grace-lindstrom,Grace Lindstrom,piper,Piper Sandler,UNH,UnitedHealth,2025-09-23,target_raise,sell,sell,300,320,338.67,,,354.23,351.1,311.67,318.86,,EXIT LIQUIDITY,WEAK,STRONG,STRONG,Not graded yet,Demo. Raised the target on a higher out-year margin assumption.,false,,,computed,horizon-open;no-source-url,,292
call_0294,demo,graded,grace-lindstrom,Grace Lindstrom,piper,Piper Sandler,PFE,Pfizer,2025-10-28,upgrade,buy,strong_buy,22.5,26,22.89,,,24.26,24.45,23.86,25.02,,STRONG,STRONG,STRONG,STRONG,Not graded yet,Demo. Moved up a notch after the quarter cleared a low bar.,false,,,computed,horizon-open;no-source-url,,293
call_0295,demo,graded,grace-lindstrom,Grace Lindstrom,piper,Piper Sandler,LLY,Eli Lilly,2025-12-02,target_raise,hold,hold,814,1033,1041.09,,,1049.22,1069.51,1032.16,1014.77,,STRONG,WEAK,STRONG,STRONG,Not graded yet,Demo. Raised the target on a higher out-year margin assumption.,true,Price target moved more than 25%.,,computed,horizon-open;controversial;no-source-url,,294
call_0296,demo,graded,grace-lindstrom,Grace Lindstrom,piper,Piper Sandler,ABBV,AbbVie,2026-01-06,downgrade,hold,underperform,178,201,218.76,,,210.78,215.68,226.6,203.54,,STRONG,PROVISIONAL,WEAK,STRONG,Not graded yet,Demo. Moved down a notch. The target now sits closer to the base case.,false,,,computed,horizon-open;no-source-url,,295
call_0297,demo,graded,grace-lindstrom,Grace Lindstrom,piper,Piper Sandler,JNJ,Johnson & Johnson,2026-02-10,downgrade,buy,sell,193,213,234.58,,,243.67,239.47,235.93,219.08,,EXIT LIQUIDITY,WEAK,WEAK,STRONG,Not graded yet,Demo. Downgrade reflects slower orders than the prior note assumed.,true,Two-notch rating change.,,computed,horizon-open;controversial;no-source-url,,296
call_0298,demo,graded,grace-lindstrom,Grace Lindstrom,piper,Piper Sandler,UNH,UnitedHealth,2026-03-17,target_cut,sell,sell,320,217,284.19,,,267.41,312.68,389.22,408.52,,STRONG,EXIT LIQUIDITY,EXIT LIQUIDITY,EXIT LIQUIDITY,Not graded yet,Demo. Cut the target to reflect a lower multiple versus the group.,true,Price target moved more than 25%.,,computed,horizon-open;controversial;no-source-url,,297
call_0299,demo,graded,grace-lindstrom,Grace Lindstrom,piper,Piper Sandler,PFE,Pfizer,2026-04-21,downgrade,strong_buy,underperform,26,25,26.4,,,25.57,25.5,24.78,24.32,,STRONG,STRONG,STRONG,STRONG,Not graded yet,Demo. Moved down a notch. The target now sits closer to the base case.,true,Two-notch rating change.,,computed,horizon-open;controversial;no-source-url,,298
call_0300,demo,graded,grace-lindstrom,Grace Lindstrom,piper,Piper Sandler,LLY,Eli Lilly,2026-05-26,target_raise,hold,hold,1033,1091,1063.22,,,1143.04,1126.08,1194.32,1246.93,,WEAK,WEAK,WEAK,WEAK,Not graded yet,Demo. Raised the target on a higher out-year margin assumption.,false,,,computed,horizon-open;no-source-url,,299
call_0301,demo,graded,theo-marchetti,Theo Marchetti,piper,Piper Sandler,CRM,Salesforce,2024-02-07,initiate,,hold,,276,283.43,,,278.24,299.56,296.64,272.34,326.43,WEAK,WEAK,PROVISIONAL,STRONG,WEAK,Demo. New coverage. The target assumes margins hold near the last print.,false,,,computed,no-source-url,,300
call_0302,demo,graded,theo-marchetti,Theo Marchetti,piper,Piper Sandler,AMD,AMD,2024-03-13,initiate,,sell,,159,194.79,,,179.59,163.28,151.92,158.96,98.11,STRONG,STRONG,STRONG,STRONG,STRONG,Demo. New coverage. The target assumes margins hold near the last print.,false,,,computed,no-source-url,,301
call_0303,demo,graded,theo-marchetti,Theo Marchetti,piper,Piper Sandler,AVGO,Broadcom,2024-04-17,initiate,,buy,,162,125.5,,,121.61,136.52,169.76,166.25,169.35,EXIT LIQUIDITY,STRONG,STRONG,STRONG,STRONG,Demo. New coverage. The target assumes margins hold near the last print.,false,,,computed,no-source-url,,302
call_0304,demo,graded,theo-marchetti,Theo Marchetti,piper,Piper Sandler,GOOGL,Alphabet,2024-05-22,initiate,,sell,,171,174.72,,,173.76,178.14,176.19,165.79,170.07,PROVISIONAL,WEAK,WEAK,STRONG,WEAK,Demo. New coverage. The target assumes margins hold near the last print.,false,,,computed,no-source-url,,303
call_0305,demo,graded,theo-marchetti,Theo Marchetti,piper,Piper Sandler,ORCL,Oracle,2024-06-26,initiate,,sell,,104,134.88,,,138.62,136.02,136.2,162.23,209.98,EXIT LIQUIDITY,EXIT LIQUIDITY,EXIT LIQUIDITY,EXIT LIQUIDITY,EXIT LIQUIDITY,Demo. Initiation note leans on relative valuation versus the coverage group.,false,,,computed,no-source-url,,304
call_0306,demo,graded,theo-marchetti,Theo Marchetti,piper,Piper Sandler,CRM,Salesforce,2024-07-31,downgrade,hold,sell,276,198,254.68,,,251.25,248.87,272.66,294.59,255.71,STRONG,STRONG,EXIT LIQUIDITY,EXIT LIQUIDITY,WEAK,Demo. Moved down a notch. The target now sits closer to the base case.,true,Two-notch rating change. Price target moved more than 25%.,,computed,controversial;no-source-url,,305
call_0307,demo,graded,theo-marchetti,Theo Marchetti,piper,Piper Sandler,AMD,AMD,2024-09-04,upgrade,sell,underperform,159,103,140.87,,,148.29,170.9,141.86,141.98,161.79,EXIT LIQUIDITY,EXIT LIQUIDITY,EXIT LIQUIDITY,EXIT LIQUIDITY,EXIT LIQUIDITY,Demo. Rating change follows a round of channel checks that ran ahead of the model.,true,Price target moved more than 25%.,,computed,controversial;no-source-url,,306
call_0308,demo,graded,theo-marchetti,Theo Marchetti,piper,Piper Sandler,AVGO,Broadcom,2024-10-09,target_raise,buy,buy,162,229,183.12,,,170.87,180.84,176.8,225.76,343.1,EXIT LIQUIDITY,EXIT LIQUIDITY,EXIT LIQUIDITY,STRONG,STRONG,Demo. Raised the target on a higher out-year margin assumption.,true,Price target moved more than 25%.,,computed,controversial;no-source-url,,307
call_0309,demo,graded,theo-marchetti,Theo Marchetti,piper,Piper Sandler,GOOGL,Alphabet,2024-11-13,upgrade,sell,hold,171,179,177.63,,,168.05,188.71,190.92,184.24,277.85,WEAK,WEAK,WEAK,STRONG,EXIT LIQUIDITY,Demo. Upgrade cites a cleaner setup into the next two prints.,true,Two-notch rating change.,,computed,controversial;no-source-url,,308
call_0310,demo,graded,theo-marchetti,Theo Marchetti,piper,Piper Sandler,ORCL,Oracle,2024-12-18,upgrade,sell,buy,104,195,162.22,,,163.42,158.31,171.22,146.92,178.31,WEAK,EXIT LIQUIDITY,STRONG,EXIT LIQUIDITY,STRONG,Demo. Rating change follows a round of channel checks that ran ahead of the model.,true,Two-notch rating change. Price target moved more than 25%.,,computed,controversial;no-source-url,,309
call_0311,demo,graded,theo-marchetti,Theo Marchetti,piper,Piper Sandler,CRM,Salesforce,2025-01-22,target_raise,sell,sell,198,244,328.21,,,343.32,305.69,276.9,240.54,226.54,EXIT LIQUIDITY,STRONG,STRONG,STRONG,STRONG,Demo. Raised the target on a higher out-year margin assumption.,false,,,computed,no-source-url,,310
call_0312,demo,graded,theo-marchetti,Theo Marchetti,piper,Piper Sandler,AMD,AMD,2025-02-26,downgrade,underperform,sell,103,79,104.74,,,100.79,103.22,96.65,114.56,203.68,STRONG,WEAK,STRONG,EXIT LIQUIDITY,EXIT LIQUIDITY,Demo. Downgrade reflects slower orders than the prior note assumed.,false,,,computed,no-source-url,,311
call_0313,demo,graded,theo-marchetti,Theo Marchetti,piper,Piper Sandler,AVGO,Broadcom,2025-04-02,target_raise,buy,buy,229,264,170.44,,,172.93,201.68,239.74,262.81,314.05,STRONG,STRONG,STRONG,STRONG,STRONG,Demo. Target moved up with the rating unchanged.,false,,,computed,no-source-url,,312
call_0314,demo,graded,theo-marchetti,Theo Marchetti,piper,Piper Sandler,GOOGL,Alphabet,2025-05-07,upgrade,hold,buy,179,198,150.67,,,167.77,172.87,178.9,193.99,397.5,STRONG,STRONG,STRONG,STRONG,STRONG,Demo. Moved up a notch after the quarter cleared a low bar.,false,,,computed,no-source-url,,313
call_0315,demo,graded,theo-marchetti,Theo Marchetti,piper,Piper Sandler,ORCL,Oracle,2025-06-11,target_raise,buy,buy,195,246,174.02,,,207.9,227.96,247.23,238.79,183.46,STRONG,STRONG,STRONG,STRONG,WEAK,Demo. Raised the target on a higher out-year margin assumption.,true,Price target moved more than 25%.,,computed,controversial;no-source-url,,314
call_0316,demo,graded,theo-marchetti,Theo Marchetti,piper,Piper Sandler,CRM,Salesforce,2025-07-16,upgrade,sell,strong_buy,244,309,255.34,,,262.13,239.98,240.3,237.75,172.38,STRONG,EXIT LIQUIDITY,EXIT LIQUIDITY,EXIT LIQUIDITY,EXIT LIQUIDITY,Demo. Moved up a notch after the quarter cleared a low bar.,true,Two-notch rating change. Price target moved more than 25%.,,computed,controversial;no-source-url,,315
call_0317,demo,graded,theo-marchetti,Theo Marchetti,piper,Piper Sandler,AMD,AMD,2025-08-20,upgrade,sell,buy,79,227,165.2,,,162.13,157.39,233.08,230.29,469.46,EXIT LIQUIDITY,EXIT LIQUIDITY,STRONG,STRONG,STRONG,Demo. Moved up a notch after the quarter cleared a low bar.,true,Two-notch rating change. Price target moved more than 25%.,,computed,controversial;no-source-url,,316
call_0318,demo,graded,theo-marchetti,Theo Marchetti,piper,Piper Sandler,AVGO,Broadcom,2025-09-24,downgrade,buy,underperform,264,273,337.42,,,343.57,352.16,338.3,348.04,,EXIT LIQUIDITY,EXIT LIQUIDITY,EXIT LIQUIDITY,EXIT LIQUIDITY,Not graded yet,Demo. Downgrade reflects slower orders than the prior note assumed.,true,Two-notch rating change.,,computed,horizon-open;controversial;no-source-url,,317
call_0319,demo,graded,theo-marchetti,Theo Marchetti,piper,Piper Sandler,GOOGL,Alphabet,2025-10-29,target_raise,buy,buy,198,332,273.86,,,285.97,319.35,312.9,333.9,,STRONG,STRONG,STRONG,STRONG,Not graded yet,Demo. Target moved up with the rating unchanged.,true,Price target moved more than 25%.,,computed,horizon-open;controversial;no-source-url,,318
call_0320,demo,graded,theo-marchetti,Theo Marchetti,piper,Piper Sandler,ORCL,Oracle,2025-12-03,target_raise,buy,buy,246,261,205.75,,,176.76,193.84,163.44,147.98,,EXIT LIQUIDITY,EXIT LIQUIDITY,EXIT LIQUIDITY,EXIT LIQUIDITY,Not graded yet,Demo. Raised the target on a higher out-year margin assumption.,false,,,computed,horizon-open;no-source-url,,319
call_0321,demo,graded,theo-marchetti,Theo Marchetti,piper,Piper Sandler,CRM,Salesforce,2026-01-07,downgrade,strong_buy,buy,309,319,264.31,,,220.07,190.05,200.73,181.71,,EXIT LIQUIDITY,EXIT LIQUIDITY,EXIT LIQUIDITY,EXIT LIQUIDITY,Not graded yet,Demo. Cut the rating as the multiple stopped paying for the growth rate.,false,,,computed,horizon-open;no-source-url,,320
call_0322,demo,graded,theo-marchetti,Theo Marchetti,piper,Piper Sandler,AMD,AMD,2026-02-11,target_raise,buy,buy,227,331,213.58,,,210.86,193.39,245.04,448.29,,EXIT LIQUIDITY,EXIT LIQUIDITY,STRONG,STRONG,Not graded yet,Demo. Target moved up with the rating unchanged.,true,Price target moved more than 25%.,,computed,horizon-open;controversial;no-source-url,,321
call_0323,demo,graded,theo-marchetti,Theo Marchetti,piper,Piper Sandler,AVGO,Broadcom,2026-03-18,upgrade,underperform,buy,273,370,314.77,,,312.99,405.9,424.52,376.11,,EXIT LIQUIDITY,STRONG,STRONG,STRONG,Not graded yet,Demo. Moved up a notch after the quarter cleared a low bar.,true,Two-notch rating change. Price target moved more than 25%.,,computed,horizon-open;controversial;no-source-url,,322
call_0324,demo,graded,theo-marchetti,Theo Marchetti,piper,Piper Sandler,GOOGL,Alphabet,2026-04-22,downgrade,buy,underperform,332,276,338.9,,,397.55,382.5,367.79,346.93,,EXIT LIQUIDITY,EXIT LIQUIDITY,EXIT LIQUIDITY,WEAK,Not graded yet,Demo. Downgrade reflects slower orders than the prior note assumed.,true,Two-notch rating change.,,computed,horizon-open;controversial;no-source-url,,323
call_0325,demo,graded,theo-marchetti,Theo Marchetti,piper,Piper Sandler,ORCL,Oracle,2026-05-27,target_cut,buy,buy,261,212,190.3,,,200.56,148.02,114.99,144.76,,STRONG,EXIT LIQUIDITY,EXIT LIQUIDITY,EXIT LIQUIDITY,Not graded yet,Demo. Target came down. The rating stayed put.,false,,,computed,horizon-open;no-source-url,,324
call_0326,demo,graded,daniel-cho,Daniel Cho,goldman,Goldman Sachs,GOOGL,Alphabet,2024-02-08,initiate,,buy,,173,144.53,,,142.73,134.13,153.39,167.78,184.26,EXIT LIQUIDITY,EXIT LIQUIDITY,STRONG,STRONG,STRONG,Demo. Initiation note leans on relative valuation versus the coverage group.,false,,,computed,no-source-url,,325
call_0327,demo,graded,daniel-cho,Daniel Cho,goldman,Goldman Sachs,MSFT,Microsoft,2024-03-14,initiate,,hold,,419,417.1,,,412.69,413.85,405.82,433.42,384.05,PROVISIONAL,STRONG,STRONG,STRONG,STRONG,Demo. New coverage. The target assumes margins hold near the last print.,false,,,computed,no-source-url,,326
call_0328,demo,graded,daniel-cho,Daniel Cho,goldman,Goldman Sachs,AVGO,Broadcom,2024-04-18,initiate,,buy,,159,123.18,,,121.19,136.52,178.94,153.1,169.35,EXIT LIQUIDITY,STRONG,STRONG,STRONG,STRONG,Demo. Initiation note leans on relative valuation versus the coverage group.,false,,,computed,no-source-url,,327
call_0329,demo,graded,daniel-cho,Daniel Cho,goldman,Goldman Sachs,AMD,AMD,2024-05-23,initiate,,hold,,159,160.43,,,166.78,161.23,155.87,157.81,110.31,WEAK,STRONG,STRONG,STRONG,WEAK,Demo. Initiation note leans on relative valuation versus the coverage group.,false,,,computed,no-source-url,,328
call_0330,demo,graded,daniel-cho,Daniel Cho,goldman,Goldman Sachs,DIS,Disney,2024-06-27,initiate,,underperform,,90,99.38,,,94.4,87.88,89.69,91.78,120.59,STRONG,STRONG,STRONG,STRONG,WEAK,Demo. Opened coverage with a fresh model and a twelve-month target.,false,,,computed,no-source-url,,329
call_0331,demo,graded,daniel-cho,Daniel Cho,goldman,Goldman Sachs,GOOGL,Alphabet,2024-08-01,downgrade,buy,hold,173,172,169.34,,,159.96,162.03,164.69,173.24,188.47,WEAK,WEAK,STRONG,STRONG,WEAK,Demo. Moved down a notch. The target now sits closer to the base case.,false,,,computed,no-source-url,,330
call_0332,demo,graded,daniel-cho,Daniel Cho,goldman,Goldman Sachs,MSFT,Microsoft,2024-09-05,downgrade,hold,underperform,419,334,402.04,,,431.87,409.59,402.11,431.48,490.96,EXIT LIQUIDITY,EXIT LIQUIDITY,EXIT LIQUIDITY,EXIT LIQUIDITY,EXIT LIQUIDITY,Demo. Moved down a notch. The target now sits closer to the base case.,false,,,computed,no-source-url,,331
call_0333,demo,graded,daniel-cho,Daniel Cho,goldman,Goldman Sachs,AVGO,Broadcom,2024-10-10,target_raise,buy,buy,159,226,182.86,,,168.74,180.84,176.21,226.42,322.82,EXIT LIQUIDITY,EXIT LIQUIDITY,EXIT LIQUIDITY,STRONG,STRONG,Demo. Target moved up with the rating unchanged.,true,Price target moved more than 25%.,,computed,controversial;no-source-url,,332
call_0334,demo,graded,daniel-cho,Daniel Cho,goldman,Goldman Sachs,AMD,AMD,2024-11-14,downgrade,hold,sell,159,110,138.84,,,136.24,126.91,117.32,111.72,246.81,STRONG,STRONG,STRONG,STRONG,EXIT LIQUIDITY,Demo. Cut the rating as the multiple stopped paying for the growth rate.,true,Two-notch rating change. Price target moved more than 25%.,,computed,controversial;no-source-url,,333
call_0335,demo,graded,daniel-cho,Daniel Cho,goldman,Goldman Sachs,DIS,Disney,2024-12-19,downgrade,underperform,sell,90,97,109.31,,,108.77,105.04,108.34,98.44,110.39,EXIT LIQUIDITY,STRONG,WEAK,STRONG,WEAK,Demo. Moved down a notch. The target now sits closer to the base case.,false,,,computed,no-source-url,,334
call_0336,demo,graded,daniel-cho,Daniel Cho,goldman,Goldman Sachs,GOOGL,Alphabet,2025-01-23,downgrade,hold,underperform,172,156,196.82,,,190.48,178.61,166.89,154.62,327.29,STRONG,STRONG,STRONG,STRONG,EXIT LIQUIDITY,Demo. Moved down a notch. The target now sits closer to the base case.,false,,,computed,no-source-url,,335
call_0337,demo,graded,daniel-cho,Daniel Cho,goldman,Goldman Sachs,MSFT,Microsoft,2025-02-27,downgrade,underperform,sell,334,294,387.98,,,374.38,374.4,386.62,452.88,391.15,STRONG,STRONG,EXIT LIQUIDITY,EXIT LIQUIDITY,WEAK,Demo. Downgrade reflects slower orders than the prior note assumed.,false,,,computed,no-source-url,,336
call_0338,demo,graded,daniel-cho,Daniel Cho,goldman,Goldman Sachs,AVGO,Broadcom,2025-04-03,upgrade,buy,strong_buy,226,236,152.53,,,169.35,201.68,246.32,267.94,314.05,STRONG,STRONG,STRONG,STRONG,STRONG,Demo. Upgrade cites a cleaner setup into the next two prints.,false,,,computed,no-source-url,,337
call_0339,demo,graded,daniel-cho,Daniel Cho,goldman,Goldman Sachs,AMD,AMD,2025-05-08,upgrade,sell,buy,110,157,101.7,,,110.71,116.19,134.8,163.12,455.19,STRONG,STRONG,STRONG,STRONG,STRONG,Demo. Moved up a notch after the quarter cleared a low bar.,true,Two-notch rating change. Price target moved more than 25%.,,computed,controversial;no-source-url,,338
call_0340,demo,graded,daniel-cho,Daniel Cho,goldman,Goldman Sachs,DIS,Disney,2025-06-12,upgrade,sell,buy,97,145,116.42,,,119.73,118.16,110.94,114.14,99.28,STRONG,WEAK,EXIT LIQUIDITY,EXIT LIQUIDITY,EXIT LIQUIDITY,Demo. Moved up a notch after the quarter cleared a low bar.,true,Two-notch rating change. Price target moved more than 25%.,,computed,controversial;no-source-url,,339
call_0341,demo,graded,daniel-cho,Daniel Cho,goldman,Goldman Sachs,GOOGL,Alphabet,2025-07-17,upgrade,underperform,buy,156,245,182.94,,,191.23,203.19,250.96,250.38,346.55,STRONG,STRONG,STRONG,STRONG,STRONG,Demo. Upgrade cites a cleaner setup into the next two prints.,true,Two-notch rating change. Price target moved more than 25%.,,computed,controversial;no-source-url,,340
call_0342,demo,graded,daniel-cho,Daniel Cho,goldman,Goldman Sachs,MSFT,Microsoft,2025-08-21,upgrade,sell,hold,294,477,500.13,,,503.82,513.7,512.57,483.14,483.24,STRONG,WEAK,STRONG,STRONG,STRONG,Demo. Upgrade cites a cleaner setup into the next two prints.,true,Two-notch rating change. Price target moved more than 25%.,,computed,controversial;no-source-url,,341
call_0343,demo,graded,daniel-cho,Daniel Cho,goldman,Goldman Sachs,AVGO,Broadcom,2025-09-25,downgrade,strong_buy,hold,236,357,334.23,,,343.1,352.16,375.85,348.93,,WEAK,WEAK,WEAK,STRONG,Not graded yet,Demo. Cut the rating as the multiple stopped paying for the growth rate.,true,Two-notch rating change. Price target moved more than 25%.,,computed,horizon-open;controversial;no-source-url,,342
call_0344,demo,graded,daniel-cho,Daniel Cho,goldman,Goldman Sachs,AMD,AMD,2025-10-30,downgrade,buy,hold,157,249,254.84,,,247.96,217.53,215.61,252.74,,WEAK,EXIT LIQUIDITY,WEAK,STRONG,Not graded yet,Demo. Moved down a notch. The target now sits closer to the base case.,true,Price target moved more than 25%.,,computed,horizon-open;controversial;no-source-url,,343
call_0345,demo,graded,daniel-cho,Daniel Cho,goldman,Goldman Sachs,DIS,Disney,2025-12-04,downgrade,buy,hold,145,99,103.96,,,111.02,111,103.66,102.26,,EXIT LIQUIDITY,WEAK,STRONG,STRONG,Not graded yet,Demo. Cut the rating as the multiple stopped paying for the growth rate.,true,Price target moved more than 25%.,,computed,horizon-open;controversial;no-source-url,,344
call_0346,demo,graded,daniel-cho,Daniel Cho,goldman,Goldman Sachs,GOOGL,Alphabet,2026-01-08,downgrade,buy,hold,245,318,324.81,,,329.9,322.23,305.98,316.93,,WEAK,STRONG,WEAK,STRONG,Not graded yet,Demo. Cut the rating as the multiple stopped paying for the growth rate.,true,Price target moved more than 25%.,,computed,horizon-open;controversial;no-source-url,,345
call_0347,demo,graded,daniel-cho,Daniel Cho,goldman,Goldman Sachs,MSFT,Microsoft,2026-02-12,target_cut,hold,hold,477,407,399.31,,,400.1,393.95,382.82,403.57,,STRONG,STRONG,PROVISIONAL,STRONG,Not graded yet,Demo. Target came down. The rating stayed put.,false,,,computed,horizon-open;no-source-url,,346
call_0348,demo,graded,daniel-cho,Daniel Cho,goldman,Goldman Sachs,AVGO,Broadcom,2026-03-19,target_cut,hold,hold,357,321,318.67,,,314.05,405.9,420.05,392.28,,WEAK,EXIT LIQUIDITY,EXIT LIQUIDITY,EXIT LIQUIDITY,Not graded yet,Demo. Target came down. The rating stayed put.,false,,,computed,horizon-open;no-source-url,,347
call_0349,demo,graded,daniel-cho,Daniel Cho,goldman,Goldman Sachs,AMD,AMD,2026-04-23,upgrade,hold,buy,249,473,305.33,,,408.46,467.51,551.63,552.33,,STRONG,STRONG,STRONG,STRONG,Not graded yet,Demo. Moved up a notch after the quarter cleared a low bar.,true,Price target moved more than 25%.,,computed,horizon-open;controversial;no-source-url,,348
call_0350,demo,graded,daniel-cho,Daniel Cho,goldman,Goldman Sachs,DIS,Disney,2026-05-28,upgrade,hold,buy,99,110,102.94,,,99.58,98.04,96.65,109.63,,EXIT LIQUIDITY,WEAK,WEAK,STRONG,Not graded yet,Demo. Moved up a notch after the quarter cleared a low bar.,false,,,computed,horizon-open;no-source-url,,349
call_0351,demo,graded,sophie-laurent,Sophie Laurent,goldman,Goldman Sachs,GS,Goldman Sachs Group,2024-02-09,initiate,,underperform,,266,362.36,,,368.77,367.52,390.05,432.65,633.51,EXIT LIQUIDITY,EXIT LIQUIDITY,EXIT LIQUIDITY,EXIT LIQUIDITY,EXIT LIQUIDITY,Demo. New coverage. The target assumes margins hold near the last print.,false,,,computed,no-source-url,,350
call_0352,demo,graded,sophie-laurent,Sophie Laurent,goldman,Goldman Sachs,MA,Mastercard,2024-03-15,initiate,,buy,,583,468.83,,,474.49,459.17,448.14,439.06,522.83,STRONG,EXIT LIQUIDITY,EXIT LIQUIDITY,EXIT LIQUIDITY,STRONG,Demo. Initiation note leans on relative valuation versus the coverage group.,false,,,computed,no-source-url,,351
call_0353,demo,graded,sophie-laurent,Sophie Laurent,goldman,Goldman Sachs,V,Visa,2024-04-19,initiate,,underperform,,196,264.75,,,263.49,275.39,269.02,264.62,325.88,EXIT LIQUIDITY,EXIT LIQUIDITY,EXIT LIQUIDITY,EXIT LIQUIDITY,EXIT LIQUIDITY,Demo. Opened coverage with a fresh model and a twelve-month target.,false,,,computed,no-source-url,,352
call_0354,demo,graded,sophie-laurent,Sophie Laurent,goldman,Goldman Sachs,BAC,Bank of America,2024-05-24,initiate,,hold,,38,37.5,,,37.81,37.53,40.31,37.29,41.82,STRONG,STRONG,WEAK,STRONG,WEAK,Demo. Opened coverage with a fresh model and a twelve-month target.,false,,,computed,no-source-url,,353
call_0355,demo,graded,sophie-laurent,Sophie Laurent,goldman,Goldman Sachs,JPM,JPMorgan Chase,2024-06-28,initiate,,buy,,219,193.03,,,196.68,203.68,211.3,201.32,280.37,STRONG,STRONG,STRONG,PROVISIONAL,STRONG,Demo. Initiation note leans on relative valuation versus the coverage group.,false,,,computed,no-source-url,,354
call_0356,demo,graded,sophie-laurent,Sophie Laurent,goldman,Goldman Sachs,GS,Goldman Sachs Group,2024-08-02,upgrade,underperform,buy,266,499,449.67,,,481.79,490.4,471.1,497.65,692.18,STRONG,STRONG,STRONG,STRONG,STRONG,Demo. Upgrade cites a cleaner setup into the next two prints.,true,Two-notch rating change. Price target moved more than 25%.,,computed,controversial;no-source-url,,355
call_0357,demo,graded,sophie-laurent,Sophie Laurent,goldman,Goldman Sachs,MA,Mastercard,2024-09-06,target_cut,buy,buy,583,511,470.46,,,486.89,491.79,500.22,519.23,580.6,STRONG,STRONG,STRONG,STRONG,STRONG,Demo. Target came down. The rating stayed put.,false,,,computed,no-source-url,,356
call_0358,demo,graded,sophie-laurent,Sophie Laurent,goldman,Goldman Sachs,V,Visa,2024-10-11,upgrade,underperform,buy,196,302,273.71,,,277.55,303.3,308.33,308.54,340.92,STRONG,STRONG,STRONG,STRONG,STRONG,Demo. Moved up a notch after the quarter cleared a low bar.,true,Two-notch rating change. Price target moved more than 25%.,,computed,controversial;no-source-url,,357
call_0359,demo,graded,sophie-laurent,Sophie Laurent,goldman,Goldman Sachs,BAC,Bank of America,2024-11-15,upgrade,hold,buy,38,52.5,44.72,,,45.45,43.93,44.04,44.57,51.51,STRONG,EXIT LIQUIDITY,EXIT LIQUIDITY,WEAK,STRONG,Demo. Rating change follows a round of channel checks that ran ahead of the model.,true,Price target moved more than 25%.,,computed,controversial;no-source-url,,358
call_0360,demo,graded,sophie-laurent,Sophie Laurent,goldman,Goldman Sachs,JPM,JPMorgan Chase,2024-12-20,downgrade,buy,sell,219,174,229.42,,,234.9,251.53,271.7,231.97,312.77,EXIT LIQUIDITY,EXIT LIQUIDITY,EXIT LIQUIDITY,EXIT LIQUIDITY,EXIT LIQUIDITY,Demo. Cut the rating as the multiple stopped paying for the growth rate.,true,Two-notch rating change.,,computed,controversial;no-source-url,,359
call_0361,demo,graded,sophie-laurent,Sophie Laurent,goldman,Goldman Sachs,GS,Goldman Sachs Group,2025-01-24,downgrade,buy,hold,499,600,615.16,,,633.51,604.24,568.74,529.36,905.62,WEAK,STRONG,WEAK,WEAK,EXIT LIQUIDITY,Demo. Downgrade reflects slower orders than the prior note assumed.,false,,,computed,no-source-url,,360
call_0362,demo,graded,sophie-laurent,Sophie Laurent,goldman,Goldman Sachs,MA,Mastercard,2025-02-28,downgrade,buy,hold,511,579,571.06,,,522.83,535.69,535.61,573.43,515.46,EXIT LIQUIDITY,WEAK,WEAK,STRONG,PROVISIONAL,Demo. Moved down a notch. The target now sits closer to the base case.,false,,,computed,no-source-url,,361
call_0363,demo,graded,sophie-laurent,Sophie Laurent,goldman,Goldman Sachs,V,Visa,2025-04-04,target_raise,buy,buy,302,362,309.59,,,325.88,343.67,362.32,355.39,299.62,STRONG,STRONG,STRONG,STRONG,WEAK,Demo. Target moved up with the rating unchanged.,false,,,computed,no-source-url,,362
call_0364,demo,graded,sophie-laurent,Sophie Laurent,goldman,Goldman Sachs,BAC,Bank of America,2025-05-09,downgrade,buy,sell,52.5,29.5,40.45,,,41.82,43.79,45.91,43.74,50.79,EXIT LIQUIDITY,EXIT LIQUIDITY,EXIT LIQUIDITY,EXIT LIQUIDITY,EXIT LIQUIDITY,Demo. Cut the rating as the multiple stopped paying for the growth rate.,true,Two-notch rating change. Price target moved more than 25%.,,computed,controversial;no-source-url,,363
call_0365,demo,graded,sophie-laurent,Sophie Laurent,goldman,Goldman Sachs,JPM,JPMorgan Chase,2025-06-13,upgrade,sell,buy,174,290,258.73,,,280.37,281.48,287.35,299.82,319.28,STRONG,STRONG,STRONG,STRONG,STRONG,Demo. Moved up a notch after the quarter cleared a low bar.,true,Two-notch rating change. Price target moved more than 25%.,,computed,controversial;no-source-url,,364
call_0366,demo,graded,sophie-laurent,Sophie Laurent,goldman,Goldman Sachs,GS,Goldman Sachs Group,2025-07-18,upgrade,hold,strong_buy,600,741,690.9,,,692.18,712.81,770.38,743.47,1060.03,WEAK,STRONG,STRONG,STRONG,STRONG,Demo. Upgrade cites a cleaner setup into the next two prints.,true,Two-notch rating change.,,computed,controversial;no-source-url,,365
call_0367,demo,graded,sophie-laurent,Sophie Laurent,goldman,Goldman Sachs,MA,Mastercard,2025-08-22,downgrade,hold,sell,579,514,595.25,,,580.6,580.54,569.24,525.3,580.63,STRONG,STRONG,STRONG,STRONG,WEAK,Demo. Cut the rating as the multiple stopped paying for the growth rate.,true,Two-notch rating change.,,computed,controversial;no-source-url,,366
call_0368,demo,graded,sophie-laurent,Sophie Laurent,goldman,Goldman Sachs,V,Visa,2025-09-26,reiterate,buy,buy,362,360,334.69,,,340.92,344.62,332.53,353.02,,STRONG,STRONG,WEAK,STRONG,Not graded yet,Demo. Same rating. The target was refreshed for the latest share count.,false,,,computed,horizon-open;no-source-url,,367
call_0369,demo,graded,sophie-laurent,Sophie Laurent,goldman,Goldman Sachs,BAC,Bank of America,2025-10-31,upgrade,sell,underperform,29.5,43.5,52.33,,,51.51,52.53,54.41,52.24,,STRONG,EXIT LIQUIDITY,EXIT LIQUIDITY,WEAK,Not graded yet,Demo. Moved up a notch after the quarter cleared a low bar.,true,Price target moved more than 25%.,,computed,horizon-open;controversial;no-source-url,,368
call_0370,demo,graded,sophie-laurent,Sophie Laurent,goldman,Goldman Sachs,JPM,JPMorgan Chase,2025-12-05,downgrade,buy,hold,290,312,310.63,,,312.77,320.92,311.84,290.75,,STRONG,WEAK,STRONG,PROVISIONAL,Not graded yet,Demo. Cut the rating as the multiple stopped paying for the growth rate.,false,,,computed,horizon-open;no-source-url,,369
call_0371,demo,graded,sophie-laurent,Sophie Laurent,goldman,Goldman Sachs,GS,Goldman Sachs Group,2026-01-09,downgrade,strong_buy,hold,741,916,925.43,,,905.62,915.35,826.11,895.37,,WEAK,STRONG,WEAK,STRONG,Not graded yet,Demo. Moved down a notch. The target now sits closer to the base case.,true,Two-notch rating change.,,computed,horizon-open;controversial;no-source-url,,370
call_0372,demo,graded,sophie-laurent,Sophie Laurent,goldman,Goldman Sachs,MA,Mastercard,2026-02-13,upgrade,sell,underperform,514,498,516.6,,,515.46,496.3,512.3,489.12,,WEAK,STRONG,WEAK,STRONG,Not graded yet,Demo. Moved up a notch after the quarter cleared a low bar.,false,,,computed,horizon-open;no-source-url,,371
call_0373,demo,graded,sophie-laurent,Sophie Laurent,goldman,Goldman Sachs,V,Visa,2026-03-20,downgrade,buy,sell,360,235,300.44,,,299.62,315.78,329.3,326.63,,EXIT LIQUIDITY,EXIT LIQUIDITY,EXIT LIQUIDITY,EXIT LIQUIDITY,Not graded yet,Demo. Moved down a notch. The target now sits closer to the base case.,true,Two-notch rating change. Price target moved more than 25%.,,computed,horizon-open;controversial;no-source-url,,372
call_0374,demo,graded,sophie-laurent,Sophie Laurent,goldman,Goldman Sachs,BAC,Bank of America,2026-04-24,upgrade,underperform,buy,43.5,62.5,51.52,,,50.79,51.27,57.62,60.97,,EXIT LIQUIDITY,EXIT LIQUIDITY,STRONG,STRONG,Not graded yet,Demo. Upgrade cites a cleaner setup into the next two prints.,true,Two-notch rating change. Price target moved more than 25%.,,computed,horizon-open;controversial;no-source-url,,373
call_0375,demo,graded,sophie-laurent,Sophie Laurent,goldman,Goldman Sachs,JPM,JPMorgan Chase,2026-05-29,downgrade,hold,sell,312,240,297.97,,,319.28,327.57,357.31,354.22,,EXIT LIQUIDITY,EXIT LIQUIDITY,EXIT LIQUIDITY,EXIT LIQUIDITY,Not graded yet,Demo. Moved down a notch. The target now sits closer to the base case.,true,Two-notch rating change.,,computed,horizon-open;controversial;no-source-url,,374
call_0376,demo,graded,andrej-petrov,Andrej Petrov,goldman,Goldman Sachs,XOM,Exxon Mobil,2024-02-10,initiate,,underperform,,76,93.06,,,95.84,100.62,112.78,108.87,102.97,EXIT LIQUIDITY,EXIT LIQUIDITY,EXIT LIQUIDITY,EXIT LIQUIDITY,WEAK,Demo. New coverage. The target assumes margins hold near the last print.,false,,,computed,no-source-url,,375
call_0377,demo,graded,andrej-petrov,Andrej Petrov,goldman,Goldman Sachs,CVX,Chevron,2024-03-16,initiate,,buy,,167,140.16,,,142.13,142,146.92,138.86,147.61,STRONG,WEAK,STRONG,WEAK,PROVISIONAL,Demo. Initiation note leans on relative valuation versus the coverage group.,false,,,computed,no-source-url,,376
call_0378,demo,graded,andrej-petrov,Andrej Petrov,goldman,Goldman Sachs,COP,ConocoPhillips,2024-04-20,initiate,,underperform,,107,119.87,,,113.25,112.72,102.01,106.62,84.83,STRONG,STRONG,STRONG,STRONG,STRONG,Demo. Initiation note leans on relative valuation versus the coverage group.,false,,,computed,no-source-url,,377
call_0379,demo,graded,andrej-petrov,Andrej Petrov,goldman,Goldman Sachs,XOM,Exxon Mobil,2024-05-25,upgrade,underperform,hold,76,109,105.53,,,104.91,106.12,107.01,109.1,99.2,STRONG,STRONG,STRONG,STRONG,STRONG,Demo. Upgrade cites a cleaner setup into the next two prints.,true,Price target moved more than 25%.,,computed,controversial;no-source-url,,378
call_0380,demo,graded,andrej-petrov,Andrej Petrov,goldman,Goldman Sachs,CVX,Chevron,2024-06-29,reiterate,buy,buy,167,163,142.37,,,141.61,142.53,134.37,133.9,136.82,EXIT LIQUIDITY,EXIT LIQUIDITY,EXIT LIQUIDITY,WEAK,WEAK,Demo. Reiterated. No change to the rating after the update.,false,,,computed,no-source-url,,379
call_0381,demo,graded,andrej-petrov,Andrej Petrov,goldman,Goldman Sachs,COP,ConocoPhillips,2024-08-03,upgrade,underperform,hold,107,100,98.62,,,104.42,106.87,103.65,101.28,89.19,WEAK,WEAK,PROVISIONAL,STRONG,PROVISIONAL,Demo. Moved up a notch after the quarter cleared a low bar.,false,,,computed,no-source-url,,380
call_0382,demo,graded,andrej-petrov,Andrej Petrov,goldman,Goldman Sachs,XOM,Exxon Mobil,2024-09-07,reiterate,hold,hold,109,109,105.65,,,108.11,117.59,113.49,107.39,106.15,WEAK,WEAK,WEAK,STRONG,STRONG,Demo. Same rating. The target was refreshed for the latest share count.,false,,,computed,no-source-url,,381
call_0383,demo,graded,andrej-petrov,Andrej Petrov,goldman,Goldman Sachs,CVX,Chevron,2024-10-12,downgrade,buy,hold,163,146,139.36,,,138.8,144.03,145.23,142.38,143.26,STRONG,WEAK,PROVISIONAL,STRONG,STRONG,Demo. Moved down a notch. The target now sits closer to the base case.,false,,,computed,no-source-url,,382
call_0384,demo,graded,andrej-petrov,Andrej Petrov,goldman,Goldman Sachs,COP,ConocoPhillips,2024-11-16,downgrade,hold,sell,100,89,106.22,,,102.46,94.17,99.75,91.77,88.58,STRONG,STRONG,STRONG,STRONG,STRONG,Demo. Cut the rating as the multiple stopped paying for the growth rate.,true,Two-notch rating change.,,computed,controversial;no-source-url,,383
call_0385,demo,graded,andrej-petrov,Andrej Petrov,goldman,Goldman Sachs,XOM,Exxon Mobil,2024-12-21,upgrade,hold,buy,109,114,100.11,,,102,106.21,105.24,110.2,114.4,STRONG,STRONG,STRONG,STRONG,STRONG,Demo. Upgrade cites a cleaner setup into the next two prints.,false,,,computed,no-source-url,,384
call_0386,demo,graded,andrej-petrov,Andrej Petrov,goldman,Goldman Sachs,CVX,Chevron,2025-01-25,downgrade,hold,underperform,146,133,144.71,,,141.9,148.42,157.9,130.41,162.19,STRONG,WEAK,EXIT LIQUIDITY,STRONG,WEAK,Demo. Moved down a notch. The target now sits closer to the base case.,false,,,computed,no-source-url,,385
call_0387,demo,graded,andrej-petrov,Andrej Petrov,goldman,Goldman Sachs,COP,ConocoPhillips,2025-03-01,upgrade,sell,underperform,89,84,94.53,,,94.34,100.13,84.97,82.06,111.88,EXIT LIQUIDITY,EXIT LIQUIDITY,STRONG,STRONG,WEAK,Demo. Moved up a notch after the quarter cleared a low bar.,false,,,computed,no-source-url,,386
call_0388,demo,graded,andrej-petrov,Andrej Petrov,goldman,Goldman Sachs,XOM,Exxon Mobil,2025-04-05,target_cut,buy,buy,114,110,99.55,,,102.01,98.53,98.5,108.03,158.58,STRONG,WEAK,WEAK,STRONG,STRONG,Demo. Target came down. The rating stayed put.,false,,,computed,no-source-url,,387
call_0389,demo,graded,andrej-petrov,Andrej Petrov,goldman,Goldman Sachs,CVX,Chevron,2025-05-10,upgrade,underperform,buy,133,143,130.19,,,129.92,133.93,145.6,147.49,178.41,EXIT LIQUIDITY,STRONG,STRONG,STRONG,STRONG,Demo. Upgrade cites a cleaner setup into the next two prints.,true,Two-notch rating change.,,computed,controversial;no-source-url,,388
call_0390,demo,graded,andrej-petrov,Andrej Petrov,goldman,Goldman Sachs,COP,ConocoPhillips,2025-06-14,upgrade,underperform,hold,84,93,93.23,,,86.7,90.54,92.19,89.61,116.2,WEAK,WEAK,STRONG,STRONG,WEAK,Demo. Moved up a notch after the quarter cleared a low bar.,false,,,computed,no-source-url,,389
call_0391,demo,graded,andrej-petrov,Andrej Petrov,goldman,Goldman Sachs,XOM,Exxon Mobil,2025-07-19,reiterate,buy,buy,110,109,103.77,,,105.57,103.71,112.04,109.08,146.41,STRONG,WEAK,STRONG,STRONG,STRONG,Demo. Reiterated. No change to the rating after the update.,false,,,computed,no-source-url,,390
call_0392,demo,graded,andrej-petrov,Andrej Petrov,goldman,Goldman Sachs,CVX,Chevron,2025-08-23,downgrade,buy,hold,143,143,152.18,,,147.83,150.13,149.67,145.91,205.27,WEAK,STRONG,STRONG,STRONG,EXIT LIQUIDITY,Demo. Cut the rating as the multiple stopped paying for the growth rate.,false,,,computed,no-source-url,,391
call_0393,demo,graded,andrej-petrov,Andrej Petrov,goldman,Goldman Sachs,COP,ConocoPhillips,2025-09-27,downgrade,hold,sell,93,89,95.47,,,84.96,85.98,85.21,89.57,,STRONG,STRONG,STRONG,STRONG,Not graded yet,Demo. Downgrade reflects slower orders than the prior note assumed.,true,Two-notch rating change.,,computed,horizon-open;controversial;no-source-url,,392
call_0394,demo,graded,andrej-petrov,Andrej Petrov,goldman,Goldman Sachs,XOM,Exxon Mobil,2025-11-01,downgrade,buy,underperform,109,83,111.14,,,116.94,114.34,117.97,138.62,,EXIT LIQUIDITY,EXIT LIQUIDITY,EXIT LIQUIDITY,EXIT LIQUIDITY,Not graded yet,Demo. Downgrade reflects slower orders than the prior note assumed.,true,Two-notch rating change.,,computed,horizon-open;controversial;no-source-url,,393
call_0395,demo,graded,andrej-petrov,Andrej Petrov,goldman,Goldman Sachs,CVX,Chevron,2025-12-06,reiterate,hold,hold,143,142,145.93,,,143.74,159.4,176.31,186.59,,WEAK,WEAK,EXIT LIQUIDITY,EXIT LIQUIDITY,Not graded yet,Demo. Reiterated. No change to the rating after the update.,false,,,computed,horizon-open;no-source-url,,394
call_0396,demo,graded,andrej-petrov,Andrej Petrov,goldman,Goldman Sachs,COP,ConocoPhillips,2026-01-10,upgrade,sell,buy,89,118,95.41,,,96.23,106.36,115.4,120.84,,WEAK,STRONG,STRONG,STRONG,Not graded yet,Demo. Rating change follows a round of channel checks that ran ahead of the model.,true,Two-notch rating change. Price target moved more than 25%.,,computed,horizon-open;controversial;no-source-url,,395
call_0397,demo,graded,andrej-petrov,Andrej Petrov,goldman,Goldman Sachs,XOM,Exxon Mobil,2026-02-14,upgrade,underperform,hold,83,144,146.5,,,150.5,155.17,147.05,156.9,,WEAK,WEAK,STRONG,WEAK,Not graded yet,Demo. Moved up a notch after the quarter cleared a low bar.,true,Price target moved more than 25%.,,computed,horizon-open;controversial;no-source-url,,396
call_0398,demo,graded,andrej-petrov,Andrej Petrov,goldman,Goldman Sachs,CVX,Chevron,2026-03-21,downgrade,hold,underperform,142,170,198.17,,,195.46,180.02,189.67,172.13,,STRONG,STRONG,STRONG,STRONG,Not graded yet,Demo. Downgrade reflects slower orders than the prior note assumed.,false,,,computed,horizon-open;no-source-url,,397
call_0399,demo,graded,andrej-petrov,Andrej Petrov,goldman,Goldman Sachs,COP,ConocoPhillips,2026-04-25,downgrade,buy,hold,118,120,120.06,,,112.28,119.66,106.21,119.46,,WEAK,STRONG,WEAK,STRONG,Not graded yet,Demo. Moved down a notch. The target now sits closer to the base case.,false,,,computed,horizon-open;no-source-url,,398
call_0400,demo,graded,andrej-petrov,Andrej Petrov,goldman,Goldman Sachs,XOM,Exxon Mobil,2026-05-30,reiterate,hold,hold,144,146,144.33,,,146.06,135.18,155.74,156.71,,PROVISIONAL,WEAK,WEAK,WEAK,Not graded yet,Demo. Reiterated. No change to the rating after the update.,false,,,computed,horizon-open;no-source-url,,399
call_0401,demo,graded,camille-brooks,Camille Brooks,morgan-stanley,Morgan Stanley,DIS,Disney,2024-02-11,initiate,,hold,,107,105.43,,,104.8,109.39,113.95,102.9,107.26,STRONG,WEAK,WEAK,STRONG,STRONG,Demo. New coverage. The target assumes margins hold near the last print.,false,,,computed,no-source-url,,400
call_0402,demo,graded,camille-brooks,Camille Brooks,morgan-stanley,Morgan Stanley,AMD,AMD,2024-03-17,initiate,,hold,,189,191.06,,,180.49,163.46,162.62,159.63,104.59,WEAK,EXIT LIQUIDITY,WEAK,WEAK,EXIT LIQUIDITY,Demo. Initiation note leans on relative valuation versus the coverage group.,false,,,computed,no-source-url,,401
call_0403,demo,graded,camille-brooks,Camille Brooks,morgan-stanley,Morgan Stanley,MSFT,Microsoft,2024-04-21,initiate,,buy,,428,391.5,,,398.9,421.61,437.98,429.54,354.95,STRONG,STRONG,STRONG,STRONG,WEAK,Demo. New coverage. The target assumes margins hold near the last print.,false,,,computed,no-source-url,,402
call_0404,demo,graded,camille-brooks,Camille Brooks,morgan-stanley,Morgan Stanley,AMZN,Amazon,2024-05-26,initiate,,hold,,182,180.75,,,184.3,186.34,179.85,177.04,200.99,WEAK,WEAK,STRONG,STRONG,WEAK,Demo. Initiation note leans on relative valuation versus the coverage group.,false,,,computed,no-source-url,,403
call_0405,demo,graded,camille-brooks,Camille Brooks,morgan-stanley,Morgan Stanley,AVGO,Broadcom,2024-06-30,initiate,,hold,,161,157.59,,,166.93,140.87,154.03,170.06,273.64,WEAK,EXIT LIQUIDITY,STRONG,WEAK,EXIT LIQUIDITY,Demo. Opened coverage with a fresh model and a twelve-month target.,false,,,computed,no-source-url,,404
call_0406,demo,graded,camille-brooks,Camille Brooks,morgan-stanley,Morgan Stanley,DIS,Disney,2024-08-04,upgrade,hold,strong_buy,107,91,87.53,,,87.26,87.1,91.5,93.63,117.65,WEAK,WEAK,STRONG,STRONG,STRONG,Demo. Moved up a notch after the quarter cleared a low bar.,true,Two-notch rating change.,,computed,controversial;no-source-url,,405
call_0407,demo,graded,camille-brooks,Camille Brooks,morgan-stanley,Morgan Stanley,AMD,AMD,2024-09-08,upgrade,hold,buy,189,166,134.35,,,155.95,172.8,149.82,138.59,151.41,STRONG,STRONG,STRONG,WEAK,STRONG,Demo. Upgrade cites a cleaner setup into the next two prints.,false,,,computed,no-source-url,,406
call_0408,demo,graded,camille-brooks,Camille Brooks,morgan-stanley,Morgan Stanley,MSFT,Microsoft,2024-10-13,downgrade,buy,sell,428,310,409.85,,,421.49,416.45,443.45,413.26,509.86,EXIT LIQUIDITY,EXIT LIQUIDITY,EXIT LIQUIDITY,EXIT LIQUIDITY,EXIT LIQUIDITY,Demo. Downgrade reflects slower orders than the prior note assumed.,true,Two-notch rating change. Price target moved more than 25%.,,computed,controversial;no-source-url,,407
call_0409,demo,graded,camille-brooks,Camille Brooks,morgan-stanley,Morgan Stanley,AMZN,Amazon,2024-11-17,target_raise,hold,hold,182,201,202.61,,,207.89,231.15,220.66,228.68,232.87,WEAK,EXIT LIQUIDITY,WEAK,WEAK,WEAK,Demo. Target moved up with the rating unchanged.,false,,,computed,no-source-url,,408
call_0410,demo,graded,camille-brooks,Camille Brooks,morgan-stanley,Morgan Stanley,AVGO,Broadcom,2024-12-22,upgrade,hold,buy,161,252,217.43,,,229.62,237.28,223.88,189.82,340.2,STRONG,STRONG,PROVISIONAL,EXIT LIQUIDITY,STRONG,Demo. Upgrade cites a cleaner setup into the next two prints.,true,Price target moved more than 25%.,,computed,controversial;no-source-url,,409
call_0411,demo,graded,camille-brooks,Camille Brooks,morgan-stanley,Morgan Stanley,DIS,Disney,2025-01-26,downgrade,strong_buy,hold,91,108,110.09,,,108.81,108.49,98.6,88.61,110.46,PROVISIONAL,STRONG,WEAK,WEAK,STRONG,Demo. Cut the rating as the multiple stopped paying for the growth rate.,true,Two-notch rating change.,,computed,controversial;no-source-url,,410
call_0412,demo,graded,camille-brooks,Camille Brooks,morgan-stanley,Morgan Stanley,AMD,AMD,2025-03-02,target_cut,buy,buy,166,109,99.86,,,100.97,102.78,96.65,110.73,198.62,STRONG,STRONG,WEAK,STRONG,STRONG,Demo. Cut the target to reflect a lower multiple versus the group.,true,Price target moved more than 25%.,,computed,controversial;no-source-url,,411
call_0413,demo,graded,camille-brooks,Camille Brooks,morgan-stanley,Morgan Stanley,MSFT,Microsoft,2025-04-06,upgrade,sell,buy,310,500,355.66,,,363.51,428.28,463.1,493.96,371.38,STRONG,STRONG,STRONG,STRONG,WEAK,Demo. Rating change follows a round of channel checks that ran ahead of the model.,true,Two-notch rating change. Price target moved more than 25%.,,computed,controversial;no-source-url,,412
call_0414,demo,graded,camille-brooks,Camille Brooks,morgan-stanley,Morgan Stanley,AMZN,Amazon,2025-05-11,target_cut,hold,hold,201,193,193.06,,,200.99,217.61,222.26,222.69,268.99,WEAK,EXIT LIQUIDITY,WEAK,WEAK,EXIT LIQUIDITY,Demo. Target came down. The rating stayed put.,false,,,computed,no-source-url,,413
call_0415,demo,graded,camille-brooks,Camille Brooks,morgan-stanley,Morgan Stanley,AVGO,Broadcom,2025-06-15,downgrade,buy,sell,252,194,246.31,,,267.39,278.9,308.97,357.25,393.32,EXIT LIQUIDITY,EXIT LIQUIDITY,EXIT LIQUIDITY,EXIT LIQUIDITY,EXIT LIQUIDITY,Demo. Moved down a notch. The target now sits closer to the base case.,true,Two-notch rating change.,,computed,controversial;no-source-url,,414
call_0416,demo,graded,camille-brooks,Camille Brooks,morgan-stanley,Morgan Stanley,DIS,Disney,2025-07-20,target_raise,hold,hold,108,121,119.69,,,114.93,114.61,113.22,109.09,96.41,WEAK,WEAK,WEAK,WEAK,WEAK,Demo. Raised the target on a higher out-year margin assumption.,false,,,computed,no-source-url,,415
call_0417,demo,graded,camille-brooks,Camille Brooks,morgan-stanley,Morgan Stanley,AMD,AMD,2025-08-24,target_raise,buy,buy,109,196,167.76,,,151.14,160.9,234.99,203.78,456.75,EXIT LIQUIDITY,EXIT LIQUIDITY,STRONG,STRONG,STRONG,Demo. Raised the target on a higher out-year margin assumption.,true,Price target moved more than 25%.,,computed,controversial;no-source-url,,416
call_0418,demo,graded,camille-brooks,Camille Brooks,morgan-stanley,Morgan Stanley,MSFT,Microsoft,2025-09-28,downgrade,buy,hold,500,493,507.29,,,506.79,537.65,482.44,484.64,,STRONG,WEAK,PROVISIONAL,STRONG,Not graded yet,Demo. Cut the rating as the multiple stopped paying for the growth rate.,false,,,computed,horizon-open;no-source-url,,417
call_0419,demo,graded,camille-brooks,Camille Brooks,morgan-stanley,Morgan Stanley,AMZN,Amazon,2025-11-02,upgrade,hold,strong_buy,193,284,244.22,,,234.69,234.42,230.82,239.3,,EXIT LIQUIDITY,EXIT LIQUIDITY,EXIT LIQUIDITY,WEAK,Not graded yet,Demo. Moved up a notch after the quarter cleared a low bar.,true,Two-notch rating change. Price target moved more than 25%.,,computed,horizon-open;controversial;no-source-url,,418
call_0420,demo,graded,camille-brooks,Camille Brooks,morgan-stanley,Morgan Stanley,AVGO,Broadcom,2025-12-07,upgrade,sell,buy,194,485,388.07,,,338.46,342.51,309.37,329.27,,EXIT LIQUIDITY,EXIT LIQUIDITY,EXIT LIQUIDITY,EXIT LIQUIDITY,Not graded yet,Demo. Rating change follows a round of channel checks that ran ahead of the model.,true,Two-notch rating change. Price target moved more than 25%.,,computed,horizon-open;controversial;no-source-url,,419
call_0421,demo,graded,camille-brooks,Camille Brooks,morgan-stanley,Morgan Stanley,DIS,Disney,2026-01-11,downgrade,hold,underperform,121,97,115,,,110.14,109.12,98.67,98.42,,STRONG,STRONG,STRONG,STRONG,Not graded yet,Demo. Moved down a notch. The target now sits closer to the base case.,false,,,computed,horizon-open;no-source-url,,420
call_0422,demo,graded,camille-brooks,Camille Brooks,morgan-stanley,Morgan Stanley,AMD,AMD,2026-02-15,target_raise,buy,buy,196,321,207.32,,,200.21,196.31,278.26,424.1,,EXIT LIQUIDITY,EXIT LIQUIDITY,STRONG,STRONG,Not graded yet,Demo. Target moved up with the rating unchanged.,true,Price target moved more than 25%.,,computed,horizon-open;controversial;no-source-url,,421
call_0423,demo,graded,camille-brooks,Camille Brooks,morgan-stanley,Morgan Stanley,MSFT,Microsoft,2026-03-22,target_cut,hold,hold,493,377,380.33,,,371.95,422.45,418.3,378.69,,WEAK,WEAK,WEAK,STRONG,Not graded yet,Demo. Target came down. The rating stayed put.,false,,,computed,horizon-open;no-source-url,,422
call_0424,demo,graded,camille-brooks,Camille Brooks,morgan-stanley,Morgan Stanley,AMZN,Amazon,2026-04-26,target_raise,strong_buy,strong_buy,284,330,263.99,,,272.68,265.29,227.01,232.11,,STRONG,EXIT LIQUIDITY,EXIT LIQUIDITY,EXIT LIQUIDITY,Not graded yet,Demo. Raised the target on a higher out-year margin assumption.,false,,,computed,horizon-open;no-source-url,,423
call_0425,demo,graded,camille-brooks,Camille Brooks,morgan-stanley,Morgan Stanley,AVGO,Broadcom,2026-05-31,downgrade,buy,underperform,485,370,446.06,,,381.47,377.75,387.84,368.79,,STRONG,STRONG,STRONG,STRONG,Not graded yet,Demo. Downgrade reflects slower orders than the prior note assumed.,true,Two-notch rating change.,,computed,horizon-open;controversial;no-source-url,,424
call_0426,demo,graded,hassan-iqbal,Hassan Iqbal,morgan-stanley,Morgan Stanley,NKE,Nike,2024-02-12,initiate,,hold,,103,100.3,,,97.83,95.2,86.41,85.41,67.91,WEAK,WEAK,EXIT LIQUIDITY,WEAK,WEAK,Demo. Opened coverage with a fresh model and a twelve-month target.,false,,,computed,no-source-url,,425
call_0427,demo,graded,hassan-iqbal,Hassan Iqbal,morgan-stanley,Morgan Stanley,COST,Costco,2024-03-18,initiate,,sell,,539,721.4,,,711.24,705.27,786.04,845.16,890.45,STRONG,STRONG,EXIT LIQUIDITY,EXIT LIQUIDITY,EXIT LIQUIDITY,Demo. Opened coverage with a fresh model and a twelve-month target.,false,,,computed,no-source-url,,426
call_0428,demo,graded,hassan-iqbal,Hassan Iqbal,morgan-stanley,Morgan Stanley,WMT,Walmart,2024-04-22,initiate,,buy,,70.5,58.69,,,58.43,63.9,66.5,69.28,93.61,EXIT LIQUIDITY,STRONG,STRONG,STRONG,STRONG,Demo. New coverage. The target assumes margins hold near the last print.,false,,,computed,no-source-url,,427
call_0429,demo,graded,hassan-iqbal,Hassan Iqbal,morgan-stanley,Morgan Stanley,MCD,McDonald's,2024-05-27,initiate,,strong_buy,,277,242.9,,,240.4,244.21,238.69,274.23,303.6,EXIT LIQUIDITY,EXIT LIQUIDITY,WEAK,STRONG,STRONG,Demo. Opened coverage with a fresh model and a twelve-month target.,false,,,computed,no-source-url,,428
call_0430,demo,graded,hassan-iqbal,Hassan Iqbal,morgan-stanley,Morgan Stanley,PG,Procter & Gamble,2024-07-01,initiate,,hold,,155,153.25,,,155,152.32,162.53,164.43,155.55,PROVISIONAL,STRONG,WEAK,WEAK,STRONG,Demo. Opened coverage with a fresh model and a twelve-month target.,false,,,computed,no-source-url,,429
call_0431,demo,graded,hassan-iqbal,Hassan Iqbal,morgan-stanley,Morgan Stanley,NKE,Nike,2024-08-05,upgrade,hold,strong_buy,103,72.5,67.34,,,78.52,76.73,77.9,73.93,71.63,STRONG,STRONG,STRONG,STRONG,PROVISIONAL,Demo. Upgrade cites a cleaner setup into the next two prints.,true,Two-notch rating change. Price target moved more than 25%.,,computed,controversial;no-source-url,,430
call_0432,demo,graded,hassan-iqbal,Hassan Iqbal,morgan-stanley,Morgan Stanley,COST,Costco,2024-09-09,upgrade,sell,buy,539,1003,886.74,,,907.11,899.21,934.77,983.12,973.57,STRONG,WEAK,STRONG,STRONG,STRONG,Demo. Upgrade cites a cleaner setup into the next two prints.,true,Two-notch rating change. Price target moved more than 25%.,,computed,controversial;no-source-url,,431
call_0433,demo,graded,hassan-iqbal,Hassan Iqbal,morgan-stanley,Morgan Stanley,WMT,Walmart,2024-10-14,target_raise,buy,buy,70.5,93.5,78.85,,,81.27,83.97,92.77,91.54,106.31,STRONG,STRONG,STRONG,STRONG,STRONG,Demo. Target moved up with the rating unchanged.,true,Price target moved more than 25%.,,computed,controversial;no-source-url,,432
call_0434,demo,graded,hassan-iqbal,Hassan Iqbal,morgan-stanley,Morgan Stanley,MCD,McDonald's,2024-11-18,downgrade,strong_buy,hold,277,283,277.33,,,280.28,278.79,269.27,295.72,296.95,PROVISIONAL,STRONG,STRONG,PROVISIONAL,STRONG,Demo. Downgrade reflects slower orders than the prior note assumed.,true,Two-notch rating change.,,computed,controversial;no-source-url,,433
call_0435,demo,graded,hassan-iqbal,Hassan Iqbal,morgan-stanley,Morgan Stanley,PG,Procter & Gamble,2024-12-23,downgrade,hold,underperform,155,117,160.22,,,153.06,157,163.23,159.83,140.06,STRONG,STRONG,EXIT LIQUIDITY,EXIT LIQUIDITY,STRONG,Demo. Cut the rating as the multiple stopped paying for the growth rate.,false,,,computed,no-source-url,,434
call_0436,demo,graded,hassan-iqbal,Hassan Iqbal,morgan-stanley,Morgan Stanley,NKE,Nike,2025-01-27,downgrade,strong_buy,sell,72.5,54,71.94,,,67.53,77.27,60.55,55.13,61.47,STRONG,EXIT LIQUIDITY,STRONG,STRONG,STRONG,Demo. Cut the rating as the multiple stopped paying for the growth rate.,true,Two-notch rating change. Price target moved more than 25%.,,computed,controversial;no-source-url,,435
call_0437,demo,graded,hassan-iqbal,Hassan Iqbal,morgan-stanley,Morgan Stanley,COST,Costco,2025-03-03,downgrade,buy,underperform,1003,785,1037.99,,,908.85,956.91,1001.06,1032.72,1004.71,STRONG,STRONG,WEAK,EXIT LIQUIDITY,WEAK,Demo. Downgrade reflects slower orders than the prior note assumed.,true,Two-notch rating change.,,computed,controversial;no-source-url,,436
call_0438,demo,graded,hassan-iqbal,Hassan Iqbal,morgan-stanley,Morgan Stanley,WMT,Walmart,2025-04-07,downgrade,buy,hold,93.5,80,82.74,,,91.2,97.54,96.43,97.31,121.96,EXIT LIQUIDITY,EXIT LIQUIDITY,EXIT LIQUIDITY,WEAK,EXIT LIQUIDITY,Demo. Downgrade reflects slower orders than the prior note assumed.,false,,,computed,no-source-url,,437
call_0439,demo,graded,hassan-iqbal,Hassan Iqbal,morgan-stanley,Morgan Stanley,MCD,McDonald's,2025-05-12,target_raise,hold,hold,283,300,300.68,,,303.23,292.49,290.74,296.11,271.06,STRONG,WEAK,STRONG,STRONG,PROVISIONAL,Demo. Target moved up with the rating unchanged.,false,,,computed,no-source-url,,438
call_0440,demo,graded,hassan-iqbal,Hassan Iqbal,morgan-stanley,Morgan Stanley,PG,Procter & Gamble,2025-06-16,upgrade,underperform,hold,117,150,155.22,,,153.72,148.32,149.95,153.39,151.36,STRONG,WEAK,STRONG,STRONG,STRONG,Demo. Rating change follows a round of channel checks that ran ahead of the model.,true,Price target moved more than 25%.,,computed,controversial;no-source-url,,439
call_0441,demo,graded,hassan-iqbal,Hassan Iqbal,morgan-stanley,Morgan Stanley,NKE,Nike,2025-07-21,upgrade,sell,hold,54,71,71.29,,,72.06,73.44,68.63,65.22,42.51,PROVISIONAL,WEAK,STRONG,WEAK,EXIT LIQUIDITY,Demo. Moved up a notch after the quarter cleared a low bar.,true,Two-notch rating change. Price target moved more than 25%.,,computed,controversial;no-source-url,,440
call_0442,demo,graded,hassan-iqbal,Hassan Iqbal,morgan-stanley,Morgan Stanley,COST,Costco,2025-08-25,downgrade,underperform,sell,785,695,936.12,,,966.21,939.79,926.73,895.06,960.01,EXIT LIQUIDITY,EXIT LIQUIDITY,EXIT LIQUIDITY,WEAK,WEAK,Demo. Downgrade reflects slower orders than the prior note assumed.,false,,,computed,no-source-url,,441
call_0443,demo,graded,hassan-iqbal,Hassan Iqbal,morgan-stanley,Morgan Stanley,WMT,Walmart,2025-09-29,target_raise,hold,hold,80,102,102.22,,,101.27,101.6,109.59,111.03,,STRONG,STRONG,WEAK,WEAK,Not graded yet,Demo. Raised the target on a higher out-year margin assumption.,true,Price target moved more than 25%.,,computed,horizon-open;controversial;no-source-url,,442
call_0444,demo,graded,hassan-iqbal,Hassan Iqbal,morgan-stanley,Morgan Stanley,MCD,McDonald's,2025-11-03,upgrade,hold,buy,300,318,288.94,,,297.25,301.79,297.43,308.94,,STRONG,STRONG,PROVISIONAL,STRONG,Not graded yet,Demo. Upgrade cites a cleaner setup into the next two prints.,false,,,computed,horizon-open;no-source-url,,443
call_0445,demo,graded,hassan-iqbal,Hassan Iqbal,morgan-stanley,Morgan Stanley,PG,Procter & Gamble,2025-12-08,upgrade,hold,buy,150,154,135.33,,,139.58,135.03,156.81,151.35,,STRONG,EXIT LIQUIDITY,STRONG,STRONG,Not graded yet,Demo. Rating change follows a round of channel checks that ran ahead of the model.,false,,,computed,horizon-open;no-source-url,,444
call_0446,demo,graded,hassan-iqbal,Hassan Iqbal,morgan-stanley,Morgan Stanley,NKE,Nike,2026-01-12,target_cut,hold,hold,71,63.5,63.95,,,63.32,60.75,52.94,41.8,,STRONG,WEAK,EXIT LIQUIDITY,EXIT LIQUIDITY,Not graded yet,Demo. Target came down. The rating stayed put.,false,,,computed,horizon-open;no-source-url,,445
call_0447,demo,graded,hassan-iqbal,Hassan Iqbal,morgan-stanley,Morgan Stanley,COST,Costco,2026-02-16,upgrade,sell,hold,695,1071,1015.39,,,999.73,976.95,996.86,1047.28,,WEAK,WEAK,STRONG,STRONG,Not graded yet,Demo. Upgrade cites a cleaner setup into the next two prints.,true,Two-notch rating change. Price target moved more than 25%.,,computed,horizon-open;controversial;no-source-url,,446
call_0448,demo,graded,hassan-iqbal,Hassan Iqbal,morgan-stanley,Morgan Stanley,WMT,Walmart,2026-03-23,target_raise,hold,hold,102,115,120.2,,,126.25,129.42,119.98,116.9,,EXIT LIQUIDITY,WEAK,STRONG,STRONG,Not graded yet,Demo. Raised the target on a higher out-year margin assumption.,false,,,computed,horizon-open;no-source-url,,447
call_0449,demo,graded,hassan-iqbal,Hassan Iqbal,morgan-stanley,Morgan Stanley,MCD,McDonald's,2026-04-27,downgrade,buy,hold,318,285,286.22,,,270.83,277.06,267.86,262.89,,WEAK,WEAK,WEAK,WEAK,Not graded yet,Demo. Moved down a notch. The target now sits closer to the base case.,false,,,computed,horizon-open;no-source-url,,448
call_0450,demo,graded,hassan-iqbal,Hassan Iqbal,morgan-stanley,Morgan Stanley,PG,Procter & Gamble,2026-06-01,downgrade,buy,underperform,154,99,139.24,,,149.35,146.34,144.49,143.78,,EXIT LIQUIDITY,EXIT LIQUIDITY,EXIT LIQUIDITY,EXIT LIQUIDITY,Not graded yet,Demo. Moved down a notch. The target now sits closer to the base case.,true,Two-notch rating change. Price target moved more than 25%.,,computed,horizon-open;controversial;no-source-url,,449
call_0451,demo,graded,elena-vasquez,Elena Vasquez,morgan-stanley,Morgan Stanley,PFE,Pfizer,2024-02-13,initiate,,sell,,18.5,22.88,,,22.81,23.86,21.94,24.49,22.96,EXIT LIQUIDITY,EXIT LIQUIDITY,STRONG,EXIT LIQUIDITY,WEAK,Demo. Initiation note leans on relative valuation versus the coverage group.,false,,,computed,no-source-url,,450
call_0452,demo,graded,elena-vasquez,Elena Vasquez,morgan-stanley,Morgan Stanley,UNH,UnitedHealth,2024-03-19,initiate,,strong_buy,,554,466.68,,,433.4,466.55,496.3,464.78,483.64,EXIT LIQUIDITY,EXIT LIQUIDITY,STRONG,WEAK,WEAK,Demo. Initiation note leans on relative valuation versus the coverage group.,false,,,computed,no-source-url,,451
call_0453,demo,graded,elena-vasquez,Elena Vasquez,morgan-stanley,Morgan Stanley,JNJ,Johnson & Johnson,2024-04-23,initiate,,underperform,,99,139.49,,,138.71,140.75,139.85,145.02,149.57,WEAK,EXIT LIQUIDITY,EXIT LIQUIDITY,EXIT LIQUIDITY,EXIT LIQUIDITY,Demo. Initiation note leans on relative valuation versus the coverage group.,false,,,computed,no-source-url,,452
call_0454,demo,graded,elena-vasquez,Elena Vasquez,morgan-stanley,Morgan Stanley,LLY,Eli Lilly,2024-05-28,initiate,,hold,,804,795.59,,,852.67,895.24,792.4,937.4,713.31,WEAK,WEAK,STRONG,WEAK,PROVISIONAL,Demo. Opened coverage with a fresh model and a twelve-month target.,false,,,computed,no-source-url,,453
call_0455,demo,graded,elena-vasquez,Elena Vasquez,morgan-stanley,Morgan Stanley,ABBV,AbbVie,2024-07-02,initiate,,buy,,188,153.99,,,158.44,177.65,183.83,184.92,183.43,STRONG,STRONG,STRONG,STRONG,STRONG,Demo. Initiation note leans on relative valuation versus the coverage group.,false,,,computed,no-source-url,,454
call_0456,demo,graded,elena-vasquez,Elena Vasquez,morgan-stanley,Morgan Stanley,PFE,Pfizer,2024-08-06,upgrade,sell,underperform,18.5,25,25.6,,,25.24,24.89,24.96,24.24,22.36,STRONG,STRONG,PROVISIONAL,STRONG,STRONG,Demo. Moved up a notch after the quarter cleared a low bar.,true,Price target moved more than 25%.,,computed,controversial;no-source-url,,455
call_0457,demo,graded,elena-vasquez,Elena Vasquez,morgan-stanley,Morgan Stanley,UNH,UnitedHealth,2024-09-10,downgrade,strong_buy,sell,554,529,569.09,,,548.38,569.84,587.11,536.54,335.67,STRONG,WEAK,WEAK,STRONG,STRONG,Demo. Cut the rating as the multiple stopped paying for the growth rate.,true,Two-notch rating change.,,computed,controversial;no-source-url,,456
call_0458,demo,graded,elena-vasquez,Elena Vasquez,morgan-stanley,Morgan Stanley,JNJ,Johnson & Johnson,2024-10-15,upgrade,underperform,hold,99,152,155.46,,,151.66,143.87,140.01,137.96,186.96,WEAK,WEAK,WEAK,WEAK,WEAK,Demo. Rating change follows a round of channel checks that ran ahead of the model.,true,Price target moved more than 25%.,,computed,controversial;no-source-url,,457
call_0459,demo,graded,elena-vasquez,Elena Vasquez,morgan-stanley,Morgan Stanley,LLY,Eli Lilly,2024-11-19,upgrade,hold,buy,804,819,720.84,,,803.43,748.32,716.88,835.43,1044.55,STRONG,STRONG,WEAK,STRONG,STRONG,Demo. Moved up a notch after the quarter cleared a low bar.,false,,,computed,no-source-url,,458
call_0460,demo,graded,elena-vasquez,Elena Vasquez,morgan-stanley,Morgan Stanley,ABBV,AbbVie,2024-12-24,target_raise,buy,buy,188,202,169.9,,,169.46,162.61,192.54,199.3,224.58,EXIT LIQUIDITY,EXIT LIQUIDITY,STRONG,STRONG,STRONG,Demo. Target moved up with the rating unchanged.,false,,,computed,no-source-url,,459
call_0461,demo,graded,elena-vasquez,Elena Vasquez,morgan-stanley,Morgan Stanley,PFE,Pfizer,2025-01-28,upgrade,underperform,hold,25,23.5,24.11,,,23.01,23.53,22.72,20.78,25,WEAK,PROVISIONAL,WEAK,WEAK,STRONG,Demo. Upgrade cites a cleaner setup into the next two prints.,false,,,computed,no-source-url,,460
call_0462,demo,graded,elena-vasquez,Elena Vasquez,morgan-stanley,Morgan Stanley,UNH,UnitedHealth,2025-03-04,upgrade,sell,buy,529,577,454.22,,,484.22,519.43,384.38,292.88,286.3,STRONG,STRONG,EXIT LIQUIDITY,EXIT LIQUIDITY,EXIT LIQUIDITY,Demo. Moved up a notch after the quarter cleared a low bar.,true,Two-notch rating change.,,computed,controversial;no-source-url,,461
call_0463,demo,graded,elena-vasquez,Elena Vasquez,morgan-stanley,Morgan Stanley,JNJ,Johnson & Johnson,2025-04-08,downgrade,hold,sell,152,113,144.39,,,151.85,149.84,150.51,150.74,238.74,EXIT LIQUIDITY,EXIT LIQUIDITY,EXIT LIQUIDITY,EXIT LIQUIDITY,EXIT LIQUIDITY,Demo. Moved down a notch. The target now sits closer to the base case.,true,Two-notch rating change. Price target moved more than 25%.,,computed,controversial;no-source-url,,462
call_0464,demo,graded,elena-vasquez,Elena Vasquez,morgan-stanley,Morgan Stanley,LLY,Eli Lilly,2025-05-13,downgrade,buy,hold,819,729,738.25,,,719.1,805.17,786.31,629.86,1012.55,WEAK,WEAK,WEAK,WEAK,EXIT LIQUIDITY,Demo. Moved down a notch. The target now sits closer to the base case.,false,,,computed,no-source-url,,463
call_0465,demo,graded,elena-vasquez,Elena Vasquez,morgan-stanley,Morgan Stanley,ABBV,AbbVie,2025-06-17,target_raise,buy,buy,202,219,178.36,,,182.7,185.64,200.47,211.06,219.67,STRONG,STRONG,STRONG,STRONG,STRONG,Demo. Target moved up with the rating unchanged.,false,,,computed,no-source-url,,464
call_0466,demo,graded,elena-vasquez,Elena Vasquez,morgan-stanley,Morgan Stanley,PFE,Pfizer,2025-07-22,target_cut,hold,hold,23.5,22.5,23.09,,,23.13,24.05,22.46,23.07,24.39,STRONG,WEAK,STRONG,STRONG,STRONG,Demo. Cut the target to reflect a lower multiple versus the group.,false,,,computed,no-source-url,,465
call_0467,demo,graded,elena-vasquez,Elena Vasquez,morgan-stanley,Morgan Stanley,UNH,UnitedHealth,2025-08-26,target_cut,buy,buy,577,316,290.8,,,336.77,336.6,353.1,310.77,398.56,STRONG,STRONG,STRONG,STRONG,STRONG,Demo. Cut the target to reflect a lower multiple versus the group.,true,Price target moved more than 25%.,,computed,controversial;no-source-url,,466
call_0468,demo,graded,elena-vasquez,Elena Vasquez,morgan-stanley,Morgan Stanley,JNJ,Johnson & Johnson,2025-09-30,upgrade,sell,buy,113,203,181.33,,,186.64,184.88,203.64,204.27,,STRONG,PROVISIONAL,STRONG,STRONG,Not graded yet,Demo. Moved up a notch after the quarter cleared a low bar.,true,Two-notch rating change. Price target moved more than 25%.,,computed,horizon-open;controversial;no-source-url,,467
call_0469,demo,graded,elena-vasquez,Elena Vasquez,morgan-stanley,Morgan Stanley,LLY,Eli Lilly,2025-11-04,upgrade,hold,buy,729,1048,901.18,,,1025.1,1009.61,1075.17,1039.11,,STRONG,STRONG,STRONG,STRONG,Not graded yet,Demo. Rating change follows a round of channel checks that ran ahead of the model.,true,Price target moved more than 25%.,,computed,horizon-open;controversial;no-source-url,,468
call_0470,demo,graded,elena-vasquez,Elena Vasquez,morgan-stanley,Morgan Stanley,ABBV,AbbVie,2025-12-09,target_raise,buy,buy,219,263,217.84,,,223.51,218.95,220.03,223.98,,STRONG,EXIT LIQUIDITY,EXIT LIQUIDITY,PROVISIONAL,Not graded yet,Demo. Target moved up with the rating unchanged.,false,,,computed,horizon-open;no-source-url,,469
call_0471,demo,graded,elena-vasquez,Elena Vasquez,morgan-stanley,Morgan Stanley,PFE,Pfizer,2026-01-13,upgrade,hold,buy,22.5,27,23.92,,,25.62,26.56,25.7,26.43,,STRONG,STRONG,STRONG,STRONG,Not graded yet,Demo. Moved up a notch after the quarter cleared a low bar.,false,,,computed,horizon-open;no-source-url,,470
call_0472,demo,graded,elena-vasquez,Elena Vasquez,morgan-stanley,Morgan Stanley,UNH,UnitedHealth,2026-02-17,target_raise,buy,buy,316,387,283.49,,,283.6,277.14,320.81,386.53,,EXIT LIQUIDITY,EXIT LIQUIDITY,STRONG,STRONG,Not graded yet,Demo. Raised the target on a higher out-year margin assumption.,false,,,computed,horizon-open;no-source-url,,471
call_0473,demo,graded,elena-vasquez,Elena Vasquez,morgan-stanley,Morgan Stanley,JNJ,Johnson & Johnson,2026-03-24,downgrade,buy,sell,203,173,232.78,,,235.88,228.21,231.86,230.15,,EXIT LIQUIDITY,WEAK,EXIT LIQUIDITY,EXIT LIQUIDITY,Not graded yet,Demo. Downgrade reflects slower orders than the prior note assumed.,true,Two-notch rating change.,,computed,horizon-open;controversial;no-source-url,,472
call_0474,demo,graded,elena-vasquez,Elena Vasquez,morgan-stanley,Morgan Stanley,LLY,Eli Lilly,2026-04-28,upgrade,buy,strong_buy,1048,1209,871.25,,,986.75,1125.19,1206.39,1195.82,,STRONG,STRONG,STRONG,STRONG,Not graded yet,Demo. Rating change follows a round of channel checks that ran ahead of the model.,false,,,computed,horizon-open;no-source-url,,473
call_0475,demo,graded,elena-vasquez,Elena Vasquez,morgan-stanley,Morgan Stanley,ABBV,AbbVie,2026-06-02,target_cut,buy,buy,263,246,213.88,,,220.9,259.22,250.94,256.42,,STRONG,STRONG,STRONG,STRONG,Not graded yet,Demo. Cut the target to reflect a lower multiple versus the group.,false,,,computed,horizon-open;no-source-url,,474
call_0476,demo,graded,william-hart,William Hart,jpmorgan,JPMorgan,V,Visa,2024-02-14,initiate,,hold,,277,272.39,,,280.31,277.76,270.82,272.56,351.6,WEAK,STRONG,STRONG,STRONG,WEAK,Demo. New coverage. The target assumes margins hold near the last print.,false,,,computed,no-source-url,,475
call_0477,demo,graded,william-hart,William Hart,jpmorgan,JPMorgan,JPM,JPMorgan Chase,2024-03-20,initiate,,hold,,188,186.29,,,188.16,177.33,195.45,188.01,231.97,PROVISIONAL,WEAK,PROVISIONAL,STRONG,WEAK,Demo. Initiation note leans on relative valuation versus the coverage group.,false,,,computed,no-source-url,,476
call_0478,demo,graded,william-hart,William Hart,jpmorgan,JPMorgan,BAC,Bank of America,2024-04-24,initiate,,hold,,37,36.2,,,35.62,37.5,37.53,40.31,38.31,WEAK,WEAK,STRONG,WEAK,STRONG,Demo. Initiation note leans on relative valuation versus the coverage group.,false,,,computed,no-source-url,,477
call_0479,demo,graded,william-hart,William Hart,jpmorgan,JPMorgan,GS,Goldman Sachs Group,2024-05-29,initiate,,sell,,317,434.17,,,428.71,432.17,476.8,484.66,587.11,STRONG,EXIT LIQUIDITY,EXIT LIQUIDITY,EXIT LIQUIDITY,EXIT LIQUIDITY,Demo. New coverage. The target assumes margins hold near the last print.,false,,,computed,no-source-url,,478
call_0480,demo,graded,william-hart,William Hart,jpmorgan,JPMorgan,MA,Mastercard,2024-07-03,initiate,,buy,,485,442.2,,,445.8,456.53,477.6,490.48,564.95,WEAK,STRONG,STRONG,STRONG,STRONG,Demo. New coverage. The target assumes margins hold near the last print.,false,,,computed,no-source-url,,479
call_0481,demo,graded,william-hart,William Hart,jpmorgan,JPMorgan,V,Visa,2024-08-07,downgrade,hold,sell,277,188,252.2,,,264.22,275.22,273.8,288.93,328.88,EXIT LIQUIDITY,EXIT LIQUIDITY,EXIT LIQUIDITY,EXIT LIQUIDITY,EXIT LIQUIDITY,Demo. Downgrade reflects slower orders than the prior note assumed.,true,Two-notch rating change. Price target moved more than 25%.,,computed,controversial;no-source-url,,480
call_0482,demo,graded,william-hart,William Hart,jpmorgan,JPMorgan,JPM,JPMorgan Chase,2024-09-11,target_raise,hold,hold,188,199,198.87,,,201.71,214.63,228.82,234.5,299.82,WEAK,WEAK,WEAK,WEAK,EXIT LIQUIDITY,Demo. Target moved up with the rating unchanged.,false,,,computed,no-source-url,,481
call_0483,demo,graded,william-hart,William Hart,jpmorgan,JPMorgan,BAC,Bank of America,2024-10-16,upgrade,hold,buy,37,45.5,40.94,,,40.47,44.72,43.93,44.04,49.39,EXIT LIQUIDITY,STRONG,STRONG,STRONG,STRONG,Demo. Moved up a notch after the quarter cleared a low bar.,false,,,computed,no-source-url,,482
call_0484,demo,graded,william-hart,William Hart,jpmorgan,JPMorgan,GS,Goldman Sachs Group,2024-11-20,upgrade,sell,buy,317,668,559.29,,,578.27,546.77,604.57,649.24,758.78,STRONG,EXIT LIQUIDITY,STRONG,STRONG,STRONG,Demo. Moved up a notch after the quarter cleared a low bar.,true,Two-notch rating change. Price target moved more than 25%.,,computed,controversial;no-source-url,,483
call_0485,demo,graded,william-hart,William Hart,jpmorgan,JPMorgan,MA,Mastercard,2024-12-25,target_raise,buy,buy,485,647,530.05,,,510.94,528.63,552.43,540.2,576.62,EXIT LIQUIDITY,EXIT LIQUIDITY,STRONG,WEAK,STRONG,Demo. Target moved up with the rating unchanged.,true,Price target moved more than 25%.,,computed,controversial;no-source-url,,484
call_0486,demo,graded,william-hart,William Hart,jpmorgan,JPMorgan,V,Visa,2025-01-29,upgrade,sell,buy,188,408,331.52,,,347.51,358.6,338.97,337.65,329.82,STRONG,STRONG,WEAK,WEAK,WEAK,Demo. Rating change follows a round of channel checks that ran ahead of the model.,true,Two-notch rating change. Price target moved more than 25%.,,computed,controversial;no-source-url,,485
call_0487,demo,graded,william-hart,William Hart,jpmorgan,JPMorgan,JPM,JPMorgan Chase,2025-03-05,upgrade,hold,buy,199,257,244.12,,,232.07,205.34,246.58,260.02,290.75,EXIT LIQUIDITY,EXIT LIQUIDITY,WEAK,STRONG,STRONG,Demo. Moved up a notch after the quarter cleared a low bar.,true,Price target moved more than 25%.,,computed,controversial;no-source-url,,486
call_0488,demo,graded,william-hart,William Hart,jpmorgan,JPMorgan,BAC,Bank of America,2025-04-09,downgrade,buy,underperform,45.5,29,35.96,,,37.51,40.45,43.79,45.91,52.17,EXIT LIQUIDITY,EXIT LIQUIDITY,EXIT LIQUIDITY,EXIT LIQUIDITY,EXIT LIQUIDITY,Demo. Downgrade reflects slower orders than the prior note assumed.,true,Two-notch rating change. Price target moved more than 25%.,,computed,controversial;no-source-url,,487
call_0489,demo,graded,william-hart,William Hart,jpmorgan,JPMorgan,GS,Goldman Sachs Group,2025-05-14,downgrade,buy,hold,668,590,593.65,,,590.58,598.5,687.67,725.16,960.01,STRONG,STRONG,EXIT LIQUIDITY,EXIT LIQUIDITY,EXIT LIQUIDITY,Demo. Cut the rating as the multiple stopped paying for the growth rate.,false,,,computed,no-source-url,,488
call_0490,demo,graded,william-hart,William Hart,jpmorgan,JPMorgan,MA,Mastercard,2025-06-18,downgrade,buy,hold,647,531,534.67,,,557.29,549.24,578.1,582.79,488.97,WEAK,WEAK,WEAK,WEAK,PROVISIONAL,Demo. Cut the rating as the multiple stopped paying for the growth rate.,false,,,computed,no-source-url,,489
call_0491,demo,graded,william-hart,William Hart,jpmorgan,JPMorgan,V,Visa,2025-07-23,reiterate,buy,buy,408,403,351.85,,,336.45,347.26,338.9,344.46,350.95,EXIT LIQUIDITY,EXIT LIQUIDITY,EXIT LIQUIDITY,WEAK,WEAK,Demo. Kept the rating and walked through what would force a change.,false,,,computed,no-source-url,,490
call_0492,demo,graded,william-hart,William Hart,jpmorgan,JPMorgan,JPM,JPMorgan Chase,2025-08-27,downgrade,buy,sell,257,221,293.66,,,294.9,310.13,296.23,298.76,354.22,EXIT LIQUIDITY,EXIT LIQUIDITY,EXIT LIQUIDITY,EXIT LIQUIDITY,EXIT LIQUIDITY,Demo. Cut the rating as the multiple stopped paying for the growth rate.,true,Two-notch rating change.,,computed,controversial;no-source-url,,491
call_0493,demo,graded,william-hart,William Hart,jpmorgan,JPMorgan,BAC,Bank of America,2025-10-01,target_raise,underperform,underperform,29,37.5,49.62,,,51.19,52.33,52.53,54.41,,EXIT LIQUIDITY,EXIT LIQUIDITY,EXIT LIQUIDITY,EXIT LIQUIDITY,Not graded yet,Demo. Target moved up with the rating unchanged.,true,Price target moved more than 25%.,,computed,horizon-open;controversial;no-source-url,,492
call_0494,demo,graded,william-hart,William Hart,jpmorgan,JPMorgan,GS,Goldman Sachs Group,2025-11-05,target_raise,hold,hold,590,790,777.79,,,770.83,842.23,901.15,925.44,,STRONG,WEAK,WEAK,WEAK,Not graded yet,Demo. Raised the target on a higher out-year margin assumption.,true,Price target moved more than 25%.,,computed,horizon-open;controversial;no-source-url,,493
call_0495,demo,graded,william-hart,William Hart,jpmorgan,JPMorgan,MA,Mastercard,2025-12-10,reiterate,hold,hold,531,526,536.23,,,576.62,573.59,546.88,512.98,,EXIT LIQUIDITY,WEAK,STRONG,STRONG,Not graded yet,Demo. Same rating. The target was refreshed for the latest share count.,false,,,computed,horizon-open;no-source-url,,494
call_0496,demo,graded,william-hart,William Hart,jpmorgan,JPMorgan,V,Visa,2026-01-14,downgrade,buy,underperform,403,313,327.21,,,325.03,312.85,305.94,310.15,,PROVISIONAL,STRONG,STRONG,STRONG,Not graded yet,Demo. Moved down a notch. The target now sits closer to the base case.,true,Two-notch rating change.,,computed,horizon-open;controversial;no-source-url,,495
call_0497,demo,graded,william-hart,William Hart,jpmorgan,JPMorgan,JPM,JPMorgan Chase,2026-02-18,upgrade,sell,hold,221,284,305.83,,,296.53,283.82,308.9,294.37,,WEAK,WEAK,STRONG,STRONG,Not graded yet,Demo. Upgrade cites a cleaner setup into the next two prints.,true,Two-notch rating change. Price target moved more than 25%.,,computed,horizon-open;controversial;no-source-url,,496
call_0498,demo,graded,william-hart,William Hart,jpmorgan,JPMorgan,BAC,Bank of America,2026-03-25,upgrade,underperform,buy,37.5,58,48.25,,,51.35,51.52,51.27,57.62,,STRONG,STRONG,STRONG,STRONG,Not graded yet,Demo. Rating change follows a round of channel checks that ran ahead of the model.,true,Two-notch rating change. Price target moved more than 25%.,,computed,horizon-open;controversial;no-source-url,,497
call_0499,demo,graded,william-hart,William Hart,jpmorgan,JPMorgan,GS,Goldman Sachs Group,2026-04-29,upgrade,hold,buy,790,993,897.23,,,946.59,1016.08,1014.64,1028.3,,STRONG,STRONG,STRONG,STRONG,Not graded yet,Demo. Moved up a notch after the quarter cleared a low bar.,true,Price target moved more than 25%.,,computed,horizon-open;controversial;no-source-url,,498
call_0500,demo,graded,william-hart,William Hart,jpmorgan,JPMorgan,MA,Mastercard,2026-06-03,downgrade,hold,sell,526,394,470.76,,,492.16,538.49,573.1,581.1,,EXIT LIQUIDITY,EXIT LIQUIDITY,EXIT LIQUIDITY,EXIT LIQUIDITY,Not graded yet,Demo. Downgrade reflects slower orders than the prior note assumed.,true,Two-notch rating change. Price target moved more than 25%.,,computed,horizon-open;controversial;no-source-url,,499
call_0501,demo,graded,mei-lin,Mei Lin,jpmorgan,JPMorgan,AAPL,Apple,2024-02-15,initiate,,buy,,212,181.88,,,178.8,170.76,170.83,187.93,243.1,EXIT LIQUIDITY,EXIT LIQUIDITY,EXIT LIQUIDITY,PROVISIONAL,STRONG,Demo. New coverage. The target assumes margins hold near the last print.,false,,,computed,no-source-url,,500
call_0502,demo,graded,mei-lin,Mei Lin,jpmorgan,JPMorgan,AMD,AMD,2024-03-21,initiate,,sell,,153,178.68,,,165.83,146.64,166.33,154.63,106.44,STRONG,STRONG,STRONG,STRONG,STRONG,Demo. Initiation note leans on relative valuation versus the coverage group.,false,,,computed,no-source-url,,501
call_0503,demo,graded,mei-lin,Mei Lin,jpmorgan,JPMorgan,NVDA,NVIDIA,2024-04-25,initiate,,sell,,67,82.4,,,88.49,106.17,117.78,113.93,110.73,EXIT LIQUIDITY,EXIT LIQUIDITY,EXIT LIQUIDITY,EXIT LIQUIDITY,EXIT LIQUIDITY,Demo. Opened coverage with a fresh model and a twelve-month target.,false,,,computed,no-source-url,,502
call_0504,demo,graded,mei-lin,Mei Lin,jpmorgan,JPMorgan,MSFT,Microsoft,2024-05-30,initiate,,hold,,398,407.49,,,433.93,439.21,419.34,404.21,455.85,EXIT LIQUIDITY,WEAK,STRONG,STRONG,WEAK,Demo. New coverage. The target assumes margins hold near the last print.,false,,,computed,no-source-url,,503
call_0505,demo,graded,mei-lin,Mei Lin,jpmorgan,JPMorgan,CRM,Salesforce,2024-07-04,initiate,,sell,,211,256.4,,,243.41,240.09,248.87,275.46,269.39,STRONG,STRONG,WEAK,EXIT LIQUIDITY,WEAK,Demo. Initiation note leans on relative valuation versus the coverage group.,false,,,computed,no-source-url,,504
call_0506,demo,graded,mei-lin,Mei Lin,jpmorgan,JPMorgan,AAPL,Apple,2024-08-08,downgrade,buy,hold,212,223,211.3,,,222.67,218.99,219.85,220.87,228.25,WEAK,WEAK,PROVISIONAL,STRONG,PROVISIONAL,Demo. Downgrade reflects slower orders than the prior note assumed.,false,,,computed,no-source-url,,505
call_0507,demo,graded,mei-lin,Mei Lin,jpmorgan,JPMorgan,AMD,AMD,2024-09-12,upgrade,sell,hold,153,150,150.77,,,167.49,167.89,147.35,130.15,158.57,EXIT LIQUIDITY,WEAK,STRONG,WEAK,STRONG,Demo. Rating change follows a round of channel checks that ran ahead of the model.,true,Two-notch rating change.,,computed,controversial;no-source-url,,506
call_0508,demo,graded,mei-lin,Mei Lin,jpmorgan,JPMorgan,NVDA,NVIDIA,2024-10-17,upgrade,sell,hold,67,131,136.56,,,132.4,141.6,131.66,135.88,182.78,WEAK,WEAK,STRONG,STRONG,EXIT LIQUIDITY,Demo. Moved up a notch after the quarter cleared a low bar.,true,Two-notch rating change. Price target moved more than 25%.,,computed,controversial;no-source-url,,507
call_0509,demo,graded,mei-lin,Mei Lin,jpmorgan,JPMorgan,MSFT,Microsoft,2024-11-21,downgrade,hold,sell,398,313,407.26,,,436.61,430.67,423.2,409.14,469.14,EXIT LIQUIDITY,EXIT LIQUIDITY,EXIT LIQUIDITY,EXIT LIQUIDITY,EXIT LIQUIDITY,Demo. Downgrade reflects slower orders than the prior note assumed.,true,Two-notch rating change.,,computed,controversial;no-source-url,,508
call_0510,demo,graded,mei-lin,Mei Lin,jpmorgan,JPMorgan,CRM,Salesforce,2024-12-26,upgrade,sell,strong_buy,211,422,337.19,,,322.57,329.46,304.23,277.27,264.27,EXIT LIQUIDITY,EXIT LIQUIDITY,EXIT LIQUIDITY,EXIT LIQUIDITY,EXIT LIQUIDITY,Demo. Upgrade cites a cleaner setup into the next two prints.,true,Two-notch rating change. Price target moved more than 25%.,,computed,controversial;no-source-url,,509
call_0511,demo,graded,mei-lin,Mei Lin,jpmorgan,JPMorgan,AAPL,Apple,2025-01-30,downgrade,hold,underperform,223,219,235.88,,,240.05,240.36,220.77,211.2,258.78,EXIT LIQUIDITY,WEAK,STRONG,STRONG,WEAK,Demo. Downgrade reflects slower orders than the prior note assumed.,false,,,computed,no-source-url,,510
call_0512,demo,graded,mei-lin,Mei Lin,jpmorgan,JPMorgan,AMD,AMD,2025-03-06,downgrade,hold,sell,150,75,98.85,,,107.14,85.76,100.59,118.58,192.43,EXIT LIQUIDITY,STRONG,EXIT LIQUIDITY,EXIT LIQUIDITY,EXIT LIQUIDITY,Demo. Downgrade reflects slower orders than the prior note assumed.,true,Two-notch rating change. Price target moved more than 25%.,,computed,controversial;no-source-url,,511
call_0513,demo,graded,mei-lin,Mei Lin,jpmorgan,JPMorgan,NVDA,NVIDIA,2025-04-10,upgrade,hold,buy,131,166,107.3,,,106.16,116.36,142.27,162.48,188.2,EXIT LIQUIDITY,STRONG,STRONG,STRONG,STRONG,Demo. Rating change follows a round of channel checks that ran ahead of the model.,true,Price target moved more than 25%.,,computed,controversial;no-source-url,,512
call_0514,demo,graded,mei-lin,Mei Lin,jpmorgan,JPMorgan,MSFT,Microsoft,2025-05-15,upgrade,sell,strong_buy,313,506,448.69,,,454.19,470.31,498.1,515.48,420.22,STRONG,STRONG,STRONG,STRONG,WEAK,Demo. Upgrade cites a cleaner setup into the next two prints.,true,Two-notch rating change. Price target moved more than 25%.,,computed,controversial;no-source-url,,513
call_0515,demo,graded,mei-lin,Mei Lin,jpmorgan,JPMorgan,CRM,Salesforce,2025-06-19,downgrade,strong_buy,buy,422,308,256.87,,,269.39,259.72,241.5,240.17,151.51,STRONG,WEAK,EXIT LIQUIDITY,EXIT LIQUIDITY,EXIT LIQUIDITY,Demo. Moved down a notch. The target now sits closer to the base case.,true,Price target moved more than 25%.,,computed,controversial;no-source-url,,514
call_0516,demo,graded,mei-lin,Mei Lin,jpmorgan,JPMorgan,AAPL,Apple,2025-07-24,downgrade,underperform,sell,219,170,212.73,,,218.97,226.92,255.14,257.5,332.73,EXIT LIQUIDITY,EXIT LIQUIDITY,EXIT LIQUIDITY,EXIT LIQUIDITY,EXIT LIQUIDITY,Demo. Downgrade reflects slower orders than the prior note assumed.,false,,,computed,no-source-url,,515
call_0517,demo,graded,mei-lin,Mei Lin,jpmorgan,JPMorgan,AMD,AMD,2025-08-28,upgrade,sell,hold,75,172,168.58,,,155.67,159.46,259.67,214.24,465.58,EXIT LIQUIDITY,WEAK,EXIT LIQUIDITY,EXIT LIQUIDITY,EXIT LIQUIDITY,Demo. Upgrade cites a cleaner setup into the next two prints.,true,Two-notch rating change. Price target moved more than 25%.,,computed,controversial;no-source-url,,516
call_0518,demo,graded,mei-lin,Mei Lin,jpmorgan,JPMorgan,NVDA,NVIDIA,2025-10-02,downgrade,buy,hold,166,190,188.44,,,181.38,202.01,179.49,186.06,,WEAK,WEAK,PROVISIONAL,STRONG,Not graded yet,Demo. Moved down a notch. The target now sits closer to the base case.,false,,,computed,horizon-open;no-source-url,,517
call_0519,demo,graded,mei-lin,Mei Lin,jpmorgan,JPMorgan,MSFT,Microsoft,2025-11-06,downgrade,strong_buy,sell,506,417,493.04,,,475.41,480.11,469.87,411.58,,STRONG,STRONG,STRONG,STRONG,Not graded yet,Demo. Downgrade reflects slower orders than the prior note assumed.,true,Two-notch rating change.,,computed,horizon-open;controversial;no-source-url,,518
call_0520,demo,graded,mei-lin,Mei Lin,jpmorgan,JPMorgan,CRM,Salesforce,2025-12-11,downgrade,buy,sell,308,189,260.14,,,263.45,258.17,192.71,192.81,,EXIT LIQUIDITY,EXIT LIQUIDITY,STRONG,STRONG,Not graded yet,Demo. Downgrade reflects slower orders than the prior note assumed.,true,Two-notch rating change. Price target moved more than 25%.,,computed,horizon-open;controversial;no-source-url,,519
call_0521,demo,graded,mei-lin,Mei Lin,jpmorgan,JPMorgan,AAPL,Apple,2026-01-15,upgrade,sell,hold,170,270,257.51,,,257.58,255.32,252.37,265.96,,STRONG,STRONG,STRONG,STRONG,Not graded yet,Demo. Moved up a notch after the quarter cleared a low bar.,true,Two-notch rating change. Price target moved more than 25%.,,computed,horizon-open;controversial;no-source-url,,520
call_0522,demo,graded,mei-lin,Mei Lin,jpmorgan,JPMorgan,AMD,AMD,2026-02-19,downgrade,hold,sell,172,148,203.37,,,199.45,201.33,274.95,447.58,,STRONG,WEAK,EXIT LIQUIDITY,EXIT LIQUIDITY,Not graded yet,Demo. Moved down a notch. The target now sits closer to the base case.,true,Two-notch rating change.,,computed,horizon-open;controversial;no-source-url,,521
call_0523,demo,graded,mei-lin,Mei Lin,jpmorgan,JPMorgan,NVDA,NVIDIA,2026-03-26,upgrade,hold,buy,190,195,170.85,,,183.49,207.8,214.84,198.78,,STRONG,STRONG,STRONG,STRONG,Not graded yet,Demo. Rating change follows a round of channel checks that ran ahead of the model.,false,,,computed,horizon-open;no-source-url,,522
call_0524,demo,graded,mei-lin,Mei Lin,jpmorgan,JPMorgan,MSFT,Microsoft,2026-04-30,upgrade,sell,underperform,417,289,406.13,,,407.78,449.39,367.88,389.81,,EXIT LIQUIDITY,EXIT LIQUIDITY,STRONG,WEAK,Not graded yet,Demo. Moved up a notch after the quarter cleared a low bar.,true,Price target moved more than 25%.,,computed,horizon-open;controversial;no-source-url,,523
call_0525,demo,graded,mei-lin,Mei Lin,jpmorgan,JPMorgan,CRM,Salesforce,2026-06-04,upgrade,sell,buy,189,266,187.93,,,151.51,165.82,185.62,256.48,,EXIT LIQUIDITY,EXIT LIQUIDITY,EXIT LIQUIDITY,STRONG,Not graded yet,Demo. Rating change follows a round of channel checks that ran ahead of the model.,true,Two-notch rating change. Price target moved more than 25%.,,computed,horizon-open;controversial;no-source-url,,524
call_0526,demo,graded,christopher-adeyemi,Christopher Adeyemi,jpmorgan,JPMorgan,HON,Honeywell,2024-02-16,initiate,,underperform,,144,184.25,,,186.68,185.76,179.21,195.17,193.51,EXIT LIQUIDITY,EXIT LIQUIDITY,WEAK,EXIT LIQUIDITY,WEAK,Demo. Initiation note leans on relative valuation versus the coverage group.,false,,,computed,no-source-url,,525
call_0527,demo,graded,christopher-adeyemi,Christopher Adeyemi,jpmorgan,JPMorgan,BA,Boeing,2024-03-22,initiate,,hold,,188,188.85,,,183.14,169.82,184.78,176.3,178.11,WEAK,WEAK,STRONG,PROVISIONAL,STRONG,Demo. Initiation note leans on relative valuation versus the coverage group.,false,,,computed,no-source-url,,526
call_0528,demo,graded,christopher-adeyemi,Christopher Adeyemi,jpmorgan,JPMorgan,GE,GE Aerospace,2024-04-26,initiate,,hold,,169,160.22,,,161.24,165.14,157.64,162.79,197.14,STRONG,WEAK,STRONG,STRONG,WEAK,Demo. Opened coverage with a fresh model and a twelve-month target.,false,,,computed,no-source-url,,527
call_0529,demo,graded,christopher-adeyemi,Christopher Adeyemi,jpmorgan,JPMorgan,CAT,Caterpillar,2024-05-31,initiate,,hold,,337,328.93,,,312.37,323.67,333.39,343.07,343.67,WEAK,STRONG,STRONG,STRONG,STRONG,Demo. New coverage. The target assumes margins hold near the last print.,false,,,computed,no-source-url,,528
call_0530,demo,graded,christopher-adeyemi,Christopher Adeyemi,jpmorgan,JPMorgan,HON,Honeywell,2024-07-05,upgrade,underperform,hold,144,188,200.48,,,202.72,192.41,194.57,192.69,231.86,WEAK,WEAK,STRONG,STRONG,WEAK,Demo. Upgrade cites a cleaner setup into the next two prints.,true,Price target moved more than 25%.,,computed,controversial;no-source-url,,529
call_0531,demo,graded,christopher-adeyemi,Christopher Adeyemi,jpmorgan,JPMorgan,BA,Boeing,2024-08-09,downgrade,hold,underperform,188,153,167.91,,,174.96,157.62,154.65,150.98,229.12,EXIT LIQUIDITY,STRONG,STRONG,STRONG,EXIT LIQUIDITY,Demo. Downgrade reflects slower orders than the prior note assumed.,false,,,computed,no-source-url,,530
call_0532,demo,graded,christopher-adeyemi,Christopher Adeyemi,jpmorgan,JPMorgan,GE,GE Aerospace,2024-09-13,upgrade,hold,buy,169,214,176.24,,,183.53,189.26,180.82,163.19,280.27,STRONG,STRONG,WEAK,EXIT LIQUIDITY,STRONG,Demo. Rating change follows a round of channel checks that ran ahead of the model.,true,Price target moved more than 25%.,,computed,controversial;no-source-url,,531
call_0533,demo,graded,christopher-adeyemi,Christopher Adeyemi,jpmorgan,JPMorgan,CAT,Caterpillar,2024-10-18,downgrade,hold,underperform,337,302,384.26,,,371.71,376.06,367.96,372.61,522.38,STRONG,STRONG,STRONG,PROVISIONAL,EXIT LIQUIDITY,Demo. Cut the rating as the multiple stopped paying for the growth rate.,false,,,computed,no-source-url,,532
call_0534,demo,graded,christopher-adeyemi,Christopher Adeyemi,jpmorgan,JPMorgan,HON,Honeywell,2024-11-22,downgrade,hold,underperform,188,196,218.67,,,216.07,217.92,214.82,201.72,196.63,STRONG,WEAK,WEAK,STRONG,STRONG,Demo. Cut the rating as the multiple stopped paying for the growth rate.,false,,,computed,no-source-url,,533
call_0535,demo,graded,christopher-adeyemi,Christopher Adeyemi,jpmorgan,JPMorgan,BA,Boeing,2024-12-27,upgrade,underperform,strong_buy,153,202,180.72,,,172,176.06,178.27,179.11,216.44,EXIT LIQUIDITY,EXIT LIQUIDITY,WEAK,WEAK,STRONG,Demo. Upgrade cites a cleaner setup into the next two prints.,true,Two-notch rating change. Price target moved more than 25%.,,computed,controversial;no-source-url,,534
call_0536,demo,graded,christopher-adeyemi,Christopher Adeyemi,jpmorgan,JPMorgan,GE,GE Aerospace,2025-01-31,downgrade,buy,hold,214,195,201.87,,,206.53,205.25,202.46,202.29,305.96,WEAK,STRONG,STRONG,STRONG,EXIT LIQUIDITY,Demo. Cut the rating as the multiple stopped paying for the growth rate.,false,,,computed,no-source-url,,535
call_0537,demo,graded,christopher-adeyemi,Christopher Adeyemi,jpmorgan,JPMorgan,CAT,Caterpillar,2025-03-07,upgrade,underperform,hold,302,347,344.25,,,329.98,283.1,316.87,344.58,678.35,WEAK,EXIT LIQUIDITY,WEAK,STRONG,EXIT LIQUIDITY,Demo. Rating change follows a round of channel checks that ran ahead of the model.,false,,,computed,no-source-url,,536
call_0538,demo,graded,christopher-adeyemi,Christopher Adeyemi,jpmorgan,JPMorgan,HON,Honeywell,2025-04-11,upgrade,underperform,buy,196,225,190.52,,,191.1,204.41,218.22,228.35,244.42,EXIT LIQUIDITY,STRONG,STRONG,STRONG,STRONG,Demo. Rating change follows a round of channel checks that ran ahead of the model.,true,Two-notch rating change.,,computed,controversial;no-source-url,,537
call_0539,demo,graded,christopher-adeyemi,Christopher Adeyemi,jpmorgan,JPMorgan,BA,Boeing,2025-05-16,target_raise,strong_buy,strong_buy,202,226,205.82,,,207.32,200.32,230,233.19,220.49,WEAK,EXIT LIQUIDITY,STRONG,STRONG,PROVISIONAL,Demo. Target moved up with the rating unchanged.,false,,,computed,no-source-url,,538
call_0540,demo,graded,christopher-adeyemi,Christopher Adeyemi,jpmorgan,JPMorgan,GE,GE Aerospace,2025-06-20,upgrade,hold,strong_buy,195,285,237.81,,,245.27,261.94,264.59,295.59,357.19,STRONG,STRONG,STRONG,STRONG,STRONG,Demo. Upgrade cites a cleaner setup into the next two prints.,true,Two-notch rating change. Price target moved more than 25%.,,computed,controversial;no-source-url,,539
call_0541,demo,graded,christopher-adeyemi,Christopher Adeyemi,jpmorgan,JPMorgan,CAT,Caterpillar,2025-07-25,upgrade,hold,buy,347,510,429.88,,,412.8,431.78,467.06,517.34,888.73,EXIT LIQUIDITY,EXIT LIQUIDITY,STRONG,STRONG,STRONG,Demo. Rating change follows a round of channel checks that ran ahead of the model.,true,Price target moved more than 25%.,,computed,controversial;no-source-url,,540
call_0542,demo,graded,christopher-adeyemi,Christopher Adeyemi,jpmorgan,JPMorgan,HON,Honeywell,2025-08-29,downgrade,buy,underperform,225,193,212.8,,,205.01,201.84,207.87,196.6,217.43,STRONG,STRONG,PROVISIONAL,STRONG,WEAK,Demo. Moved down a notch. The target now sits closer to the base case.,true,Two-notch rating change.,,computed,controversial;no-source-url,,541
call_0543,demo,graded,christopher-adeyemi,Christopher Adeyemi,jpmorgan,JPMorgan,BA,Boeing,2025-10-03,downgrade,strong_buy,sell,226,174,216.3,,,212.94,201.02,205.38,217.12,,STRONG,STRONG,STRONG,WEAK,Not graded yet,Demo. Downgrade reflects slower orders than the prior note assumed.,true,Two-notch rating change.,,computed,horizon-open;controversial;no-source-url,,542
call_0544,demo,graded,christopher-adeyemi,Christopher Adeyemi,jpmorgan,JPMorgan,GE,GE Aerospace,2025-11-07,downgrade,strong_buy,buy,285,380,306.09,,,286.34,282.85,326.66,305.54,,EXIT LIQUIDITY,EXIT LIQUIDITY,STRONG,EXIT LIQUIDITY,Not graded yet,Demo. Downgrade reflects slower orders than the prior note assumed.,true,Price target moved more than 25%.,,computed,horizon-open;controversial;no-source-url,,543
call_0545,demo,graded,christopher-adeyemi,Christopher Adeyemi,jpmorgan,JPMorgan,CAT,Caterpillar,2025-12-12,downgrade,buy,hold,510,586,594.26,,,579.46,613.87,739.59,698.06,,WEAK,WEAK,EXIT LIQUIDITY,WEAK,Not graded yet,Demo. Moved down a notch. The target now sits closer to the base case.,false,,,computed,horizon-open;no-source-url,,544
call_0546,demo,graded,christopher-adeyemi,Christopher Adeyemi,jpmorgan,JPMorgan,HON,Honeywell,2026-01-16,target_cut,underperform,underperform,193,164,227.02,,,235.43,249.77,240.66,238.54,,EXIT LIQUIDITY,EXIT LIQUIDITY,EXIT LIQUIDITY,EXIT LIQUIDITY,Not graded yet,Demo. Target came down. The rating stayed put.,false,,,computed,horizon-open;no-source-url,,545
call_0547,demo,graded,christopher-adeyemi,Christopher Adeyemi,jpmorgan,JPMorgan,BA,Boeing,2026-02-20,upgrade,sell,underperform,174,213,232.03,,,231.11,195.12,219.16,219.61,,WEAK,STRONG,STRONG,STRONG,Not graded yet,Demo. Upgrade cites a cleaner setup into the next two prints.,false,,,computed,horizon-open;no-source-url,,546
call_0548,demo,graded,christopher-adeyemi,Christopher Adeyemi,jpmorgan,JPMorgan,GE,GE Aerospace,2026-03-27,upgrade,buy,strong_buy,380,365,282.46,,,307.97,284.25,314.1,370.9,,STRONG,EXIT LIQUIDITY,STRONG,STRONG,Not graded yet,Demo. Rating change follows a round of channel checks that ran ahead of the model.,false,,,computed,horizon-open;no-source-url,,547
call_0549,demo,graded,christopher-adeyemi,Christopher Adeyemi,jpmorgan,JPMorgan,CAT,Caterpillar,2026-05-01,upgrade,hold,buy,586,1053,888.02,,,886.67,874.25,1062.93,809.14,,EXIT LIQUIDITY,EXIT LIQUIDITY,STRONG,EXIT LIQUIDITY,Not graded yet,Demo. Rating change follows a round of channel checks that ran ahead of the model.,true,Price target moved more than 25%.,,computed,horizon-open;controversial;no-source-url,,548
call_0550,demo,graded,christopher-adeyemi,Christopher Adeyemi,jpmorgan,JPMorgan,HON,Honeywell,2026-06-05,upgrade,underperform,hold,164,224,223.73,,,239.46,229.17,248.05,207.63,,WEAK,PROVISIONAL,WEAK,WEAK,Not graded yet,Demo. Moved up a notch after the quarter cleared a low bar.,true,Price target moved more than 25%.,,computed,horizon-open;controversial;no-source-url,,549
call_0551,demo,graded,ingrid-solberg,Ingrid Solberg,ubs,UBS,HON,Honeywell,2024-02-06,initiate,,hold,,181,180.95,,,185.91,190.38,185.25,183.23,212.22,WEAK,WEAK,STRONG,STRONG,WEAK,Demo. New coverage. The target assumes margins hold near the last print.,false,,,computed,no-source-url,,550
call_0552,demo,graded,ingrid-solberg,Ingrid Solberg,ubs,UBS,CAT,Caterpillar,2024-03-12,initiate,,buy,,363,326.5,,,345.04,360.13,344.74,320.27,332.29,STRONG,STRONG,STRONG,WEAK,WEAK,Demo. Initiation note leans on relative valuation versus the coverage group.,false,,,computed,no-source-url,,551
call_0553,demo,graded,ingrid-solberg,Ingrid Solberg,ubs,UBS,BA,Boeing,2024-04-16,initiate,,underperform,,137,170.55,,,167.84,182.96,177.27,179.11,156.47,STRONG,EXIT LIQUIDITY,EXIT LIQUIDITY,EXIT LIQUIDITY,STRONG,Demo. New coverage. The target assumes margins hold near the last print.,false,,,computed,no-source-url,,552
call_0554,demo,graded,ingrid-solberg,Ingrid Solberg,ubs,UBS,GE,GE Aerospace,2024-05-21,initiate,,hold,,160,158.89,,,159.27,162.84,157.31,168.98,232.02,STRONG,PROVISIONAL,STRONG,PROVISIONAL,EXIT LIQUIDITY,Demo. New coverage. The target assumes margins hold near the last print.,false,,,computed,no-source-url,,553
call_0555,demo,graded,ingrid-solberg,Ingrid Solberg,ubs,UBS,HON,Honeywell,2024-06-25,downgrade,hold,underperform,181,160,202.57,,,198.93,191.23,192.31,193.53,213.91,STRONG,STRONG,STRONG,PROVISIONAL,WEAK,Demo. Cut the rating as the multiple stopped paying for the growth rate.,false,,,computed,no-source-url,,554
call_0556,demo,graded,ingrid-solberg,Ingrid Solberg,ubs,UBS,CAT,Caterpillar,2024-07-30,reiterate,buy,buy,363,372,333.39,,,330.55,343.07,381.55,382.46,430.25,EXIT LIQUIDITY,STRONG,STRONG,STRONG,STRONG,Demo. Kept the rating and walked through what would force a change.,false,,,computed,no-source-url,,555
call_0557,demo,graded,ingrid-solberg,Ingrid Solberg,ubs,UBS,BA,Boeing,2024-09-03,upgrade,underperform,hold,137,150,161.02,,,156.39,150.52,154.59,156.54,232.38,WEAK,WEAK,STRONG,STRONG,EXIT LIQUIDITY,Demo. Rating change follows a round of channel checks that ran ahead of the model.,false,,,computed,no-source-url,,556
call_0558,demo,graded,ingrid-solberg,Ingrid Solberg,ubs,UBS,GE,GE Aerospace,2024-10-08,downgrade,hold,underperform,160,169,185.6,,,174.9,177.07,173.83,171.01,301.4,STRONG,STRONG,STRONG,STRONG,EXIT LIQUIDITY,Demo. Cut the rating as the multiple stopped paying for the growth rate.,false,,,computed,no-source-url,,557
call_0559,demo,graded,ingrid-solberg,Ingrid Solberg,ubs,UBS,HON,Honeywell,2024-11-12,upgrade,underperform,buy,160,277,222.16,,,219.9,217.32,208.25,199.02,207.36,EXIT LIQUIDITY,EXIT LIQUIDITY,EXIT LIQUIDITY,EXIT LIQUIDITY,WEAK,Demo. Rating change follows a round of channel checks that ran ahead of the model.,true,Two-notch rating change. Price target moved more than 25%.,,computed,controversial;no-source-url,,558
call_0560,demo,graded,ingrid-solberg,Ingrid Solberg,ubs,UBS,CAT,Caterpillar,2024-12-17,downgrade,buy,sell,372,334,367.96,,,355.19,372.61,347.22,336.72,558.48,STRONG,WEAK,STRONG,STRONG,EXIT LIQUIDITY,Demo. Cut the rating as the multiple stopped paying for the growth rate.,true,Two-notch rating change.,,computed,controversial;no-source-url,,559
call_0561,demo,graded,ingrid-solberg,Ingrid Solberg,ubs,UBS,BA,Boeing,2025-01-21,upgrade,hold,buy,150,194,175.56,,,176.23,180.88,178.11,159.34,250.07,EXIT LIQUIDITY,STRONG,WEAK,WEAK,STRONG,Demo. Moved up a notch after the quarter cleared a low bar.,true,Price target moved more than 25%.,,computed,controversial;no-source-url,,560
call_0562,demo,graded,ingrid-solberg,Ingrid Solberg,ubs,UBS,GE,GE Aerospace,2025-02-25,upgrade,underperform,hold,169,194,197.61,,,190.47,204.54,197.14,231.28,341.96,WEAK,WEAK,STRONG,WEAK,EXIT LIQUIDITY,Demo. Rating change follows a round of channel checks that ran ahead of the model.,false,,,computed,no-source-url,,561
call_0563,demo,graded,ingrid-solberg,Ingrid Solberg,ubs,UBS,HON,Honeywell,2025-04-01,downgrade,buy,hold,277,210,204.82,,,190.77,202.22,218.61,224.6,237.31,EXIT LIQUIDITY,STRONG,WEAK,WEAK,WEAK,Demo. Moved down a notch. The target now sits closer to the base case.,false,,,computed,no-source-url,,562
call_0564,demo,graded,ingrid-solberg,Ingrid Solberg,ubs,UBS,CAT,Caterpillar,2025-05-06,upgrade,sell,buy,334,414,316.87,,,345.11,344.58,392.87,429.83,925.21,STRONG,STRONG,STRONG,STRONG,STRONG,Demo. Rating change follows a round of channel checks that ran ahead of the model.,true,Two-notch rating change.,,computed,controversial;no-source-url,,563
call_0565,demo,graded,ingrid-solberg,Ingrid Solberg,ubs,UBS,BA,Boeing,2025-06-10,target_raise,buy,buy,194,236,215.73,,,200.94,226.09,229.12,230.95,209,EXIT LIQUIDITY,STRONG,STRONG,STRONG,WEAK,Demo. Raised the target on a higher out-year margin assumption.,false,,,computed,no-source-url,,564
call_0566,demo,graded,ingrid-solberg,Ingrid Solberg,ubs,UBS,GE,GE Aerospace,2025-07-15,target_raise,hold,hold,194,270,263.33,,,268.94,268.34,280.27,296.39,360.35,WEAK,STRONG,WEAK,WEAK,WEAK,Demo. Raised the target on a higher out-year margin assumption.,true,Price target moved more than 25%.,,computed,controversial;no-source-url,,565
call_0567,demo,graded,ingrid-solberg,Ingrid Solberg,ubs,UBS,HON,Honeywell,2025-08-19,target_cut,hold,hold,210,198,210.12,,,210.96,203.78,196.77,202.9,221.73,STRONG,WEAK,WEAK,STRONG,STRONG,Demo. Cut the target to reflect a lower multiple versus the group.,false,,,computed,no-source-url,,566
call_0568,demo,graded,ingrid-solberg,Ingrid Solberg,ubs,UBS,CAT,Caterpillar,2025-09-23,target_raise,buy,buy,414,568,467.06,,,482.37,517.34,547.09,578.87,,STRONG,STRONG,STRONG,STRONG,Not graded yet,Demo. Raised the target on a higher out-year margin assumption.,true,Price target moved more than 25%.,,computed,horizon-open;controversial;no-source-url,,567
call_0569,demo,graded,ingrid-solberg,Ingrid Solberg,ubs,UBS,BA,Boeing,2025-10-28,downgrade,buy,hold,236,217,223.33,,,195.21,186.92,216.44,248.43,,EXIT LIQUIDITY,EXIT LIQUIDITY,STRONG,WEAK,Not graded yet,Demo. Moved down a notch. The target now sits closer to the base case.,false,,,computed,horizon-open;no-source-url,,568
call_0570,demo,graded,ingrid-solberg,Ingrid Solberg,ubs,UBS,GE,GE Aerospace,2025-12-02,target_raise,hold,hold,270,280,288.21,,,297.58,307.2,305.96,344.81,,WEAK,WEAK,WEAK,EXIT LIQUIDITY,Not graded yet,Demo. Raised the target on a higher out-year margin assumption.,false,,,computed,horizon-open;no-source-url,,569
call_0571,demo,graded,ingrid-solberg,Ingrid Solberg,ubs,UBS,HON,Honeywell,2026-01-06,upgrade,hold,buy,198,240,212.07,,,222.55,241.98,244.68,237.32,,STRONG,STRONG,STRONG,STRONG,Not graded yet,Demo. Upgrade cites a cleaner setup into the next two prints.,false,,,computed,horizon-open;no-source-url,,570
call_0572,demo,graded,ingrid-solberg,Ingrid Solberg,ubs,UBS,CAT,Caterpillar,2026-02-10,downgrade,buy,sell,568,547,739.59,,,765.35,698.06,787.7,925.07,,EXIT LIQUIDITY,STRONG,EXIT LIQUIDITY,EXIT LIQUIDITY,Not graded yet,Demo. Downgrade reflects slower orders than the prior note assumed.,true,Two-notch rating change.,,computed,horizon-open;controversial;no-source-url,,571
call_0573,demo,graded,ingrid-solberg,Ingrid Solberg,ubs,UBS,BA,Boeing,2026-03-17,reiterate,hold,hold,217,213,210.82,,,199.03,218.88,220.49,228.95,,WEAK,WEAK,PROVISIONAL,WEAK,Not graded yet,Demo. Same rating. The target was refreshed for the latest share count.,false,,,computed,horizon-open;no-source-url,,572
call_0574,demo,graded,ingrid-solberg,Ingrid Solberg,ubs,UBS,GE,GE Aerospace,2026-04-21,downgrade,hold,sell,280,233,286.37,,,286.32,301.38,357.19,341.3,,EXIT LIQUIDITY,EXIT LIQUIDITY,EXIT LIQUIDITY,EXIT LIQUIDITY,Not graded yet,Demo. Cut the rating as the multiple stopped paying for the growth rate.,true,Two-notch rating change.,,computed,horizon-open;controversial;no-source-url,,573
call_0575,demo,graded,ingrid-solberg,Ingrid Solberg,ubs,UBS,HON,Honeywell,2026-05-26,downgrade,buy,sell,240,219,242.29,,,225.54,241.79,242.42,214.77,,STRONG,WEAK,WEAK,STRONG,Not graded yet,Demo. Moved down a notch. The target now sits closer to the base case.,true,Two-notch rating change.,,computed,horizon-open;controversial;no-source-url,,574
call_0576,demo,graded,patrick-nguyen,Patrick Nguyen,ubs,UBS,AVGO,Broadcom,2024-02-07,initiate,,buy,,141,122.47,,,119.59,127.51,131.05,127.5,228.45,EXIT LIQUIDITY,STRONG,STRONG,PROVISIONAL,STRONG,Demo. Initiation note leans on relative valuation versus the coverage group.,false,,,computed,no-source-url,,575
call_0577,demo,graded,patrick-nguyen,Patrick Nguyen,ubs,UBS,GOOGL,Alphabet,2024-03-13,initiate,,hold,,134,138.47,,,149.45,156.24,167.06,175.16,162,EXIT LIQUIDITY,EXIT LIQUIDITY,EXIT LIQUIDITY,EXIT LIQUIDITY,WEAK,Demo. Initiation note leans on relative valuation versus the coverage group.,false,,,computed,no-source-url,,576
call_0578,demo,graded,patrick-nguyen,Patrick Nguyen,ubs,UBS,AMD,AMD,2024-04-17,initiate,,buy,,173,154.02,,,144.27,164.47,159.63,177.55,87.5,EXIT LIQUIDITY,STRONG,PROVISIONAL,STRONG,EXIT LIQUIDITY,Demo. Initiation note leans on relative valuation versus the coverage group.,false,,,computed,no-source-url,,577
call_0579,demo,graded,patrick-nguyen,Patrick Nguyen,ubs,UBS,AMZN,Amazon,2024-05-22,initiate,,underperform,,144,183.13,,,181.28,189.08,183.13,178.88,203.1,STRONG,EXIT LIQUIDITY,EXIT LIQUIDITY,WEAK,WEAK,Demo. Opened coverage with a fresh model and a twelve-month target.,false,,,computed,no-source-url,,578
call_0580,demo,graded,patrick-nguyen,Patrick Nguyen,ubs,UBS,CRM,Salesforce,2024-06-26,initiate,,sell,,194,238.91,,,248.57,258.53,259.8,266.55,268,EXIT LIQUIDITY,EXIT LIQUIDITY,EXIT LIQUIDITY,EXIT LIQUIDITY,WEAK,Demo. Opened coverage with a fresh model and a twelve-month target.,false,,,computed,no-source-url,,579
call_0581,demo,graded,patrick-nguyen,Patrick Nguyen,ubs,UBS,AVGO,Broadcom,2024-07-31,upgrade,buy,strong_buy,141,183,157.71,,,154.78,159.81,170.06,176.51,291.56,EXIT LIQUIDITY,WEAK,STRONG,STRONG,STRONG,Demo. Upgrade cites a cleaner setup into the next two prints.,true,Price target moved more than 25%.,,computed,controversial;no-source-url,,580
call_0582,demo,graded,patrick-nguyen,Patrick Nguyen,ubs,UBS,GOOGL,Alphabet,2024-09-04,target_raise,hold,hold,134,158,155.15,,,158.7,165.9,170.1,170.15,231.49,WEAK,WEAK,WEAK,WEAK,EXIT LIQUIDITY,Demo. Raised the target on a higher out-year margin assumption.,false,,,computed,no-source-url,,581
call_0583,demo,graded,patrick-nguyen,Patrick Nguyen,ubs,UBS,AMD,AMD,2024-10-09,downgrade,buy,sell,173,132,171.02,,,152.91,147.95,138.59,127.33,232.89,STRONG,STRONG,STRONG,STRONG,EXIT LIQUIDITY,Demo. Cut the rating as the multiple stopped paying for the growth rate.,true,Two-notch rating change.,,computed,controversial;no-source-url,,582
call_0584,demo,graded,patrick-nguyen,Patrick Nguyen,ubs,UBS,AMZN,Amazon,2024-11-13,upgrade,underperform,buy,144,234,214.1,,,205.74,227.46,218.94,232.76,237.58,EXIT LIQUIDITY,STRONG,PROVISIONAL,STRONG,STRONG,Demo. Upgrade cites a cleaner setup into the next two prints.,true,Two-notch rating change. Price target moved more than 25%.,,computed,controversial;no-source-url,,583
call_0585,demo,graded,patrick-nguyen,Patrick Nguyen,ubs,UBS,CRM,Salesforce,2024-12-18,upgrade,sell,hold,194,330,332.76,,,329.9,320.26,322.21,275.04,256.09,STRONG,WEAK,STRONG,WEAK,WEAK,Demo. Moved up a notch after the quarter cleared a low bar.,true,Two-notch rating change. Price target moved more than 25%.,,computed,controversial;no-source-url,,584
call_0586,demo,graded,patrick-nguyen,Patrick Nguyen,ubs,UBS,AVGO,Broadcom,2025-01-22,downgrade,strong_buy,underperform,183,165,237.88,,,229.08,215.91,189.82,167.95,324.3,STRONG,STRONG,STRONG,STRONG,EXIT LIQUIDITY,Demo. Cut the rating as the multiple stopped paying for the growth rate.,true,Two-notch rating change.,,computed,controversial;no-source-url,,585
call_0587,demo,graded,patrick-nguyen,Patrick Nguyen,ubs,UBS,GOOGL,Alphabet,2025-02-26,upgrade,hold,strong_buy,158,209,171.72,,,166.33,153.61,161.2,172.09,306.78,EXIT LIQUIDITY,EXIT LIQUIDITY,EXIT LIQUIDITY,WEAK,STRONG,Demo. Rating change follows a round of channel checks that ran ahead of the model.,true,Two-notch rating change. Price target moved more than 25%.,,computed,controversial;no-source-url,,586
call_0588,demo,graded,patrick-nguyen,Patrick Nguyen,ubs,UBS,AMD,AMD,2025-04-02,upgrade,sell,buy,132,141,102.96,,,88.29,98.8,110.73,136.11,217.5,EXIT LIQUIDITY,EXIT LIQUIDITY,STRONG,STRONG,STRONG,Demo. Moved up a notch after the quarter cleared a low bar.,true,Two-notch rating change.,,computed,controversial;no-source-url,,587
call_0589,demo,graded,patrick-nguyen,Patrick Nguyen,ubs,UBS,AMZN,Amazon,2025-05-07,target_cut,buy,buy,234,207,188.71,,,201.12,213.57,223.41,213.75,271.17,STRONG,STRONG,STRONG,STRONG,STRONG,Demo. Cut the target to reflect a lower multiple versus the group.,false,,,computed,no-source-url,,588
call_0590,demo,graded,patrick-nguyen,Patrick Nguyen,ubs,UBS,CRM,Salesforce,2025-06-11,downgrade,hold,sell,330,241,262.8,,,265.05,255.45,238.07,249.51,166.16,EXIT LIQUIDITY,STRONG,STRONG,STRONG,STRONG,Demo. Downgrade reflects slower orders than the prior note assumed.,true,Two-notch rating change. Price target moved more than 25%.,,computed,controversial;no-source-url,,589
call_0591,demo,graded,patrick-nguyen,Patrick Nguyen,ubs,UBS,AVGO,Broadcom,2025-07-16,upgrade,underperform,buy,165,349,278.77,,,300.42,304.11,357.25,342.21,374.45,STRONG,STRONG,STRONG,STRONG,STRONG,Demo. Moved up a notch after the quarter cleared a low bar.,true,Two-notch rating change. Price target moved more than 25%.,,computed,controversial;no-source-url,,590
call_0592,demo,graded,patrick-nguyen,Patrick Nguyen,ubs,UBS,GOOGL,Alphabet,2025-08-20,downgrade,strong_buy,hold,209,203,198.63,,,229.86,254.06,252.64,283.54,340.45,EXIT LIQUIDITY,EXIT LIQUIDITY,EXIT LIQUIDITY,EXIT LIQUIDITY,EXIT LIQUIDITY,Demo. Moved down a notch. The target now sits closer to the base case.,true,Two-notch rating change.,,computed,controversial;no-source-url,,591
call_0593,demo,graded,patrick-nguyen,Patrick Nguyen,ubs,UBS,AMD,AMD,2025-09-24,target_raise,buy,buy,141,208,160.88,,,235.56,252.92,203.78,214.9,,STRONG,STRONG,STRONG,STRONG,Not graded yet,Demo. Raised the target on a higher out-year margin assumption.,true,Price target moved more than 25%.,,computed,horizon-open;controversial;no-source-url,,592
call_0594,demo,graded,patrick-nguyen,Patrick Nguyen,ubs,UBS,AMZN,Amazon,2025-10-29,downgrade,buy,hold,207,228,230.3,,,244.2,233.22,232.52,244.68,,WEAK,STRONG,STRONG,PROVISIONAL,Not graded yet,Demo. Cut the rating as the multiple stopped paying for the growth rate.,false,,,computed,horizon-open;no-source-url,,593
call_0595,demo,graded,patrick-nguyen,Patrick Nguyen,ubs,UBS,CRM,Salesforce,2025-12-03,upgrade,sell,buy,241,271,236.71,,,255.97,251.89,210.84,194.71,,STRONG,STRONG,EXIT LIQUIDITY,EXIT LIQUIDITY,Not graded yet,Demo. Rating change follows a round of channel checks that ran ahead of the model.,true,Two-notch rating change.,,computed,horizon-open;controversial;no-source-url,,594
call_0596,demo,graded,patrick-nguyen,Patrick Nguyen,ubs,UBS,AVGO,Broadcom,2026-01-07,downgrade,buy,hold,349,337,342.24,,,327.59,331.7,329.27,333.44,,WEAK,WEAK,STRONG,STRONG,Not graded yet,Demo. Moved down a notch. The target now sits closer to the base case.,false,,,computed,horizon-open;no-source-url,,595
call_0597,demo,graded,patrick-nguyen,Patrick Nguyen,ubs,UBS,GOOGL,Alphabet,2026-02-11,downgrade,hold,sell,203,242,310.36,,,312.29,301.91,316.85,386.87,,EXIT LIQUIDITY,STRONG,EXIT LIQUIDITY,EXIT LIQUIDITY,Not graded yet,Demo. Downgrade reflects slower orders than the prior note assumed.,true,Two-notch rating change.,,computed,horizon-open;controversial;no-source-url,,596
call_0598,demo,graded,patrick-nguyen,Patrick Nguyen,ubs,UBS,AMD,AMD,2026-03-18,upgrade,buy,strong_buy,208,309,199.46,,,210.21,278.39,424.1,507.29,,STRONG,STRONG,STRONG,STRONG,Not graded yet,Demo. Rating change follows a round of channel checks that ran ahead of the model.,true,Price target moved more than 25%.,,computed,horizon-open;controversial;no-source-url,,597
call_0599,demo,graded,patrick-nguyen,Patrick Nguyen,ubs,UBS,AMZN,Amazon,2026-04-22,downgrade,hold,underperform,228,192,255.36,,,274.99,266.32,244.39,247.55,,EXIT LIQUIDITY,EXIT LIQUIDITY,STRONG,WEAK,Not graded yet,Demo. Cut the rating as the multiple stopped paying for the growth rate.,false,,,computed,horizon-open;no-source-url,,598
call_0600,demo,graded,patrick-nguyen,Patrick Nguyen,ubs,UBS,CRM,Salesforce,2026-05-27,downgrade,buy,hold,271,181,176.74,,,170.18,158.09,163.37,205.33,,WEAK,EXIT LIQUIDITY,WEAK,WEAK,Not graded yet,Demo. Moved down a notch. The target now sits closer to the base case.,true,Price target moved more than 25%.,,computed,horizon-open;controversial;no-source-url,,599
call_0601,demo,graded,rebecca-holt,Rebecca Holt,barclays,Barclays,GS,Goldman Sachs Group,2024-02-08,initiate,,buy,,441,363.1,,,368.22,367.52,389.89,424.47,633.51,STRONG,WEAK,STRONG,STRONG,STRONG,Demo. Initiation note leans on relative valuation versus the coverage group.,false,,,computed,no-source-url,,600
call_0602,demo,graded,rebecca-holt,Rebecca Holt,barclays,Barclays,MA,Mastercard,2024-03-14,initiate,,sell,,435,472.43,,,474.49,459.17,451.65,437.09,522.83,EXIT LIQUIDITY,STRONG,STRONG,STRONG,WEAK,Demo. Opened coverage with a fresh model and a twelve-month target.,false,,,computed,no-source-url,,601
call_0603,demo,graded,rebecca-holt,Rebecca Holt,barclays,Barclays,JPM,JPMorgan Chase,2024-04-18,initiate,,buy,,208,172.98,,,182.92,195.45,186.09,208.13,226.51,STRONG,STRONG,STRONG,STRONG,STRONG,Demo. Initiation note leans on relative valuation versus the coverage group.,false,,,computed,no-source-url,,602
call_0604,demo,graded,rebecca-holt,Rebecca Holt,barclays,Barclays,BAC,Bank of America,2024-05-23,initiate,,buy,,44.5,37,,,37.5,37.53,40.2,36.83,41.82,STRONG,WEAK,STRONG,WEAK,STRONG,Demo. New coverage. The target assumes margins hold near the last print.,false,,,computed,no-source-url,,603
call_0605,demo,graded,rebecca-holt,Rebecca Holt,barclays,Barclays,V,Visa,2024-06-27,initiate,,strong_buy,,305,262.1,,,258.13,255.09,264.23,265.63,345.24,EXIT LIQUIDITY,EXIT LIQUIDITY,WEAK,WEAK,STRONG,Demo. Opened coverage with a fresh model and a twelve-month target.,false,,,computed,no-source-url,,604
call_0606,demo,graded,rebecca-holt,Rebecca Holt,barclays,Barclays,GS,Goldman Sachs Group,2024-08-01,upgrade,buy,strong_buy,441,521,477.84,,,476.79,490.4,475.85,504,692.18,EXIT LIQUIDITY,STRONG,WEAK,STRONG,STRONG,Demo. Rating change follows a round of channel checks that ran ahead of the model.,false,,,computed,no-source-url,,605
call_0607,demo,graded,rebecca-holt,Rebecca Holt,barclays,Barclays,MA,Mastercard,2024-09-05,upgrade,sell,buy,435,520,471.69,,,487.15,491.79,500.24,515.63,580.6,STRONG,STRONG,STRONG,STRONG,STRONG,Demo. Upgrade cites a cleaner setup into the next two prints.,true,Two-notch rating change.,,computed,controversial;no-source-url,,606
call_0608,demo,graded,rebecca-holt,Rebecca Holt,barclays,Barclays,JPM,JPMorgan Chase,2024-10-10,upgrade,buy,strong_buy,208,240,205.51,,,217.23,228.82,235.41,235.97,296.68,STRONG,STRONG,STRONG,STRONG,STRONG,Demo. Rating change follows a round of channel checks that ran ahead of the model.,false,,,computed,no-source-url,,607
call_0609,demo,graded,rebecca-holt,Rebecca Holt,barclays,Barclays,BAC,Bank of America,2024-11-14,downgrade,buy,sell,44.5,35,43.91,,,45.7,43.93,43.34,44.45,51.51,EXIT LIQUIDITY,EXIT LIQUIDITY,EXIT LIQUIDITY,WEAK,EXIT LIQUIDITY,Demo. Cut the rating as the multiple stopped paying for the growth rate.,true,Two-notch rating change.,,computed,controversial;no-source-url,,608
call_0610,demo,graded,rebecca-holt,Rebecca Holt,barclays,Barclays,V,Visa,2024-12-19,downgrade,strong_buy,buy,305,330,310.79,,,310.32,315.47,349.81,336.02,347.17,WEAK,PROVISIONAL,STRONG,STRONG,STRONG,Demo. Cut the rating as the multiple stopped paying for the growth rate.,false,,,computed,no-source-url,,609
call_0611,demo,graded,rebecca-holt,Rebecca Holt,barclays,Barclays,GS,Goldman Sachs Group,2025-01-23,downgrade,strong_buy,hold,521,612,617.67,,,635.75,604.24,563.07,513.78,905.62,WEAK,PROVISIONAL,WEAK,WEAK,EXIT LIQUIDITY,Demo. Cut the rating as the multiple stopped paying for the growth rate.,true,Two-notch rating change.,,computed,controversial;no-source-url,,610
call_0612,demo,graded,rebecca-holt,Rebecca Holt,barclays,Barclays,MA,Mastercard,2025-02-27,downgrade,buy,hold,520,580,559.68,,,515.1,535.69,530.46,571.58,515.46,EXIT LIQUIDITY,WEAK,PROVISIONAL,STRONG,STRONG,Demo. Moved down a notch. The target now sits closer to the base case.,false,,,computed,no-source-url,,611
call_0613,demo,graded,rebecca-holt,Rebecca Holt,barclays,Barclays,JPM,JPMorgan Chase,2025-04-03,downgrade,strong_buy,hold,240,227,221.95,,,226.51,246.58,258.45,285.14,291.79,WEAK,WEAK,WEAK,EXIT LIQUIDITY,WEAK,Demo. Moved down a notch. The target now sits closer to the base case.,true,Two-notch rating change.,,computed,controversial;no-source-url,,612
call_0614,demo,graded,rebecca-holt,Rebecca Holt,barclays,Barclays,BAC,Bank of America,2025-05-08,upgrade,sell,hold,35,40.5,40.27,,,41.92,43.79,47.38,44.23,50.79,WEAK,WEAK,EXIT LIQUIDITY,WEAK,WEAK,Demo. Upgrade cites a cleaner setup into the next two prints.,true,Two-notch rating change.,,computed,controversial;no-source-url,,613
call_0615,demo,graded,rebecca-holt,Rebecca Holt,barclays,Barclays,V,Visa,2025-06-12,target_raise,buy,buy,330,431,367.81,,,342.68,344.56,332.65,335.44,321.79,EXIT LIQUIDITY,EXIT LIQUIDITY,EXIT LIQUIDITY,EXIT LIQUIDITY,WEAK,Demo. Target moved up with the rating unchanged.,true,Price target moved more than 25%.,,computed,controversial;no-source-url,,614
call_0616,demo,graded,rebecca-holt,Rebecca Holt,barclays,Barclays,GS,Goldman Sachs Group,2025-07-17,target_raise,hold,hold,612,673,688.54,,,705.85,712.81,771.58,753.12,1060.03,WEAK,WEAK,WEAK,WEAK,EXIT LIQUIDITY,Demo. Target moved up with the rating unchanged.,false,,,computed,no-source-url,,615
call_0617,demo,graded,rebecca-holt,Rebecca Holt,barclays,Barclays,MA,Mastercard,2025-08-21,downgrade,hold,underperform,580,530,588.25,,,591.95,580.54,563.6,527.77,580.63,EXIT LIQUIDITY,PROVISIONAL,STRONG,STRONG,WEAK,Demo. Cut the rating as the multiple stopped paying for the growth rate.,false,,,computed,no-source-url,,616
call_0618,demo,graded,rebecca-holt,Rebecca Holt,barclays,Barclays,JPM,JPMorgan Chase,2025-09-25,upgrade,hold,buy,227,327,307.57,,,301.25,296.23,293.83,324.56,,EXIT LIQUIDITY,WEAK,WEAK,STRONG,Not graded yet,Demo. Moved up a notch after the quarter cleared a low bar.,true,Price target moved more than 25%.,,computed,horizon-open;controversial;no-source-url,,617
call_0619,demo,graded,rebecca-holt,Rebecca Holt,barclays,Barclays,BAC,Bank of America,2025-10-30,target_raise,hold,hold,40.5,52.5,51.92,,,51.77,52.53,54.48,50.99,,STRONG,STRONG,PROVISIONAL,STRONG,Not graded yet,Demo. Raised the target on a higher out-year margin assumption.,true,Price target moved more than 25%.,,computed,horizon-open;controversial;no-source-url,,618
call_0620,demo,graded,rebecca-holt,Rebecca Holt,barclays,Barclays,V,Visa,2025-12-04,downgrade,buy,sell,431,254,325.15,,,343.94,344.41,331.85,319.21,,EXIT LIQUIDITY,EXIT LIQUIDITY,EXIT LIQUIDITY,WEAK,Not graded yet,Demo. Downgrade reflects slower orders than the prior note assumed.,true,Two-notch rating change. Price target moved more than 25%.,,computed,horizon-open;controversial;no-source-url,,619
call_0621,demo,graded,rebecca-holt,Rebecca Holt,barclays,Barclays,GS,Goldman Sachs Group,2026-01-08,downgrade,hold,sell,673,712,921.34,,,940.88,915.35,824.34,897.38,,EXIT LIQUIDITY,EXIT LIQUIDITY,STRONG,WEAK,Not graded yet,Demo. Moved down a notch. The target now sits closer to the base case.,true,Two-notch rating change.,,computed,horizon-open;controversial;no-source-url,,620
call_0622,demo,graded,rebecca-holt,Rebecca Holt,barclays,Barclays,MA,Mastercard,2026-02-12,target_cut,underperform,underperform,530,482,525.67,,,513.03,496.3,507.73,489.82,,STRONG,STRONG,PROVISIONAL,STRONG,Not graded yet,Demo. Target came down. The rating stayed put.,false,,,computed,horizon-open;no-source-url,,621
call_0623,demo,graded,rebecca-holt,Rebecca Holt,barclays,Barclays,JPM,JPMorgan Chase,2026-03-19,downgrade,buy,hold,327,282,285.22,,,291.79,308.9,299.38,331.96,,WEAK,WEAK,PROVISIONAL,WEAK,Not graded yet,Demo. Downgrade reflects slower orders than the prior note assumed.,false,,,computed,horizon-open;no-source-url,,622
call_0624,demo,graded,rebecca-holt,Rebecca Holt,barclays,Barclays,BAC,Bank of America,2026-04-23,upgrade,hold,buy,52.5,59,51.93,,,52.21,51.27,57.08,61.31,,WEAK,EXIT LIQUIDITY,STRONG,STRONG,Not graded yet,Demo. Moved up a notch after the quarter cleared a low bar.,false,,,computed,horizon-open;no-source-url,,623
call_0625,demo,graded,rebecca-holt,Rebecca Holt,barclays,Barclays,V,Visa,2026-05-28,upgrade,sell,buy,254,377,324.35,,,318.46,335.61,361.86,383.9,,EXIT LIQUIDITY,STRONG,STRONG,STRONG,Not graded yet,Demo. Rating change follows a round of channel checks that ran ahead of the model.,true,Two-notch rating change. Price target moved more than 25%.,,computed,horizon-open;controversial;no-source-url,,624
call_0626,demo,graded,omar-farouk,Omar Farouk,barclays,Barclays,COP,ConocoPhillips,2024-02-09,initiate,,underperform,,80,102.26,,,103.32,104.7,122.53,114.32,93.02,EXIT LIQUIDITY,EXIT LIQUIDITY,EXIT LIQUIDITY,EXIT LIQUIDITY,STRONG,Demo. Opened coverage with a fresh model and a twelve-month target.,false,,,computed,no-source-url,,625
call_0627,demo,graded,omar-farouk,Omar Farouk,barclays,Barclays,CVX,Chevron,2024-03-15,initiate,,sell,,101,140.16,,,142.13,143.23,147.42,139.11,147.61,EXIT LIQUIDITY,EXIT LIQUIDITY,EXIT LIQUIDITY,EXIT LIQUIDITY,WEAK,Demo. Initiation note leans on relative valuation versus the coverage group.,false,,,computed,no-source-url,,626
call_0628,demo,graded,omar-farouk,Omar Farouk,barclays,Barclays,XOM,Exxon Mobil,2024-04-19,initiate,,hold,,114,110.64,,,107.06,111.32,101.77,110.54,102.01,WEAK,STRONG,WEAK,STRONG,STRONG,Demo. Initiation note leans on relative valuation versus the coverage group.,false,,,computed,no-source-url,,627
call_0629,demo,graded,omar-farouk,Omar Farouk,barclays,Barclays,COP,ConocoPhillips,2024-05-24,upgrade,underperform,buy,80,122,109.32,,,104.43,103.81,103.34,103.28,81.91,EXIT LIQUIDITY,EXIT LIQUIDITY,EXIT LIQUIDITY,WEAK,EXIT LIQUIDITY,Demo. Rating change follows a round of channel checks that ran ahead of the model.,true,Two-notch rating change. Price target moved more than 25%.,,computed,controversial;no-source-url,,628
call_0630,demo,graded,omar-farouk,Omar Farouk,barclays,Barclays,CVX,Chevron,2024-06-28,upgrade,sell,hold,101,140,142.37,,,141.61,143.66,135.24,130.68,136.82,STRONG,STRONG,PROVISIONAL,WEAK,STRONG,Demo. Rating change follows a round of channel checks that ran ahead of the model.,true,Two-notch rating change. Price target moved more than 25%.,,computed,controversial;no-source-url,,629
call_0631,demo,graded,omar-farouk,Omar Farouk,barclays,Barclays,XOM,Exxon Mobil,2024-08-02,upgrade,hold,buy,114,122,108.75,,,110.83,110.62,112.48,109.53,105.57,STRONG,PROVISIONAL,PROVISIONAL,WEAK,WEAK,Demo. Upgrade cites a cleaner setup into the next two prints.,false,,,computed,no-source-url,,630
call_0632,demo,graded,omar-farouk,Omar Farouk,barclays,Barclays,COP,ConocoPhillips,2024-09-06,target_raise,buy,buy,122,127,99.57,,,103.18,107.57,102.56,98.77,90.11,STRONG,STRONG,WEAK,EXIT LIQUIDITY,EXIT LIQUIDITY,Demo. Target moved up with the rating unchanged.,false,,,computed,no-source-url,,631
call_0633,demo,graded,omar-farouk,Omar Farouk,barclays,Barclays,CVX,Chevron,2024-10-11,downgrade,hold,sell,140,108,139.36,,,138.8,144.43,145.97,139.74,143.26,EXIT LIQUIDITY,EXIT LIQUIDITY,EXIT LIQUIDITY,EXIT LIQUIDITY,WEAK,Demo. Cut the rating as the multiple stopped paying for the growth rate.,true,Two-notch rating change.,,computed,controversial;no-source-url,,632
call_0634,demo,graded,omar-farouk,Omar Farouk,barclays,Barclays,XOM,Exxon Mobil,2024-11-15,downgrade,buy,underperform,122,100,112.82,,,111.55,104.81,103.75,103.17,116.94,STRONG,STRONG,STRONG,STRONG,WEAK,Demo. Moved down a notch. The target now sits closer to the base case.,true,Two-notch rating change.,,computed,controversial;no-source-url,,633
call_0635,demo,graded,omar-farouk,Omar Farouk,barclays,Barclays,COP,ConocoPhillips,2024-12-20,target_cut,buy,buy,127,100,89.96,,,95.6,100.1,92.91,97.54,89.96,STRONG,STRONG,PROVISIONAL,STRONG,WEAK,Demo. Cut the target to reflect a lower multiple versus the group.,false,,,computed,no-source-url,,634
call_0636,demo,graded,omar-farouk,Omar Farouk,barclays,Barclays,CVX,Chevron,2025-01-24,upgrade,sell,buy,108,165,144.71,,,141.9,147.51,155.99,130.73,162.19,EXIT LIQUIDITY,WEAK,STRONG,EXIT LIQUIDITY,STRONG,Demo. Upgrade cites a cleaner setup into the next two prints.,true,Two-notch rating change. Price target moved more than 25%.,,computed,controversial;no-source-url,,635
call_0637,demo,graded,omar-farouk,Omar Farouk,barclays,Barclays,XOM,Exxon Mobil,2025-02-28,upgrade,underperform,buy,100,126,106.22,,,106.76,112.32,103.38,98.88,150.5,WEAK,STRONG,EXIT LIQUIDITY,EXIT LIQUIDITY,STRONG,Demo. Upgrade cites a cleaner setup into the next two prints.,true,Two-notch rating change. Price target moved more than 25%.,,computed,controversial;no-source-url,,636
call_0638,demo,graded,omar-farouk,Omar Farouk,barclays,Barclays,COP,ConocoPhillips,2025-04-04,upgrade,buy,strong_buy,100,88,82.27,,,84.83,87.15,84.53,90.07,128.7,STRONG,STRONG,PROVISIONAL,STRONG,STRONG,Demo. Moved up a notch after the quarter cleared a low bar.,false,,,computed,no-source-url,,637
call_0639,demo,graded,omar-farouk,Omar Farouk,barclays,Barclays,CVX,Chevron,2025-05-09,target_cut,buy,buy,165,142,130.19,,,129.92,133.41,145.81,145.73,178.41,EXIT LIQUIDITY,STRONG,STRONG,STRONG,STRONG,Demo. Cut the target to reflect a lower multiple versus the group.,false,,,computed,no-source-url,,638
call_0640,demo,graded,omar-farouk,Omar Farouk,barclays,Barclays,XOM,Exxon Mobil,2025-06-13,downgrade,buy,hold,126,105,107.96,,,105.32,111.14,102.19,108.98,146.06,WEAK,WEAK,PROVISIONAL,STRONG,EXIT LIQUIDITY,Demo. Downgrade reflects slower orders than the prior note assumed.,false,,,computed,no-source-url,,639
call_0641,demo,graded,omar-farouk,Omar Farouk,barclays,Barclays,COP,ConocoPhillips,2025-07-18,downgrade,strong_buy,buy,88,99,88.11,,,89.19,91.66,91.65,84.25,113.95,STRONG,STRONG,STRONG,WEAK,STRONG,Demo. Downgrade reflects slower orders than the prior note assumed.,false,,,computed,no-source-url,,640
call_0642,demo,graded,omar-farouk,Omar Farouk,barclays,Barclays,CVX,Chevron,2025-08-22,downgrade,buy,sell,142,119,152.18,,,147.83,150.29,147.96,146.23,205.27,STRONG,WEAK,WEAK,PROVISIONAL,EXIT LIQUIDITY,Demo. Cut the rating as the multiple stopped paying for the growth rate.,true,Two-notch rating change.,,computed,controversial;no-source-url,,641
call_0643,demo,graded,omar-farouk,Omar Farouk,barclays,Barclays,XOM,Exxon Mobil,2025-09-26,target_raise,hold,hold,105,120,113.92,,,107.61,112.14,112.26,116.88,,EXIT LIQUIDITY,STRONG,STRONG,STRONG,Not graded yet,Demo. Target moved up with the rating unchanged.,false,,,computed,horizon-open;no-source-url,,642
call_0644,demo,graded,omar-farouk,Omar Farouk,barclays,Barclays,COP,ConocoPhillips,2025-10-31,upgrade,buy,strong_buy,99,103,86.14,,,88.58,86.78,92.07,100.58,,STRONG,EXIT LIQUIDITY,STRONG,STRONG,Not graded yet,Demo. Upgrade cites a cleaner setup into the next two prints.,false,,,computed,horizon-open;no-source-url,,643
call_0645,demo,graded,omar-farouk,Omar Farouk,barclays,Barclays,CVX,Chevron,2025-12-05,upgrade,sell,strong_buy,119,181,145.93,,,143.74,151.66,173.2,186.55,,EXIT LIQUIDITY,STRONG,STRONG,STRONG,Not graded yet,Demo. Rating change follows a round of channel checks that ran ahead of the model.,true,Two-notch rating change. Price target moved more than 25%.,,computed,horizon-open;controversial;no-source-url,,644
call_0646,demo,graded,omar-farouk,Omar Farouk,barclays,Barclays,XOM,Exxon Mobil,2026-01-09,reiterate,hold,hold,120,123,122.16,,,132.32,146.12,146.18,153,,WEAK,EXIT LIQUIDITY,EXIT LIQUIDITY,EXIT LIQUIDITY,Not graded yet,Demo. Reiterated. No change to the rating after the update.,false,,,computed,horizon-open;no-source-url,,645
call_0647,demo,graded,omar-farouk,Omar Farouk,barclays,Barclays,COP,ConocoPhillips,2026-02-13,downgrade,strong_buy,underperform,103,80,109.03,,,111.88,120.19,117.13,118.18,,EXIT LIQUIDITY,EXIT LIQUIDITY,EXIT LIQUIDITY,EXIT LIQUIDITY,Not graded yet,Demo. Moved down a notch. The target now sits closer to the base case.,true,Two-notch rating change.,,computed,horizon-open;controversial;no-source-url,,646
call_0648,demo,graded,omar-farouk,Omar Farouk,barclays,Barclays,CVX,Chevron,2026-03-20,downgrade,strong_buy,hold,181,203,198.17,,,195.46,180.74,195.54,172.13,,WEAK,WEAK,STRONG,WEAK,Not graded yet,Demo. Cut the rating as the multiple stopped paying for the growth rate.,true,Two-notch rating change.,,computed,horizon-open;controversial;no-source-url,,647
call_0649,demo,graded,omar-farouk,Omar Farouk,barclays,Barclays,XOM,Exxon Mobil,2026-04-24,target_raise,hold,hold,123,143,146.95,,,142.67,153.92,138.83,155.88,,WEAK,WEAK,WEAK,PROVISIONAL,Not graded yet,Demo. Target moved up with the rating unchanged.,false,,,computed,horizon-open;no-source-url,,648
call_0650,demo,graded,omar-farouk,Omar Farouk,barclays,Barclays,COP,ConocoPhillips,2026-05-29,upgrade,underperform,buy,80,131,113.22,,,116.2,105.26,113.34,129.52,,STRONG,EXIT LIQUIDITY,WEAK,STRONG,Not graded yet,Demo. Upgrade cites a cleaner setup into the next two prints.,true,Two-notch rating change. Price target moved more than 25%.,,computed,horizon-open;controversial;no-source-url,,649
call_0651,demo,graded,laura-kim,Laura Kim,bofa,Bank of America,COST,Costco,2024-02-10,initiate,,buy,,798,713.37,,,727.7,704.18,712.56,777.52,1034.97,STRONG,EXIT LIQUIDITY,WEAK,STRONG,STRONG,Demo. Initiation note leans on relative valuation versus the coverage group.,false,,,computed,no-source-url,,650
call_0652,demo,graded,laura-kim,Laura Kim,bofa,Bank of America,MCD,McDonald's,2024-03-16,initiate,,underperform,,238,262.69,,,265.33,250.54,257.73,240.19,289.02,EXIT LIQUIDITY,STRONG,WEAK,STRONG,WEAK,Demo. Opened coverage with a fresh model and a twelve-month target.,false,,,computed,no-source-url,,651
call_0653,demo,graded,laura-kim,Laura Kim,bofa,Bank of America,HD,Home Depot,2024-04-20,initiate,,underperform,,234,314.46,,,321.49,316.77,334.13,343.09,341.21,EXIT LIQUIDITY,EXIT LIQUIDITY,EXIT LIQUIDITY,EXIT LIQUIDITY,WEAK,Demo. Opened coverage with a fresh model and a twelve-month target.,false,,,computed,no-source-url,,652
call_0654,demo,graded,laura-kim,Laura Kim,bofa,Bank of America,WMT,Walmart,2024-05-25,initiate,,strong_buy,,74.5,64.03,,,64.52,67.47,69.14,74.34,95.31,WEAK,STRONG,STRONG,STRONG,STRONG,Demo. Opened coverage with a fresh model and a twelve-month target.,false,,,computed,no-source-url,,653
call_0655,demo,graded,laura-kim,Laura Kim,bofa,Bank of America,SBUX,Starbucks,2024-06-29,initiate,,hold,,72.5,73.58,,,70.73,71.08,90.62,92.58,89.23,WEAK,WEAK,EXIT LIQUIDITY,EXIT LIQUIDITY,WEAK,Demo. New coverage. The target assumes margins hold near the last print.,false,,,computed,no-source-url,,654
call_0656,demo,graded,laura-kim,Laura Kim,bofa,Bank of America,COST,Costco,2024-08-03,downgrade,buy,hold,798,796,813.14,,,861.12,882.67,868.97,868.92,946.99,EXIT LIQUIDITY,WEAK,WEAK,WEAK,WEAK,Demo. Moved down a notch. The target now sits closer to the base case.,false,,,computed,no-source-url,,655
call_0657,demo,graded,laura-kim,Laura Kim,bofa,Bank of America,MCD,McDonald's,2024-09-07,upgrade,underperform,hold,238,296,275.81,,,282.79,286.62,280.09,286.55,306.5,WEAK,WEAK,STRONG,STRONG,WEAK,Demo. Upgrade cites a cleaner setup into the next two prints.,false,,,computed,no-source-url,,656
call_0658,demo,graded,laura-kim,Laura Kim,bofa,Bank of America,HD,Home Depot,2024-10-12,upgrade,underperform,buy,234,450,391.28,,,378.94,387.85,402.39,372.32,365.4,EXIT LIQUIDITY,EXIT LIQUIDITY,PROVISIONAL,WEAK,WEAK,Demo. Upgrade cites a cleaner setup into the next two prints.,true,Two-notch rating change. Price target moved more than 25%.,,computed,controversial;no-source-url,,657
call_0659,demo,graded,laura-kim,Laura Kim,bofa,Bank of America,WMT,Walmart,2024-11-16,downgrade,strong_buy,buy,74.5,99,82.74,,,90.84,93.38,89.9,102.4,101.62,STRONG,STRONG,STRONG,STRONG,STRONG,Demo. Moved down a notch. The target now sits closer to the base case.,true,Price target moved more than 25%.,,computed,controversial;no-source-url,,658
call_0660,demo,graded,laura-kim,Laura Kim,bofa,Bank of America,SBUX,Starbucks,2024-12-21,upgrade,hold,buy,72.5,97,84.17,,,88.58,91.02,108.21,93.38,86.75,STRONG,STRONG,STRONG,STRONG,WEAK,Demo. Upgrade cites a cleaner setup into the next two prints.,true,Price target moved more than 25%.,,computed,controversial;no-source-url,,659
call_0661,demo,graded,laura-kim,Laura Kim,bofa,Bank of America,COST,Costco,2025-01-25,downgrade,hold,underperform,796,658,930.69,,,1034.97,1026.83,921.88,968.89,978.93,EXIT LIQUIDITY,EXIT LIQUIDITY,EXIT LIQUIDITY,EXIT LIQUIDITY,WEAK,Demo. Cut the rating as the multiple stopped paying for the growth rate.,false,,,computed,no-source-url,,660
call_0662,demo,graded,laura-kim,Laura Kim,bofa,Bank of America,MCD,McDonald's,2025-03-01,upgrade,hold,buy,296,367,295.51,,,289.02,301.11,308.13,302.54,334.5,EXIT LIQUIDITY,WEAK,STRONG,WEAK,STRONG,Demo. Rating change follows a round of channel checks that ran ahead of the model.,false,,,computed,no-source-url,,661
call_0663,demo,graded,laura-kim,Laura Kim,bofa,Bank of America,HD,Home Depot,2025-04-05,target_cut,buy,buy,450,348,340.1,,,341.21,347.62,357.88,359.41,316.9,WEAK,STRONG,STRONG,STRONG,WEAK,Demo. Target came down. The rating stayed put.,false,,,computed,no-source-url,,662
call_0664,demo,graded,laura-kim,Laura Kim,bofa,Bank of America,WMT,Walmart,2025-05-10,downgrade,buy,sell,99,70,95.69,,,95.31,96.41,95.78,102.62,130.12,EXIT LIQUIDITY,EXIT LIQUIDITY,EXIT LIQUIDITY,EXIT LIQUIDITY,EXIT LIQUIDITY,Demo. Cut the rating as the multiple stopped paying for the growth rate.,true,Two-notch rating change. Price target moved more than 25%.,,computed,controversial;no-source-url,,663
call_0665,demo,graded,laura-kim,Laura Kim,bofa,Bank of America,SBUX,Starbucks,2025-06-14,downgrade,buy,sell,97,79,90.34,,,89.23,90.5,91.23,79.86,102.45,STRONG,EXIT LIQUIDITY,WEAK,STRONG,WEAK,Demo. Moved down a notch. The target now sits closer to the base case.,true,Two-notch rating change.,,computed,controversial;no-source-url,,664
call_0666,demo,graded,laura-kim,Laura Kim,bofa,Bank of America,COST,Costco,2025-07-19,upgrade,underperform,hold,658,958,944.13,,,946.99,973.67,957.44,930.9,939.38,STRONG,WEAK,STRONG,STRONG,STRONG,Demo. Upgrade cites a cleaner setup into the next two prints.,true,Price target moved more than 25%.,,computed,controversial;no-source-url,,665
call_0667,demo,graded,laura-kim,Laura Kim,bofa,Bank of America,MCD,McDonald's,2025-08-23,upgrade,buy,strong_buy,367,363,304.47,,,306.5,295.39,302.33,301.59,269.04,WEAK,EXIT LIQUIDITY,EXIT LIQUIDITY,WEAK,WEAK,Demo. Rating change follows a round of channel checks that ran ahead of the model.,false,,,computed,no-source-url,,666
call_0668,demo,graded,laura-kim,Laura Kim,bofa,Bank of America,HD,Home Depot,2025-09-27,upgrade,buy,strong_buy,348,466,398.8,,,365.4,374.66,345.68,342.35,,EXIT LIQUIDITY,EXIT LIQUIDITY,EXIT LIQUIDITY,EXIT LIQUIDITY,Not graded yet,Demo. Upgrade cites a cleaner setup into the next two prints.,true,Price target moved more than 25%.,,computed,horizon-open;controversial;no-source-url,,667
call_0669,demo,graded,laura-kim,Laura Kim,bofa,Bank of America,WMT,Walmart,2025-11-01,upgrade,sell,buy,70,119,100.34,,,101.62,110.6,110.71,118.39,,STRONG,STRONG,STRONG,STRONG,Not graded yet,Demo. Moved up a notch after the quarter cleared a low bar.,true,Two-notch rating change. Price target moved more than 25%.,,computed,horizon-open;controversial;no-source-url,,668
call_0670,demo,graded,laura-kim,Laura Kim,bofa,Bank of America,SBUX,Starbucks,2025-12-06,target_cut,sell,sell,79,63,83.6,,,86.75,85.02,95.24,97.85,,EXIT LIQUIDITY,EXIT LIQUIDITY,EXIT LIQUIDITY,EXIT LIQUIDITY,Not graded yet,Demo. Cut the target to reflect a lower multiple versus the group.,false,,,computed,horizon-open;no-source-url,,669
call_0671,demo,graded,laura-kim,Laura Kim,bofa,Bank of America,COST,Costco,2026-01-10,target_cut,hold,hold,958,911,920.82,,,978.93,994.56,989.22,995.44,,WEAK,WEAK,WEAK,WEAK,Not graded yet,Demo. Target came down. The rating stayed put.,false,,,computed,horizon-open;no-source-url,,670
call_0672,demo,graded,laura-kim,Laura Kim,bofa,Bank of America,MCD,McDonald's,2026-02-14,downgrade,strong_buy,hold,363,331,321.28,,,334.5,322.16,302.05,272.59,,WEAK,STRONG,WEAK,WEAK,Not graded yet,Demo. Moved down a notch. The target now sits closer to the base case.,true,Two-notch rating change.,,computed,horizon-open;controversial;no-source-url,,671
call_0673,demo,graded,laura-kim,Laura Kim,bofa,Bank of America,HD,Home Depot,2026-03-21,downgrade,strong_buy,hold,466,323,316.03,,,316.9,345.83,306.01,331.83,,STRONG,WEAK,STRONG,STRONG,Not graded yet,Demo. Moved down a notch. The target now sits closer to the base case.,true,Two-notch rating change. Price target moved more than 25%.,,computed,horizon-open;controversial;no-source-url,,672
call_0674,demo,graded,laura-kim,Laura Kim,bofa,Bank of America,WMT,Walmart,2026-04-25,downgrade,buy,sell,119,106,129.36,,,130.12,119.98,118.72,109.21,,EXIT LIQUIDITY,STRONG,STRONG,STRONG,Not graded yet,Demo. Cut the rating as the multiple stopped paying for the growth rate.,true,Two-notch rating change.,,computed,horizon-open;controversial;no-source-url,,673
call_0675,demo,graded,laura-kim,Laura Kim,bofa,Bank of America,SBUX,Starbucks,2026-05-30,target_raise,sell,sell,63,77,98.59,,,102.45,103.47,103.55,107.85,,EXIT LIQUIDITY,EXIT LIQUIDITY,EXIT LIQUIDITY,EXIT LIQUIDITY,Not graded yet,Demo. Raised the target on a higher out-year margin assumption.,false,,,computed,horizon-open;no-source-url,,674
call_0676,demo,graded,james-whitfield,James Whitfield,bofa,Bank of America,ORCL,Oracle,2024-02-11,initiate,,hold,,115,113.44,,,108.88,124.05,120.25,113.84,175.9,WEAK,WEAK,WEAK,STRONG,EXIT LIQUIDITY,Demo. Opened coverage with a fresh model and a twelve-month target.,false,,,computed,no-source-url,,675
call_0677,demo,graded,james-whitfield,James Whitfield,bofa,Bank of America,GOOGL,Alphabet,2024-03-17,initiate,,sell,,111,139.85,,,149.51,152.94,172.54,175.32,163.52,EXIT LIQUIDITY,EXIT LIQUIDITY,EXIT LIQUIDITY,EXIT LIQUIDITY,EXIT LIQUIDITY,Demo. Opened coverage with a fresh model and a twelve-month target.,false,,,computed,no-source-url,,676
call_0678,demo,graded,james-whitfield,James Whitfield,bofa,Bank of America,AMZN,Amazon,2024-04-21,initiate,,underperform,,145,174.63,,,186.21,183.15,186.1,183.13,167.32,EXIT LIQUIDITY,EXIT LIQUIDITY,EXIT LIQUIDITY,WEAK,PROVISIONAL,Demo. Initiation note leans on relative valuation versus the coverage group.,false,,,computed,no-source-url,,677
call_0679,demo,graded,james-whitfield,James Whitfield,bofa,Bank of America,AMD,AMD,2024-05-26,initiate,,underperform,,159,166.36,,,167.87,160.25,138.32,154.98,110.31,WEAK,STRONG,STRONG,STRONG,STRONG,Demo. Initiation note leans on relative valuation versus the coverage group.,false,,,computed,no-source-url,,678
call_0680,demo,graded,james-whitfield,James Whitfield,bofa,Bank of America,NVDA,NVIDIA,2024-06-30,initiate,,sell,,90,123.2,,,128.88,103.44,117.27,121.08,157.6,EXIT LIQUIDITY,STRONG,STRONG,EXIT LIQUIDITY,EXIT LIQUIDITY,Demo. Initiation note leans on relative valuation versus the coverage group.,false,,,computed,no-source-url,,679
call_0681,demo,graded,james-whitfield,James Whitfield,bofa,Bank of America,ORCL,Oracle,2024-08-04,downgrade,hold,underperform,115,98,130.41,,,134.51,136.5,163.27,166.74,249.68,EXIT LIQUIDITY,EXIT LIQUIDITY,EXIT LIQUIDITY,EXIT LIQUIDITY,EXIT LIQUIDITY,Demo. Downgrade reflects slower orders than the prior note assumed.,false,,,computed,no-source-url,,680
call_0682,demo,graded,james-whitfield,James Whitfield,bofa,Bank of America,GOOGL,Alphabet,2024-09-08,upgrade,sell,strong_buy,111,169,149.67,,,162.45,163.23,179.49,173.49,233.43,STRONG,STRONG,STRONG,STRONG,STRONG,Demo. Rating change follows a round of channel checks that ran ahead of the model.,true,Two-notch rating change. Price target moved more than 25%.,,computed,controversial;no-source-url,,681
call_0683,demo,graded,james-whitfield,James Whitfield,bofa,Bank of America,AMZN,Amazon,2024-10-13,upgrade,underperform,hold,145,189,188.82,,,187.83,208.91,228.97,218.94,220.07,STRONG,WEAK,EXIT LIQUIDITY,WEAK,WEAK,Demo. Rating change follows a round of channel checks that ran ahead of the model.,true,Price target moved more than 25%.,,computed,controversial;no-source-url,,682
call_0684,demo,graded,james-whitfield,James Whitfield,bofa,Bank of America,AMD,AMD,2024-11-17,upgrade,underperform,hold,159,138,134.9,,,137.18,125.02,118.44,113.1,240.52,WEAK,WEAK,WEAK,WEAK,EXIT LIQUIDITY,Demo. Rating change follows a round of channel checks that ran ahead of the model.,false,,,computed,no-source-url,,683
call_0685,demo,graded,james-whitfield,James Whitfield,bofa,Bank of America,NVDA,NVIDIA,2024-12-22,upgrade,sell,hold,90,136,134.35,,,144.09,140.46,139.74,117.4,183.26,WEAK,WEAK,PROVISIONAL,WEAK,EXIT LIQUIDITY,Demo. Moved up a notch after the quarter cleared a low bar.,true,Two-notch rating change. Price target moved more than 25%.,,computed,controversial;no-source-url,,684
call_0686,demo,graded,james-whitfield,James Whitfield,bofa,Bank of America,ORCL,Oracle,2025-01-26,upgrade,underperform,hold,98,176,180.5,,,171.51,165.69,143.32,136.64,181.17,WEAK,WEAK,EXIT LIQUIDITY,WEAK,STRONG,Demo. Rating change follows a round of channel checks that ran ahead of the model.,true,Price target moved more than 25%.,,computed,controversial;no-source-url,,685
call_0687,demo,graded,james-whitfield,James Whitfield,bofa,Bank of America,GOOGL,Alphabet,2025-03-02,downgrade,strong_buy,hold,169,175,169.29,,,164.71,156.33,160.54,170.93,305.92,WEAK,WEAK,PROVISIONAL,STRONG,EXIT LIQUIDITY,Demo. Downgrade reflects slower orders than the prior note assumed.,true,Two-notch rating change.,,computed,controversial;no-source-url,,686
call_0688,demo,graded,james-whitfield,James Whitfield,bofa,Bank of America,AMZN,Amazon,2025-04-06,upgrade,hold,buy,189,223,171,,,172.61,185.01,207.91,223.41,212.79,WEAK,STRONG,STRONG,STRONG,STRONG,Demo. Rating change follows a round of channel checks that ran ahead of the model.,false,,,computed,no-source-url,,687
call_0689,demo,graded,james-whitfield,James Whitfield,bofa,Bank of America,AMD,AMD,2025-05-11,target_cut,hold,hold,138,101,102.84,,,110.31,123.24,144.16,172.76,458.79,EXIT LIQUIDITY,EXIT LIQUIDITY,EXIT LIQUIDITY,EXIT LIQUIDITY,EXIT LIQUIDITY,Demo. Target came down. The rating stayed put.,true,Price target moved more than 25%.,,computed,controversial;no-source-url,,688
call_0690,demo,graded,james-whitfield,James Whitfield,bofa,Bank of America,NVDA,NVIDIA,2025-06-15,upgrade,hold,buy,136,182,141.62,,,157.36,170.28,181.57,177.4,212.21,STRONG,STRONG,STRONG,STRONG,STRONG,Demo. Rating change follows a round of channel checks that ran ahead of the model.,true,Price target moved more than 25%.,,computed,controversial;no-source-url,,689
call_0691,demo,graded,james-whitfield,James Whitfield,bofa,Bank of America,ORCL,Oracle,2025-07-20,target_raise,hold,hold,176,249,242.68,,,241.67,231.98,293.28,288.53,121.38,STRONG,WEAK,EXIT LIQUIDITY,WEAK,EXIT LIQUIDITY,Demo. Raised the target on a higher out-year margin assumption.,true,Price target moved more than 25%.,,computed,controversial;no-source-url,,690
call_0692,demo,graded,james-whitfield,James Whitfield,bofa,Bank of America,GOOGL,Alphabet,2025-08-24,downgrade,hold,underperform,175,163,205.37,,,234.18,251.01,252.42,298.88,347.84,EXIT LIQUIDITY,EXIT LIQUIDITY,EXIT LIQUIDITY,EXIT LIQUIDITY,EXIT LIQUIDITY,Demo. Cut the rating as the multiple stopped paying for the growth rate.,false,,,computed,no-source-url,,691
call_0693,demo,graded,james-whitfield,James Whitfield,bofa,Bank of America,AMZN,Amazon,2025-09-28,reiterate,buy,buy,223,227,219.78,,,216.37,229.25,229.16,232.52,,WEAK,STRONG,STRONG,STRONG,Not graded yet,Demo. Kept the rating and walked through what would force a change.,false,,,computed,horizon-open;no-source-url,,692
call_0694,demo,graded,james-whitfield,James Whitfield,bofa,Bank of America,AMD,AMD,2025-11-02,downgrade,hold,underperform,101,240,256.12,,,246.81,215.24,214.16,236.73,,STRONG,STRONG,STRONG,STRONG,Not graded yet,Demo. Moved down a notch. The target now sits closer to the base case.,true,Price target moved more than 25%.,,computed,horizon-open;controversial;no-source-url,,693
call_0695,demo,graded,james-whitfield,James Whitfield,bofa,Bank of America,NVDA,NVIDIA,2025-12-07,downgrade,buy,hold,182,171,181.98,,,180.57,186.8,171.48,177.4,,STRONG,PROVISIONAL,WEAK,STRONG,Not graded yet,Demo. Downgrade reflects slower orders than the prior note assumed.,false,,,computed,horizon-open;no-source-url,,694
call_0696,demo,graded,james-whitfield,James Whitfield,bofa,Bank of America,ORCL,Oracle,2026-01-11,upgrade,hold,buy,249,224,197.14,,,175.93,158.78,158.06,137.61,,EXIT LIQUIDITY,EXIT LIQUIDITY,EXIT LIQUIDITY,EXIT LIQUIDITY,Not graded yet,Demo. Moved up a notch after the quarter cleared a low bar.,false,,,computed,horizon-open;no-source-url,,695
call_0697,demo,graded,james-whitfield,James Whitfield,bofa,Bank of America,GOOGL,Alphabet,2026-02-15,upgrade,underperform,buy,163,389,305.13,,,311.15,310.53,335.6,396.29,,STRONG,WEAK,STRONG,STRONG,Not graded yet,Demo. Upgrade cites a cleaner setup into the next two prints.,true,Two-notch rating change. Price target moved more than 25%.,,computed,horizon-open;controversial;no-source-url,,696
call_0698,demo,graded,james-whitfield,James Whitfield,bofa,Bank of America,AMZN,Amazon,2026-03-22,downgrade,buy,hold,227,202,205.37,,,209.77,249.91,268.46,244.39,,WEAK,EXIT LIQUIDITY,EXIT LIQUIDITY,WEAK,Not graded yet,Demo. Cut the rating as the multiple stopped paying for the growth rate.,false,,,computed,horizon-open;no-source-url,,697
call_0699,demo,graded,james-whitfield,James Whitfield,bofa,Bank of America,AMD,AMD,2026-04-26,downgrade,underperform,sell,240,288,347.81,,,455.19,503.89,532.57,521.95,,EXIT LIQUIDITY,EXIT LIQUIDITY,EXIT LIQUIDITY,EXIT LIQUIDITY,Not graded yet,Demo. Downgrade reflects slower orders than the prior note assumed.,false,,,computed,horizon-open;no-source-url,,698
call_0700,demo,graded,james-whitfield,James Whitfield,bofa,Bank of America,NVDA,NVIDIA,2026-05-31,downgrade,hold,sell,171,165,210.66,,,204.96,199.87,194.82,217.31,,STRONG,STRONG,STRONG,EXIT LIQUIDITY,Not graded yet,Demo. Downgrade reflects slower orders than the prior note assumed.,true,Two-notch rating change.,,computed,horizon-open;controversial;no-source-url,,699
call_0701,demo,graded,anika-desai,Anika Desai,bofa,Bank of America,PFE,Pfizer,2024-02-12,initiate,,hold,,24,23.46,,,23.06,23.94,21.94,24.12,23.01,WEAK,PROVISIONAL,WEAK,STRONG,STRONG,Demo. Opened coverage with a fresh model and a twelve-month target.,false,,,computed,no-source-url,,700
call_0702,demo,graded,anika-desai,Anika Desai,bofa,Bank of America,UNH,UnitedHealth,2024-03-18,initiate,,hold,,480,460.75,,,463.26,453.13,496.3,470.28,484.22,STRONG,STRONG,WEAK,STRONG,STRONG,Demo. New coverage. The target assumes margins hold near the last print.,false,,,computed,no-source-url,,701
call_0703,demo,graded,anika-desai,Anika Desai,bofa,Bank of America,ABBV,AbbVie,2024-04-22,initiate,,hold,,158,155.78,,,151,148.1,158.1,161.36,167.11,WEAK,WEAK,STRONG,STRONG,STRONG,Demo. Opened coverage with a fresh model and a twelve-month target.,false,,,computed,no-source-url,,702
call_0704,demo,graded,anika-desai,Anika Desai,bofa,Bank of America,LLY,Eli Lilly,2024-05-27,initiate,,sell,,613,795.17,,,851.86,887.57,792.4,939.58,719.1,EXIT LIQUIDITY,EXIT LIQUIDITY,EXIT LIQUIDITY,EXIT LIQUIDITY,STRONG,Demo. Opened coverage with a fresh model and a twelve-month target.,false,,,computed,no-source-url,,703
call_0705,demo,graded,anika-desai,Anika Desai,bofa,Bank of America,JNJ,Johnson & Johnson,2024-07-01,initiate,,buy,,156,137.68,,,140.32,148.41,157.13,152.9,151.37,STRONG,STRONG,STRONG,STRONG,STRONG,Demo. New coverage. The target assumes margins hold near the last print.,false,,,computed,no-source-url,,704
call_0706,demo,graded,anika-desai,Anika Desai,bofa,Bank of America,PFE,Pfizer,2024-08-05,target_raise,hold,hold,24,26.5,25.97,,,25.15,24.79,24.96,24.53,23.13,WEAK,WEAK,STRONG,PROVISIONAL,WEAK,Demo. Raised the target on a higher out-year margin assumption.,false,,,computed,no-source-url,,705
call_0707,demo,graded,anika-desai,Anika Desai,bofa,Bank of America,UNH,UnitedHealth,2024-09-09,downgrade,hold,sell,480,532,564.41,,,546.68,563.66,587.11,524,336.77,STRONG,WEAK,WEAK,STRONG,STRONG,Demo. Cut the rating as the multiple stopped paying for the growth rate.,true,Two-notch rating change.,,computed,controversial;no-source-url,,706
call_0708,demo,graded,anika-desai,Anika Desai,bofa,Bank of America,ABBV,AbbVie,2024-10-14,downgrade,hold,underperform,158,166,183.21,,,179.04,160.79,163.64,165.34,222.24,STRONG,STRONG,STRONG,STRONG,WEAK,Demo. Downgrade reflects slower orders than the prior note assumed.,false,,,computed,no-source-url,,707
call_0709,demo,graded,anika-desai,Anika Desai,bofa,Bank of America,LLY,Eli Lilly,2024-11-18,upgrade,sell,buy,613,827,718.35,,,790.06,755.4,716.88,835.43,1025.1,STRONG,STRONG,WEAK,STRONG,STRONG,Demo. Moved up a notch after the quarter cleared a low bar.,true,Two-notch rating change. Price target moved more than 25%.,,computed,controversial;no-source-url,,708
call_0710,demo,graded,anika-desai,Anika Desai,bofa,Bank of America,JNJ,Johnson & Johnson,2024-12-23,downgrade,buy,hold,156,138,138.72,,,137.19,138.72,156.23,157.51,202.52,PROVISIONAL,STRONG,WEAK,WEAK,EXIT LIQUIDITY,Demo. Cut the rating as the multiple stopped paying for the growth rate.,false,,,computed,no-source-url,,709
call_0711,demo,graded,anika-desai,Anika Desai,bofa,Bank of America,PFE,Pfizer,2025-01-27,upgrade,hold,strong_buy,26.5,30,24.21,,,23.32,23.82,22.72,20.66,25.62,EXIT LIQUIDITY,EXIT LIQUIDITY,EXIT LIQUIDITY,EXIT LIQUIDITY,PROVISIONAL,Demo. Moved up a notch after the quarter cleared a low bar.,true,Two-notch rating change.,,computed,controversial;no-source-url,,710
call_0712,demo,graded,anika-desai,Anika Desai,bofa,Bank of America,UNH,UnitedHealth,2025-03-03,upgrade,sell,strong_buy,532,570,446.99,,,479.62,502.87,384.38,290.18,283.6,STRONG,STRONG,EXIT LIQUIDITY,EXIT LIQUIDITY,EXIT LIQUIDITY,Demo. Upgrade cites a cleaner setup into the next two prints.,true,Two-notch rating change.,,computed,controversial;no-source-url,,711
call_0713,demo,graded,anika-desai,Anika Desai,bofa,Bank of America,ABBV,AbbVie,2025-04-07,upgrade,underperform,buy,166,218,177.74,,,163.63,180.87,182.54,182.01,203.23,EXIT LIQUIDITY,WEAK,WEAK,WEAK,STRONG,Demo. Rating change follows a round of channel checks that ran ahead of the model.,true,Two-notch rating change. Price target moved more than 25%.,,computed,controversial;no-source-url,,712
call_0714,demo,graded,anika-desai,Anika Desai,bofa,Bank of America,LLY,Eli Lilly,2025-05-12,downgrade,buy,sell,827,637,747.66,,,707.68,801.78,786.31,620.37,986.75,STRONG,EXIT LIQUIDITY,EXIT LIQUIDITY,STRONG,EXIT LIQUIDITY,Demo. Downgrade reflects slower orders than the prior note assumed.,true,Two-notch rating change.,,computed,controversial;no-source-url,,713
call_0715,demo,graded,anika-desai,Anika Desai,bofa,Bank of America,JNJ,Johnson & Johnson,2025-06-16,target_raise,hold,hold,138,153,150.69,,,148.3,159.97,171.49,174.14,234.03,WEAK,WEAK,WEAK,WEAK,EXIT LIQUIDITY,Demo. Raised the target on a higher out-year margin assumption.,false,,,computed,no-source-url,,714
call_0716,demo,graded,anika-desai,Anika Desai,bofa,Bank of America,PFE,Pfizer,2025-07-21,downgrade,strong_buy,hold,30,22,22.29,,,21.99,23.72,22.46,22.9,24.51,PROVISIONAL,WEAK,STRONG,STRONG,PROVISIONAL,Demo. Moved down a notch. The target now sits closer to the base case.,true,Two-notch rating change. Price target moved more than 25%.,,computed,controversial;no-source-url,,715
call_0717,demo,graded,anika-desai,Anika Desai,bofa,Bank of America,UNH,UnitedHealth,2025-08-25,downgrade,strong_buy,hold,570,290,295.09,,,309.99,342.69,353.1,311.67,394.16,WEAK,EXIT LIQUIDITY,EXIT LIQUIDITY,PROVISIONAL,EXIT LIQUIDITY,Demo. Downgrade reflects slower orders than the prior note assumed.,true,Two-notch rating change. Price target moved more than 25%.,,computed,controversial;no-source-url,,716
call_0718,demo,graded,anika-desai,Anika Desai,bofa,Bank of America,ABBV,AbbVie,2025-09-29,downgrade,buy,hold,218,226,216.45,,,223.37,219.94,222.44,224.67,,WEAK,STRONG,STRONG,STRONG,Not graded yet,Demo. Moved down a notch. The target now sits closer to the base case.,false,,,computed,horizon-open;no-source-url,,717
call_0719,demo,graded,anika-desai,Anika Desai,bofa,Bank of America,LLY,Eli Lilly,2025-11-03,upgrade,sell,strong_buy,637,1065,890.91,,,1016.79,1028.59,1075.17,1032.16,,STRONG,STRONG,STRONG,STRONG,Not graded yet,Demo. Moved up a notch after the quarter cleared a low bar.,true,Two-notch rating change. Price target moved more than 25%.,,computed,horizon-open;controversial;no-source-url,,718
call_0720,demo,graded,anika-desai,Anika Desai,bofa,Bank of America,JNJ,Johnson & Johnson,2025-12-08,downgrade,hold,sell,153,148,198.43,,,204.04,204.21,236.19,237.85,,EXIT LIQUIDITY,EXIT LIQUIDITY,EXIT LIQUIDITY,EXIT LIQUIDITY,Not graded yet,Demo. Cut the rating as the multiple stopped paying for the growth rate.,true,Two-notch rating change.,,computed,horizon-open;controversial;no-source-url,,719
call_0721,demo,graded,anika-desai,Anika Desai,bofa,Bank of America,PFE,Pfizer,2026-01-12,target_raise,hold,hold,22,24.5,24.03,,,25.02,26.81,25.7,26.03,,WEAK,WEAK,WEAK,WEAK,Not graded yet,Demo. Raised the target on a higher out-year margin assumption.,false,,,computed,horizon-open;no-source-url,,720
call_0722,demo,graded,anika-desai,Anika Desai,bofa,Bank of America,UNH,UnitedHealth,2026-02-16,upgrade,hold,buy,290,380,287.51,,,289.21,280.99,320.81,389.22,,WEAK,EXIT LIQUIDITY,STRONG,STRONG,Not graded yet,Demo. Upgrade cites a cleaner setup into the next two prints.,true,Price target moved more than 25%.,,computed,horizon-open;controversial;no-source-url,,721
call_0723,demo,graded,anika-desai,Anika Desai,bofa,Bank of America,ABBV,AbbVie,2026-03-23,downgrade,hold,sell,226,150,201.81,,,203.54,199.08,214.18,214.96,,EXIT LIQUIDITY,WEAK,EXIT LIQUIDITY,EXIT LIQUIDITY,Not graded yet,Demo. Downgrade reflects slower orders than the prior note assumed.,true,Two-notch rating change. Price target moved more than 25%.,,computed,horizon-open;controversial;no-source-url,,722
call_0724,demo,graded,anika-desai,Anika Desai,bofa,Bank of America,LLY,Eli Lilly,2026-04-27,downgrade,strong_buy,hold,1065,843,865.54,,,963.95,1081.37,1206.39,1194.32,,EXIT LIQUIDITY,EXIT LIQUIDITY,EXIT LIQUIDITY,EXIT LIQUIDITY,Not graded yet,Demo. Moved down a notch. The target now sits closer to the base case.,true,Two-notch rating change.,,computed,horizon-open;controversial;no-source-url,,723
call_0725,demo,graded,anika-desai,Anika Desai,bofa,Bank of America,JNJ,Johnson & Johnson,2026-06-01,target_raise,sell,sell,148,178,222.41,,,234.5,252.73,255.09,268.04,,EXIT LIQUIDITY,EXIT LIQUIDITY,EXIT LIQUIDITY,EXIT LIQUIDITY,Not graded yet,Demo. Raised the target on a higher out-year margin assumption.,false,,,computed,horizon-open;no-source-url,,724
call_0726,demo,graded,thomas-berger,Thomas Berger,citi,Citigroup,V,Visa,2024-02-13,initiate,,underperform,,207,270.67,,,277.89,281.07,270.82,274.18,347.51,EXIT LIQUIDITY,EXIT LIQUIDITY,EXIT LIQUIDITY,EXIT LIQUIDITY,EXIT LIQUIDITY,Demo. Initiation note leans on relative valuation versus the coverage group.,false,,,computed,no-source-url,,725
call_0727,demo,graded,thomas-berger,Thomas Berger,citi,Citigroup,MA,Mastercard,2024-03-19,initiate,,buy,,539,476.88,,,472.38,448.63,454.13,442.13,531.21,EXIT LIQUIDITY,EXIT LIQUIDITY,EXIT LIQUIDITY,WEAK,STRONG,Demo. New coverage. The target assumes margins hold near the last print.,false,,,computed,no-source-url,,726
call_0728,demo,graded,thomas-berger,Thomas Berger,citi,Citigroup,JPM,JPMorgan Chase,2024-04-23,initiate,,underperform,,131,183.38,,,183,187.94,187.35,201.8,235.23,EXIT LIQUIDITY,EXIT LIQUIDITY,EXIT LIQUIDITY,EXIT LIQUIDITY,EXIT LIQUIDITY,Demo. Initiation note leans on relative valuation versus the coverage group.,false,,,computed,no-source-url,,727
call_0729,demo,graded,thomas-berger,Thomas Berger,citi,Citigroup,BAC,Bank of America,2024-05-28,initiate,,hold,,38.5,37.14,,,36.93,37.3,39.6,37.94,42.65,STRONG,STRONG,WEAK,STRONG,WEAK,Demo. New coverage. The target assumes margins hold near the last print.,false,,,computed,no-source-url,,728
call_0730,demo,graded,thomas-berger,Thomas Berger,citi,Citigroup,GS,Goldman Sachs Group,2024-07-02,initiate,,hold,,450,444.87,,,480.61,477.84,490.4,475.85,698.34,WEAK,WEAK,WEAK,WEAK,EXIT LIQUIDITY,Demo. Opened coverage with a fresh model and a twelve-month target.,false,,,computed,no-source-url,,729
call_0731,demo,graded,thomas-berger,Thomas Berger,citi,Citigroup,V,Visa,2024-08-06,upgrade,underperform,buy,207,294,253.92,,,264.06,274.48,273.8,287.52,336.45,STRONG,STRONG,STRONG,STRONG,STRONG,Demo. Rating change follows a round of channel checks that ran ahead of the model.,true,Two-notch rating change. Price target moved more than 25%.,,computed,controversial;no-source-url,,730
call_0732,demo,graded,thomas-berger,Thomas Berger,citi,Citigroup,MA,Mastercard,2024-09-10,downgrade,buy,hold,539,470,482.22,,,481.62,492.76,519.22,517.3,575.79,STRONG,PROVISIONAL,WEAK,WEAK,WEAK,Demo. Moved down a notch. The target now sits closer to the base case.,false,,,computed,no-source-url,,731
call_0733,demo,graded,thomas-berger,Thomas Berger,citi,Citigroup,JPM,JPMorgan Chase,2024-10-15,downgrade,underperform,sell,131,179,214.73,,,215.22,233.54,231.68,237.02,301.41,EXIT LIQUIDITY,EXIT LIQUIDITY,EXIT LIQUIDITY,EXIT LIQUIDITY,EXIT LIQUIDITY,Demo. Cut the rating as the multiple stopped paying for the growth rate.,true,Price target moved more than 25%.,,computed,controversial;no-source-url,,732
call_0734,demo,graded,thomas-berger,Thomas Berger,citi,Citigroup,BAC,Bank of America,2024-11-19,target_raise,hold,hold,38.5,46,44.4,,,44.79,41.73,44.76,45.17,50.93,STRONG,WEAK,STRONG,STRONG,WEAK,Demo. Raised the target on a higher out-year margin assumption.,false,,,computed,no-source-url,,733
call_0735,demo,graded,thomas-berger,Thomas Berger,citi,Citigroup,GS,Goldman Sachs Group,2024-12-24,upgrade,hold,buy,450,687,562.89,,,560.32,617.67,604.24,563.07,897.64,EXIT LIQUIDITY,STRONG,STRONG,EXIT LIQUIDITY,STRONG,Demo. Upgrade cites a cleaner setup into the next two prints.,true,Price target moved more than 25%.,,computed,controversial;no-source-url,,734
call_0736,demo,graded,thomas-berger,Thomas Berger,citi,Citigroup,V,Visa,2025-01-28,downgrade,buy,hold,294,324,330.14,,,346.75,351.71,338.97,333.69,325.03,WEAK,WEAK,STRONG,STRONG,STRONG,Demo. Cut the rating as the multiple stopped paying for the growth rate.,false,,,computed,no-source-url,,735
call_0737,demo,graded,thomas-berger,Thomas Berger,citi,Citigroup,MA,Mastercard,2025-03-04,target_raise,hold,hold,470,570,550.01,,,525.36,525.72,555.17,576.84,521.15,EXIT LIQUIDITY,WEAK,STRONG,STRONG,STRONG,Demo. Target moved up with the rating unchanged.,false,,,computed,no-source-url,,736
call_0738,demo,graded,thomas-berger,Thomas Berger,citi,Citigroup,JPM,JPMorgan Chase,2025-04-08,upgrade,sell,buy,179,278,211.78,,,230.06,247.52,259.49,286.49,306.59,STRONG,STRONG,STRONG,STRONG,STRONG,Demo. Upgrade cites a cleaner setup into the next two prints.,true,Two-notch rating change. Price target moved more than 25%.,,computed,controversial;no-source-url,,737
call_0739,demo,graded,thomas-berger,Thomas Berger,citi,Citigroup,BAC,Bank of America,2025-05-13,reiterate,hold,hold,46,45,42.86,,,42.81,43.45,45.5,44.95,49.33,STRONG,STRONG,WEAK,STRONG,WEAK,Demo. Kept the rating and walked through what would force a change.,false,,,computed,no-source-url,,738
call_0740,demo,graded,thomas-berger,Thomas Berger,citi,Citigroup,GS,Goldman Sachs Group,2025-06-17,target_raise,buy,buy,687,768,609.33,,,689.14,688.54,712.81,771.58,1093.78,STRONG,STRONG,STRONG,STRONG,STRONG,Demo. Target moved up with the rating unchanged.,false,,,computed,no-source-url,,739
call_0741,demo,graded,thomas-berger,Thomas Berger,citi,Citigroup,V,Visa,2025-07-22,target_raise,hold,hold,324,341,348.46,,,334.16,340.96,338.9,341.68,352.76,WEAK,PROVISIONAL,STRONG,STRONG,STRONG,Demo. Raised the target on a higher out-year margin assumption.,false,,,computed,no-source-url,,740
call_0742,demo,graded,thomas-berger,Thomas Berger,citi,Citigroup,MA,Mastercard,2025-08-26,target_raise,hold,hold,570,601,587.95,,,580.38,563.79,570.87,535.22,598.47,PROVISIONAL,WEAK,STRONG,WEAK,STRONG,Demo. Raised the target on a higher out-year margin assumption.,false,,,computed,no-source-url,,741
call_0743,demo,graded,thomas-berger,Thomas Berger,citi,Citigroup,JPM,JPMorgan Chase,2025-09-30,downgrade,buy,hold,278,318,309.51,,,297.85,305.11,308.7,319.22,,WEAK,STRONG,STRONG,STRONG,Not graded yet,Demo. Cut the rating as the multiple stopped paying for the growth rate.,false,,,computed,horizon-open;no-source-url,,742
call_0744,demo,graded,thomas-berger,Thomas Berger,citi,Citigroup,BAC,Bank of America,2025-11-04,upgrade,hold,buy,45,61.5,52.42,,,50.56,53.03,55.07,53.18,,EXIT LIQUIDITY,WEAK,STRONG,WEAK,Not graded yet,Demo. Rating change follows a round of channel checks that ran ahead of the model.,true,Price target moved more than 25%.,,computed,horizon-open;controversial;no-source-url,,743
call_0745,demo,graded,thomas-berger,Thomas Berger,citi,Citigroup,GS,Goldman Sachs Group,2025-12-09,target_raise,buy,buy,768,1091,863.93,,,888.7,921.34,915.35,824.34,,STRONG,STRONG,STRONG,EXIT LIQUIDITY,Not graded yet,Demo. Target moved up with the rating unchanged.,true,Price target moved more than 25%.,,computed,horizon-open;controversial;no-source-url,,744
call_0746,demo,graded,thomas-berger,Thomas Berger,citi,Citigroup,V,Visa,2026-01-13,target_cut,hold,hold,341,328,325.92,,,323.32,322.91,305.94,308.18,,STRONG,STRONG,WEAK,PROVISIONAL,Not graded yet,Demo. Cut the target to reflect a lower multiple versus the group.,false,,,computed,horizon-open;no-source-url,,745
call_0747,demo,graded,thomas-berger,Thomas Berger,citi,Citigroup,MA,Mastercard,2026-02-17,upgrade,hold,buy,601,641,520.16,,,522.54,489.48,520.43,504.94,,EXIT LIQUIDITY,EXIT LIQUIDITY,EXIT LIQUIDITY,EXIT LIQUIDITY,Not graded yet,Demo. Rating change follows a round of channel checks that ran ahead of the model.,false,,,computed,horizon-open;no-source-url,,746
call_0748,demo,graded,thomas-berger,Thomas Berger,citi,Citigroup,JPM,JPMorgan Chase,2026-03-24,downgrade,hold,underperform,318,232,289.61,,,296.07,310.29,305.01,329.99,,EXIT LIQUIDITY,EXIT LIQUIDITY,EXIT LIQUIDITY,EXIT LIQUIDITY,Not graded yet,Demo. Cut the rating as the multiple stopped paying for the growth rate.,true,Price target moved more than 25%.,,computed,horizon-open;controversial;no-source-url,,747
call_0749,demo,graded,thomas-berger,Thomas Berger,citi,Citigroup,BAC,Bank of America,2026-04-28,downgrade,buy,hold,61.5,51.5,52.12,,,50.26,50.25,57.59,61.81,,WEAK,WEAK,WEAK,WEAK,Not graded yet,Demo. Downgrade reflects slower orders than the prior note assumed.,false,,,computed,horizon-open;no-source-url,,748
call_0750,demo,graded,thomas-berger,Thomas Berger,citi,Citigroup,GS,Goldman Sachs Group,2026-06-02,downgrade,buy,hold,1091,981,1059.39,,,1085.35,1016.02,1013.42,1020.9,,EXIT LIQUIDITY,WEAK,PROVISIONAL,STRONG,Not graded yet,Demo. Downgrade reflects slower orders than the prior note assumed.,false,,,computed,horizon-open;no-source-url,,749
call_0751,demo,graded,yuki-tanaka,Yuki Tanaka,citi,Citigroup,CRM,Salesforce,2024-02-14,initiate,,hold,,265,283.73,,,294.15,289.19,289.18,271.97,325.48,EXIT LIQUIDITY,STRONG,STRONG,STRONG,WEAK,Demo. Opened coverage with a fresh model and a twelve-month target.,false,,,computed,no-source-url,,750
call_0752,demo,graded,yuki-tanaka,Yuki Tanaka,citi,Citigroup,META,Meta Platforms,2024-03-20,initiate,,underperform,,387,501.65,,,502.86,477.39,468.3,496.16,583.64,EXIT LIQUIDITY,STRONG,STRONG,WEAK,EXIT LIQUIDITY,Demo. New coverage. The target assumes margins hold near the last print.,false,,,computed,no-source-url,,751
call_0753,demo,graded,yuki-tanaka,Yuki Tanaka,citi,Citigroup,AMD,AMD,2024-04-24,initiate,,underperform,,122,151.74,,,153.62,166.36,161.23,154,94.47,EXIT LIQUIDITY,EXIT LIQUIDITY,EXIT LIQUIDITY,WEAK,STRONG,Demo. Opened coverage with a fresh model and a twelve-month target.,false,,,computed,no-source-url,,752
call_0754,demo,graded,yuki-tanaka,Yuki Tanaka,citi,Citigroup,AAPL,Apple,2024-05-29,initiate,,sell,,143,188.49,,,211.06,208.63,215.9,226.14,198.99,EXIT LIQUIDITY,EXIT LIQUIDITY,EXIT LIQUIDITY,EXIT LIQUIDITY,WEAK,Demo. New coverage. The target assumes margins hold near the last print.,false,,,computed,no-source-url,,753
call_0755,demo,graded,yuki-tanaka,Yuki Tanaka,citi,Citigroup,AVGO,Broadcom,2024-07-03,initiate,,buy,,194,169.73,,,153.1,141.17,159.81,164.92,273.18,EXIT LIQUIDITY,EXIT LIQUIDITY,EXIT LIQUIDITY,WEAK,STRONG,Demo. Opened coverage with a fresh model and a twelve-month target.,false,,,computed,no-source-url,,754
call_0756,demo,graded,yuki-tanaka,Yuki Tanaka,citi,Citigroup,CRM,Salesforce,2024-08-07,upgrade,hold,buy,265,284,236.22,,,256.93,240.09,283.61,293.21,238.44,STRONG,WEAK,STRONG,STRONG,WEAK,Demo. Upgrade cites a cleaner setup into the next two prints.,false,,,computed,no-source-url,,755
call_0757,demo,graded,yuki-tanaka,Yuki Tanaka,citi,Citigroup,META,Meta Platforms,2024-09-11,upgrade,underperform,buy,387,637,508.42,,,565.06,586.58,585.97,615.78,748.45,STRONG,STRONG,STRONG,STRONG,STRONG,Demo. Rating change follows a round of channel checks that ran ahead of the model.,true,Two-notch rating change. Price target moved more than 25%.,,computed,controversial;no-source-url,,756
call_0758,demo,graded,yuki-tanaka,Yuki Tanaka,citi,Citigroup,AMD,AMD,2024-10-16,upgrade,underperform,hold,122,159,156.13,,,148.6,134.9,126.91,116.09,234.56,WEAK,EXIT LIQUIDITY,EXIT LIQUIDITY,EXIT LIQUIDITY,EXIT LIQUIDITY,Demo. Upgrade cites a cleaner setup into the next two prints.,true,Price target moved more than 25%.,,computed,controversial;no-source-url,,757
call_0759,demo,graded,yuki-tanaka,Yuki Tanaka,citi,Citigroup,AAPL,Apple,2024-11-20,target_raise,sell,sell,143,170,227.35,,,241.26,252.66,228.32,242.98,265.53,EXIT LIQUIDITY,EXIT LIQUIDITY,EXIT LIQUIDITY,EXIT LIQUIDITY,EXIT LIQUIDITY,Demo. Raised the target on a higher out-year margin assumption.,false,,,computed,no-source-url,,758
call_0760,demo,graded,yuki-tanaka,Yuki Tanaka,citi,Citigroup,AVGO,Broadcom,2024-12-25,downgrade,buy,underperform,194,187,236.66,,,226.42,241.62,215.91,186.45,348.93,STRONG,EXIT LIQUIDITY,STRONG,STRONG,EXIT LIQUIDITY,Demo. Cut the rating as the multiple stopped paying for the growth rate.,true,Two-notch rating change.,,computed,controversial;no-source-url,,759
call_0761,demo,graded,yuki-tanaka,Yuki Tanaka,citi,Citigroup,CRM,Salesforce,2025-01-29,downgrade,buy,underperform,284,268,349.31,,,321.8,293.9,266.39,264.63,212.62,STRONG,STRONG,STRONG,STRONG,STRONG,Demo. Downgrade reflects slower orders than the prior note assumed.,true,Two-notch rating change.,,computed,controversial;no-source-url,,760
call_0762,demo,graded,yuki-tanaka,Yuki Tanaka,citi,Citigroup,META,Meta Platforms,2025-03-05,upgrade,buy,strong_buy,637,817,653.24,,,581.7,502.69,594.61,664.16,659.39,EXIT LIQUIDITY,EXIT LIQUIDITY,EXIT LIQUIDITY,EXIT LIQUIDITY,WEAK,Demo. Rating change follows a round of channel checks that ran ahead of the model.,true,Price target moved more than 25%.,,computed,controversial;no-source-url,,761
call_0763,demo,graded,yuki-tanaka,Yuki Tanaka,citi,Citigroup,AMD,AMD,2025-04-09,target_cut,hold,hold,159,97,96.84,,,90.39,102.84,116.19,137.82,236.64,WEAK,WEAK,EXIT LIQUIDITY,EXIT LIQUIDITY,EXIT LIQUIDITY,Demo. Cut the target to reflect a lower multiple versus the group.,true,Price target moved more than 25%.,,computed,controversial;no-source-url,,762
call_0764,demo,graded,yuki-tanaka,Yuki Tanaka,citi,Citigroup,AAPL,Apple,2025-05-14,upgrade,sell,buy,170,222,211.31,,,199.46,195.51,210.14,228.8,297.95,EXIT LIQUIDITY,EXIT LIQUIDITY,WEAK,STRONG,STRONG,Demo. Moved up a notch after the quarter cleared a low bar.,true,Two-notch rating change. Price target moved more than 25%.,,computed,controversial;no-source-url,,763
call_0765,demo,graded,yuki-tanaka,Yuki Tanaka,citi,Citigroup,AVGO,Broadcom,2025-06-18,upgrade,underperform,hold,187,253,248.85,,,267.94,281.28,304.11,357.38,410.7,WEAK,WEAK,EXIT LIQUIDITY,EXIT LIQUIDITY,EXIT LIQUIDITY,Demo. Moved up a notch after the quarter cleared a low bar.,true,Price target moved more than 25%.,,computed,controversial;no-source-url,,764
call_0766,demo,graded,yuki-tanaka,Yuki Tanaka,citi,Citigroup,CRM,Salesforce,2025-07-23,downgrade,underperform,sell,268,195,264.51,,,246.64,245.77,245.01,261.19,156.65,STRONG,STRONG,STRONG,EXIT LIQUIDITY,STRONG,Demo. Cut the rating as the multiple stopped paying for the growth rate.,true,Price target moved more than 25%.,,computed,controversial;no-source-url,,765
call_0767,demo,graded,yuki-tanaka,Yuki Tanaka,citi,Citigroup,META,Meta Platforms,2025-08-27,downgrade,strong_buy,underperform,817,647,744.94,,,749.52,741.82,736.44,634.57,571.1,EXIT LIQUIDITY,EXIT LIQUIDITY,WEAK,STRONG,STRONG,Demo. Cut the rating as the multiple stopped paying for the growth rate.,true,Two-notch rating change.,,computed,controversial;no-source-url,,766
call_0768,demo,graded,yuki-tanaka,Yuki Tanaka,citi,Citigroup,AMD,AMD,2025-10-01,upgrade,hold,buy,97,215,164.01,,,238.6,256.12,217.53,215.34,,STRONG,STRONG,STRONG,STRONG,Not graded yet,Demo. Moved up a notch after the quarter cleared a low bar.,true,Price target moved more than 25%.,,computed,horizon-open;controversial;no-source-url,,767
call_0769,demo,graded,yuki-tanaka,Yuki Tanaka,citi,Citigroup,AAPL,Apple,2025-11-05,downgrade,buy,hold,222,262,269.15,,,267.83,278.02,270.27,268.75,,STRONG,WEAK,STRONG,STRONG,Not graded yet,Demo. Moved down a notch. The target now sits closer to the base case.,false,,,computed,horizon-open;no-source-url,,768
call_0770,demo,graded,yuki-tanaka,Yuki Tanaka,citi,Citigroup,AVGO,Broadcom,2025-12-10,upgrade,hold,buy,253,456,410.67,,,348.93,343.7,331.7,341.32,,EXIT LIQUIDITY,EXIT LIQUIDITY,EXIT LIQUIDITY,EXIT LIQUIDITY,Not graded yet,Demo. Upgrade cites a cleaner setup into the next two prints.,true,Price target moved more than 25%.,,computed,horizon-open;controversial;no-source-url,,769
call_0771,demo,graded,yuki-tanaka,Yuki Tanaka,citi,Citigroup,CRM,Salesforce,2026-01-14,upgrade,sell,buy,195,287,237.94,,,226.41,188.43,191.52,170.57,,EXIT LIQUIDITY,EXIT LIQUIDITY,EXIT LIQUIDITY,EXIT LIQUIDITY,Not graded yet,Demo. Rating change follows a round of channel checks that ran ahead of the model.,true,Two-notch rating change. Price target moved more than 25%.,,computed,horizon-open;controversial;no-source-url,,770
call_0772,demo,graded,yuki-tanaka,Yuki Tanaka,citi,Citigroup,META,Meta Platforms,2026-02-18,upgrade,underperform,hold,647,656,642.07,,,666.54,593.11,687.91,602.05,,WEAK,WEAK,WEAK,PROVISIONAL,Not graded yet,Demo. Rating change follows a round of channel checks that ran ahead of the model.,false,,,computed,horizon-open;no-source-url,,771
call_0773,demo,graded,yuki-tanaka,Yuki Tanaka,citi,Citigroup,AMD,AMD,2026-03-25,downgrade,buy,hold,215,214,220.27,,,231.82,347.81,467.51,519.85,,EXIT LIQUIDITY,EXIT LIQUIDITY,EXIT LIQUIDITY,EXIT LIQUIDITY,Not graded yet,Demo. Downgrade reflects slower orders than the prior note assumed.,false,,,computed,horizon-open;no-source-url,,772
call_0774,demo,graded,yuki-tanaka,Yuki Tanaka,citi,Citigroup,AAPL,Apple,2026-04-29,target_raise,hold,hold,262,276,269.69,,,298.61,311.79,283.54,339.79,,EXIT LIQUIDITY,EXIT LIQUIDITY,PROVISIONAL,EXIT LIQUIDITY,Not graded yet,Demo. Target moved up with the rating unchanged.,false,,,computed,horizon-open;no-source-url,,773
call_0775,demo,graded,yuki-tanaka,Yuki Tanaka,citi,Citigroup,AVGO,Broadcom,2026-06-03,downgrade,buy,hold,456,469,478.47,,,392.28,360.45,389.28,369.68,,EXIT LIQUIDITY,EXIT LIQUIDITY,EXIT LIQUIDITY,WEAK,Not graded yet,Demo. Downgrade reflects slower orders than the prior note assumed.,false,,,computed,horizon-open;no-source-url,,774
call_0776,demo,graded,natalie-porter,Natalie Porter,wells-fargo,Wells Fargo,PG,Procter & Gamble,2024-02-15,initiate,,hold,,150,146.93,,,148.73,151.01,145.47,156.82,156.19,PROVISIONAL,WEAK,STRONG,PROVISIONAL,STRONG,Demo. Initiation note leans on relative valuation versus the coverage group.,false,,,computed,no-source-url,,775
call_0777,demo,graded,natalie-porter,Natalie Porter,wells-fargo,Wells Fargo,MCD,McDonald's,2024-03-21,initiate,,sell,,247,266.82,,,254.17,255.96,252.08,237.54,294.43,STRONG,STRONG,STRONG,STRONG,WEAK,Demo. Opened coverage with a fresh model and a twelve-month target.,false,,,computed,no-source-url,,776
call_0778,demo,graded,natalie-porter,Natalie Porter,wells-fargo,Wells Fargo,WMT,Walmart,2024-04-25,initiate,,buy,,68,58.76,,,59.19,64.03,67.47,69.14,93.85,WEAK,STRONG,STRONG,STRONG,STRONG,Demo. Opened coverage with a fresh model and a twelve-month target.,false,,,computed,no-source-url,,777
call_0779,demo,graded,natalie-porter,Natalie Porter,wells-fargo,Wells Fargo,NKE,Nike,2024-05-30,initiate,,hold,,87,87.77,,,88.8,71.06,69.35,78.06,57.97,PROVISIONAL,EXIT LIQUIDITY,EXIT LIQUIDITY,WEAK,WEAK,Demo. New coverage. The target assumes margins hold near the last print.,false,,,computed,no-source-url,,778
call_0780,demo,graded,natalie-porter,Natalie Porter,wells-fargo,Wells Fargo,SBUX,Starbucks,2024-07-04,initiate,,buy,,91,72.08,,,70.12,71.72,89.92,91.76,91.49,EXIT LIQUIDITY,EXIT LIQUIDITY,STRONG,STRONG,STRONG,Demo. Opened coverage with a fresh model and a twelve-month target.,false,,,computed,no-source-url,,779
call_0781,demo,graded,natalie-porter,Natalie Porter,wells-fargo,Wells Fargo,PG,Procter & Gamble,2024-08-08,upgrade,hold,buy,150,186,161.9,,,161.21,166.37,158.34,153.49,149.12,EXIT LIQUIDITY,STRONG,EXIT LIQUIDITY,WEAK,WEAK,Demo. Moved up a notch after the quarter cleared a low bar.,false,,,computed,no-source-url,,780
call_0782,demo,graded,natalie-porter,Natalie Porter,wells-fargo,Wells Fargo,MCD,McDonald's,2024-09-12,target_cut,sell,sell,247,223,278.52,,,289.28,290.61,287.26,283.79,297.74,EXIT LIQUIDITY,EXIT LIQUIDITY,EXIT LIQUIDITY,WEAK,WEAK,Demo. Target came down. The rating stayed put.,false,,,computed,no-source-url,,781
call_0783,demo,graded,natalie-porter,Natalie Porter,wells-fargo,Wells Fargo,WMT,Walmart,2024-10-17,downgrade,buy,hold,68,79.5,79.44,,,80.48,82.74,93.38,89.9,106.83,PROVISIONAL,WEAK,EXIT LIQUIDITY,WEAK,WEAK,Demo. Moved down a notch. The target now sits closer to the base case.,false,,,computed,no-source-url,,782
call_0784,demo,graded,natalie-porter,Natalie Porter,wells-fargo,Wells Fargo,NKE,Nike,2024-11-21,target_cut,hold,hold,87,75,71.12,,,74.8,73.24,67.43,73.09,60.8,WEAK,WEAK,PROVISIONAL,STRONG,WEAK,Demo. Target came down. The rating stayed put.,false,,,computed,no-source-url,,783
call_0785,demo,graded,natalie-porter,Natalie Porter,wells-fargo,Wells Fargo,SBUX,Starbucks,2024-12-26,target_raise,buy,buy,91,95,87.89,,,88.6,94.54,108.88,94.24,83.56,WEAK,STRONG,STRONG,STRONG,WEAK,Demo. Raised the target on a higher out-year margin assumption.,false,,,computed,no-source-url,,784
call_0786,demo,graded,natalie-porter,Natalie Porter,wells-fargo,Wells Fargo,PG,Procter & Gamble,2025-01-30,downgrade,buy,underperform,186,129,160.52,,,163.98,166.69,163.41,156.85,149.52,EXIT LIQUIDITY,EXIT LIQUIDITY,EXIT LIQUIDITY,WEAK,PROVISIONAL,Demo. Downgrade reflects slower orders than the prior note assumed.,true,Two-notch rating change. Price target moved more than 25%.,,computed,controversial;no-source-url,,785
call_0787,demo,graded,natalie-porter,Natalie Porter,wells-fargo,Wells Fargo,MCD,McDonald's,2025-03-06,upgrade,sell,underperform,223,223,299.18,,,295.93,289.29,304.34,302.04,323.55,STRONG,STRONG,EXIT LIQUIDITY,EXIT LIQUIDITY,WEAK,Demo. Rating change follows a round of channel checks that ran ahead of the model.,false,,,computed,no-source-url,,786
call_0788,demo,graded,natalie-porter,Natalie Porter,wells-fargo,Wells Fargo,WMT,Walmart,2025-04-10,upgrade,hold,buy,79.5,92,89.43,,,94.59,95.69,96.41,95.78,126.23,STRONG,STRONG,STRONG,STRONG,STRONG,Demo. Upgrade cites a cleaner setup into the next two prints.,false,,,computed,no-source-url,,787
call_0789,demo,graded,natalie-porter,Natalie Porter,wells-fargo,Wells Fargo,NKE,Nike,2025-05-15,upgrade,hold,strong_buy,75,76.5,59.7,,,58.78,58.29,69.58,74.35,41.07,EXIT LIQUIDITY,EXIT LIQUIDITY,STRONG,STRONG,EXIT LIQUIDITY,Demo. Upgrade cites a cleaner setup into the next two prints.,true,Two-notch rating change.,,computed,controversial;no-source-url,,788
call_0790,demo,graded,natalie-porter,Natalie Porter,wells-fargo,Wells Fargo,SBUX,Starbucks,2025-06-19,downgrade,buy,hold,95,87,89.39,,,91.49,90.87,90.24,81.15,100.08,WEAK,STRONG,STRONG,WEAK,WEAK,Demo. Downgrade reflects slower orders than the prior note assumed.,false,,,computed,no-source-url,,789
call_0791,demo,graded,natalie-porter,Natalie Porter,wells-fargo,Wells Fargo,PG,Procter & Gamble,2025-07-24,upgrade,underperform,hold,129,146,154.27,,,149.11,154.14,148.7,147.85,147.41,WEAK,STRONG,STRONG,STRONG,STRONG,Demo. Moved up a notch after the quarter cleared a low bar.,false,,,computed,no-source-url,,790
call_0792,demo,graded,natalie-porter,Natalie Porter,wells-fargo,Wells Fargo,MCD,McDonald's,2025-08-28,upgrade,underperform,hold,223,316,302.67,,,300.7,297.59,302.23,304.57,263.13,STRONG,STRONG,STRONG,STRONG,WEAK,Demo. Moved up a notch after the quarter cleared a low bar.,true,Price target moved more than 25%.,,computed,controversial;no-source-url,,791
call_0793,demo,graded,natalie-porter,Natalie Porter,wells-fargo,Wells Fargo,WMT,Walmart,2025-10-02,upgrade,buy,strong_buy,92,114,100.85,,,105.58,100.34,110.6,110.71,,STRONG,EXIT LIQUIDITY,STRONG,STRONG,Not graded yet,Demo. Rating change follows a round of channel checks that ran ahead of the model.,false,,,computed,horizon-open;no-source-url,,792
call_0794,demo,graded,natalie-porter,Natalie Porter,wells-fargo,Wells Fargo,NKE,Nike,2025-11-06,downgrade,strong_buy,sell,76.5,49.5,59.91,,,59.47,64.16,62.87,62.57,,WEAK,EXIT LIQUIDITY,EXIT LIQUIDITY,WEAK,Not graded yet,Demo. Downgrade reflects slower orders than the prior note assumed.,true,Two-notch rating change. Price target moved more than 25%.,,computed,horizon-open;controversial;no-source-url,,793
call_0795,demo,graded,natalie-porter,Natalie Porter,wells-fargo,Wells Fargo,SBUX,Starbucks,2025-12-11,upgrade,hold,buy,87,98,83.23,,,83.06,87.29,97.21,100.27,,EXIT LIQUIDITY,STRONG,STRONG,STRONG,Not graded yet,Demo. Upgrade cites a cleaner setup into the next two prints.,false,,,computed,horizon-open;no-source-url,,794
call_0796,demo,graded,natalie-porter,Natalie Porter,wells-fargo,Wells Fargo,PG,Procter & Gamble,2026-01-15,upgrade,hold,buy,146,169,141.48,,,147.68,157.7,149.86,141.25,,STRONG,STRONG,STRONG,WEAK,Not graded yet,Demo. Upgrade cites a cleaner setup into the next two prints.,false,,,computed,horizon-open;no-source-url,,795
call_0797,demo,graded,natalie-porter,Natalie Porter,wells-fargo,Wells Fargo,MCD,McDonald's,2026-02-19,downgrade,hold,underperform,316,286,320.82,,,322.95,304.6,302.72,276.42,,EXIT LIQUIDITY,STRONG,STRONG,STRONG,Not graded yet,Demo. Cut the rating as the multiple stopped paying for the growth rate.,false,,,computed,horizon-open;no-source-url,,796
call_0798,demo,graded,natalie-porter,Natalie Porter,wells-fargo,Wells Fargo,WMT,Walmart,2026-03-26,downgrade,strong_buy,hold,114,121,121.66,,,128.58,129.36,119.98,118.72,,WEAK,WEAK,STRONG,STRONG,Not graded yet,Demo. Downgrade reflects slower orders than the prior note assumed.,true,Two-notch rating change.,,computed,horizon-open;controversial;no-source-url,,797
call_0799,demo,graded,natalie-porter,Natalie Porter,wells-fargo,Wells Fargo,NKE,Nike,2026-04-30,upgrade,sell,hold,49.5,42,43.51,,,41.21,45.34,41.04,42.77,,WEAK,WEAK,WEAK,STRONG,Not graded yet,Demo. Upgrade cites a cleaner setup into the next two prints.,true,Two-notch rating change.,,computed,horizon-open;controversial;no-source-url,,798
call_0800,demo,graded,natalie-porter,Natalie Porter,wells-fargo,Wells Fargo,SBUX,Starbucks,2026-06-04,downgrade,buy,underperform,98,68,93.6,,,100.08,103.67,102.78,106.72,,EXIT LIQUIDITY,EXIT LIQUIDITY,EXIT LIQUIDITY,EXIT LIQUIDITY,Not graded yet,Demo. Downgrade reflects slower orders than the prior note assumed.,true,Two-notch rating change. Price target moved more than 25%.,,computed,horizon-open;controversial;no-source-url,,799
call_0801,demo,graded,george-halloran,George Halloran,wells-fargo,Wells Fargo,XOM,Exxon Mobil,2024-02-16,initiate,,buy,,106,95.74,,,97.68,102.69,109.54,109.67,103.27,STRONG,STRONG,STRONG,STRONG,PROVISIONAL,Demo. Opened coverage with a fresh model and a twelve-month target.,false,,,computed,no-source-url,,800
call_0802,demo,graded,george-halloran,George Halloran,wells-fargo,Wells Fargo,COP,ConocoPhillips,2024-03-22,initiate,,buy,,134,113.99,,,123.71,119.87,112.27,103.81,97.17,STRONG,STRONG,EXIT LIQUIDITY,EXIT LIQUIDITY,WEAK,Demo. Opened coverage with a fresh model and a twelve-month target.,false,,,computed,no-source-url,,801
call_0803,demo,graded,george-halloran,George Halloran,wells-fargo,Wells Fargo,CVX,Chevron,2024-04-26,initiate,,sell,,106,149.48,,,149.41,143.58,144.22,143.39,130.41,EXIT LIQUIDITY,STRONG,WEAK,WEAK,STRONG,Demo. Opened coverage with a fresh model and a twelve-month target.,false,,,computed,no-source-url,,802
call_0804,demo,graded,george-halloran,George Halloran,wells-fargo,Wells Fargo,XOM,Exxon Mobil,2024-05-31,downgrade,buy,hold,106,111,109.1,,,101.52,107.11,109.95,110.8,98.5,EXIT LIQUIDITY,STRONG,STRONG,STRONG,PROVISIONAL,Demo. Moved down a notch. The target now sits closer to the base case.,false,,,computed,no-source-url,,803
call_0805,demo,graded,george-halloran,George Halloran,wells-fargo,Wells Fargo,COP,ConocoPhillips,2024-07-05,downgrade,buy,underperform,134,78,104.94,,,106.62,98.62,103.17,105.58,90.07,EXIT LIQUIDITY,STRONG,EXIT LIQUIDITY,EXIT LIQUIDITY,STRONG,Demo. Moved down a notch. The target now sits closer to the base case.,true,Two-notch rating change. Price target moved more than 25%.,,computed,controversial;no-source-url,,804
call_0806,demo,graded,george-halloran,George Halloran,wells-fargo,Wells Fargo,CVX,Chevron,2024-08-09,upgrade,sell,buy,106,145,131.96,,,135.86,127.52,136.9,144.28,147.49,STRONG,EXIT LIQUIDITY,PROVISIONAL,STRONG,STRONG,Demo. Upgrade cites a cleaner setup into the next two prints.,true,Two-notch rating change. Price target moved more than 25%.,,computed,controversial;no-source-url,,805
call_0807,demo,graded,george-halloran,George Halloran,wells-fargo,Wells Fargo,XOM,Exxon Mobil,2024-09-13,upgrade,hold,buy,111,117,104.25,,,108.63,115.94,112.88,105.74,109,STRONG,STRONG,STRONG,WEAK,PROVISIONAL,Demo. Moved up a notch after the quarter cleared a low bar.,false,,,computed,no-source-url,,806
call_0808,demo,graded,george-halloran,George Halloran,wells-fargo,Wells Fargo,COP,ConocoPhillips,2024-10-18,upgrade,underperform,hold,78,103,99.24,,,101.28,106.22,92.93,99.88,83.84,WEAK,WEAK,WEAK,STRONG,WEAK,Demo. Upgrade cites a cleaner setup into the next two prints.,true,Price target moved more than 25%.,,computed,controversial;no-source-url,,807
call_0809,demo,graded,george-halloran,George Halloran,wells-fargo,Wells Fargo,CVX,Chevron,2024-11-22,downgrade,buy,underperform,145,109,150.95,,,144.33,132.81,147.12,149.27,145.91,STRONG,STRONG,WEAK,EXIT LIQUIDITY,WEAK,Demo. Moved down a notch. The target now sits closer to the base case.,true,Two-notch rating change.,,computed,controversial;no-source-url,,808
call_0810,demo,graded,george-halloran,George Halloran,wells-fargo,Wells Fargo,XOM,Exxon Mobil,2024-12-27,upgrade,buy,strong_buy,117,108,100.69,,,100.75,102.75,104.69,112.48,116.77,WEAK,STRONG,PROVISIONAL,STRONG,STRONG,Demo. Rating change follows a round of channel checks that ran ahead of the model.,false,,,computed,no-source-url,,809
call_0811,demo,graded,george-halloran,George Halloran,wells-fargo,Wells Fargo,COP,ConocoPhillips,2025-01-31,target_cut,hold,hold,103,92,93.47,,,91.77,94.53,100.48,86.42,101.98,WEAK,STRONG,WEAK,WEAK,PROVISIONAL,Demo. Cut the target to reflect a lower multiple versus the group.,false,,,computed,no-source-url,,810
call_0812,demo,graded,george-halloran,George Halloran,wells-fargo,Wells Fargo,CVX,Chevron,2025-03-07,upgrade,underperform,buy,109,170,146.97,,,154.87,134.69,127.47,130.26,186.59,STRONG,EXIT LIQUIDITY,EXIT LIQUIDITY,EXIT LIQUIDITY,STRONG,Demo. Rating change follows a round of channel checks that ran ahead of the model.,true,Two-notch rating change. Price target moved more than 25%.,,computed,controversial;no-source-url,,811
call_0813,demo,graded,george-halloran,George Halloran,wells-fargo,Wells Fargo,XOM,Exxon Mobil,2025-04-11,downgrade,strong_buy,sell,108,79,98.4,,,103.59,102.38,103.24,110.66,150.51,EXIT LIQUIDITY,EXIT LIQUIDITY,EXIT LIQUIDITY,EXIT LIQUIDITY,EXIT LIQUIDITY,Demo. Moved down a notch. The target now sits closer to the base case.,true,Two-notch rating change. Price target moved more than 25%.,,computed,controversial;no-source-url,,812
call_0814,demo,graded,george-halloran,George Halloran,wells-fargo,Wells Fargo,COP,ConocoPhillips,2025-05-16,reiterate,hold,hold,92,94,88.12,,,82.06,93.23,88.99,91.97,121.6,EXIT LIQUIDITY,WEAK,STRONG,STRONG,WEAK,Demo. Kept the rating and walked through what would force a change.,false,,,computed,no-source-url,,813
call_0815,demo,graded,george-halloran,George Halloran,wells-fargo,Wells Fargo,CVX,Chevron,2025-06-20,downgrade,buy,hold,170,141,142.3,,,141.17,142.76,146.24,152.82,172.13,STRONG,STRONG,STRONG,WEAK,WEAK,Demo. Moved down a notch. The target now sits closer to the base case.,false,,,computed,no-source-url,,814
call_0816,demo,graded,george-halloran,George Halloran,wells-fargo,Wells Fargo,XOM,Exxon Mobil,2025-07-25,upgrade,sell,hold,79,106,106.3,,,102.83,108.15,110.74,112.71,155.93,WEAK,STRONG,PROVISIONAL,PROVISIONAL,EXIT LIQUIDITY,Demo. Moved up a notch after the quarter cleared a low bar.,true,Two-notch rating change. Price target moved more than 25%.,,computed,controversial;no-source-url,,815
call_0817,demo,graded,george-halloran,George Halloran,wells-fargo,Wells Fargo,COP,ConocoPhillips,2025-08-29,downgrade,hold,underperform,94,87,95.95,,,89.61,95.47,84.14,85.21,130.35,STRONG,WEAK,STRONG,STRONG,EXIT LIQUIDITY,Demo. Downgrade reflects slower orders than the prior note assumed.,false,,,computed,no-source-url,,816
call_0818,demo,graded,george-halloran,George Halloran,wells-fargo,Wells Fargo,CVX,Chevron,2025-10-03,upgrade,hold,buy,141,183,147.73,,,147.28,151.74,146.17,148.27,,EXIT LIQUIDITY,STRONG,EXIT LIQUIDITY,EXIT LIQUIDITY,Not graded yet,Demo. Rating change follows a round of channel checks that ran ahead of the model.,true,Price target moved more than 25%.,,computed,horizon-open;controversial;no-source-url,,817
call_0819,demo,graded,george-halloran,George Halloran,wells-fargo,Wells Fargo,XOM,Exxon Mobil,2025-11-07,downgrade,hold,underperform,106,86,113.92,,,114.78,114.25,118.67,143.21,,EXIT LIQUIDITY,EXIT LIQUIDITY,EXIT LIQUIDITY,EXIT LIQUIDITY,Not graded yet,Demo. Moved down a notch. The target now sits closer to the base case.,false,,,computed,horizon-open;no-source-url,,818
call_0820,demo,graded,george-halloran,George Halloran,wells-fargo,Wells Fargo,COP,ConocoPhillips,2025-12-12,upgrade,underperform,hold,87,95,93.48,,,89.57,95.41,105.18,118.58,,WEAK,PROVISIONAL,WEAK,EXIT LIQUIDITY,Not graded yet,Demo. Rating change follows a round of channel checks that ran ahead of the model.,false,,,computed,horizon-open;no-source-url,,819
call_0821,demo,graded,george-halloran,George Halloran,wells-fargo,Wells Fargo,CVX,Chevron,2026-01-16,downgrade,buy,hold,183,160,161.74,,,172.09,178.75,194.48,184.83,,WEAK,WEAK,EXIT LIQUIDITY,WEAK,Not graded yet,Demo. Moved down a notch. The target now sits closer to the base case.,false,,,computed,horizon-open;no-source-url,,820
call_0822,demo,graded,george-halloran,George Halloran,wells-fargo,Wells Fargo,XOM,Exxon Mobil,2026-02-20,upgrade,underperform,buy,86,149,145.35,,,149.22,157.57,146.41,154.29,,STRONG,STRONG,WEAK,STRONG,Not graded yet,Demo. Rating change follows a round of channel checks that ran ahead of the model.,true,Two-notch rating change. Price target moved more than 25%.,,computed,horizon-open;controversial;no-source-url,,821
call_0823,demo,graded,george-halloran,George Halloran,wells-fargo,Wells Fargo,COP,ConocoPhillips,2026-03-27,downgrade,hold,underperform,95,109,131.93,,,120.84,120.06,115.8,105.7,,STRONG,STRONG,STRONG,STRONG,Not graded yet,Demo. Downgrade reflects slower orders than the prior note assumed.,false,,,computed,horizon-open;no-source-url,,822
call_0824,demo,graded,george-halloran,George Halloran,wells-fargo,Wells Fargo,CVX,Chevron,2026-05-01,upgrade,hold,buy,160,208,187.27,,,187.73,180.88,164.33,190.65,,EXIT LIQUIDITY,EXIT LIQUIDITY,EXIT LIQUIDITY,WEAK,Not graded yet,Demo. Moved up a notch after the quarter cleared a low bar.,true,Price target moved more than 25%.,,computed,horizon-open;controversial;no-source-url,,823
call_0825,demo,graded,george-halloran,George Halloran,wells-fargo,Wells Fargo,XOM,Exxon Mobil,2026-06-05,target_raise,buy,buy,149,168,148.96,,,136.92,136.21,152.97,162.21,,EXIT LIQUIDITY,EXIT LIQUIDITY,PROVISIONAL,STRONG,Not graded yet,Demo. Raised the target on a higher out-year margin assumption.,false,,,computed,horizon-open;no-source-url,,824
call_0826,demo,graded,lukas-weber,Lukas Weber,deutsche,Deutsche Bank,GE,GE Aerospace,2024-02-06,initiate,,hold,,111,108.17,,,116.85,130.91,153.98,165.77,202.87,WEAK,EXIT LIQUIDITY,EXIT LIQUIDITY,EXIT LIQUIDITY,EXIT LIQUIDITY,Demo. New coverage. The target assumes margins hold near the last print.,false,,,computed,no-source-url,,825
call_0827,demo,graded,lukas-weber,Lukas Weber,deutsche,Deutsche Bank,HON,Honeywell,2024-03-12,initiate,,hold,,188,187.11,,,188.87,184.98,190.67,199.07,198,STRONG,STRONG,STRONG,PROVISIONAL,STRONG,Demo. New coverage. The target assumes margins hold near the last print.,false,,,computed,no-source-url,,826
call_0828,demo,graded,lukas-weber,Lukas Weber,deutsche,Deutsche Bank,BA,Boeing,2024-04-16,initiate,,underperform,,142,170.55,,,167.84,182.96,177.27,179.11,156.47,STRONG,EXIT LIQUIDITY,EXIT LIQUIDITY,WEAK,STRONG,Demo. Opened coverage with a fresh model and a twelve-month target.,false,,,computed,no-source-url,,827
call_0829,demo,graded,lukas-weber,Lukas Weber,deutsche,Deutsche Bank,CAT,Caterpillar,2024-05-21,initiate,,underperform,,271,348.9,,,318.29,319.81,337.78,336.25,338.22,STRONG,STRONG,WEAK,PROVISIONAL,WEAK,Demo. Initiation note leans on relative valuation versus the coverage group.,false,,,computed,no-source-url,,828
call_0830,demo,graded,lukas-weber,Lukas Weber,deutsche,Deutsche Bank,GE,GE Aerospace,2024-06-25,downgrade,hold,sell,111,123,157.64,,,160.99,162.79,169.26,186.51,248.27,EXIT LIQUIDITY,EXIT LIQUIDITY,EXIT LIQUIDITY,EXIT LIQUIDITY,EXIT LIQUIDITY,Demo. Moved down a notch. The target now sits closer to the base case.,true,Two-notch rating change.,,computed,controversial;no-source-url,,829
call_0831,demo,graded,lukas-weber,Lukas Weber,deutsche,Deutsche Bank,HON,Honeywell,2024-07-30,target_raise,hold,hold,188,194,191.41,,,185.83,197.09,197.2,195.75,214.26,WEAK,WEAK,STRONG,STRONG,WEAK,Demo. Raised the target on a higher out-year margin assumption.,false,,,computed,no-source-url,,830
call_0832,demo,graded,lukas-weber,Lukas Weber,deutsche,Deutsche Bank,BA,Boeing,2024-09-03,upgrade,underperform,strong_buy,142,188,161.02,,,156.39,150.52,154.59,156.54,232.38,EXIT LIQUIDITY,EXIT LIQUIDITY,EXIT LIQUIDITY,WEAK,STRONG,Demo. Upgrade cites a cleaner setup into the next two prints.,true,Two-notch rating change. Price target moved more than 25%.,,computed,controversial;no-source-url,,831
call_0833,demo,graded,lukas-weber,Lukas Weber,deutsche,Deutsche Bank,CAT,Caterpillar,2024-10-08,upgrade,underperform,hold,271,388,378.51,,,380.36,399.69,386.79,356.6,497.64,STRONG,WEAK,STRONG,PROVISIONAL,WEAK,Demo. Upgrade cites a cleaner setup into the next two prints.,true,Price target moved more than 25%.,,computed,controversial;no-source-url,,832
call_0834,demo,graded,lukas-weber,Lukas Weber,deutsche,Deutsche Bank,GE,GE Aerospace,2024-11-12,target_raise,sell,sell,123,134,180.82,,,182.76,163.19,170.26,203.51,307.83,EXIT LIQUIDITY,STRONG,STRONG,EXIT LIQUIDITY,EXIT LIQUIDITY,Demo. Target moved up with the rating unchanged.,false,,,computed,no-source-url,,833
call_0835,demo,graded,lukas-weber,Lukas Weber,deutsche,Deutsche Bank,HON,Honeywell,2024-12-17,downgrade,hold,underperform,194,204,222.51,,,215.6,212.55,193.51,201.91,206.84,STRONG,STRONG,STRONG,STRONG,PROVISIONAL,Demo. Moved down a notch. The target now sits closer to the base case.,false,,,computed,no-source-url,,834
call_0836,demo,graded,lukas-weber,Lukas Weber,deutsche,Deutsche Bank,BA,Boeing,2025-01-21,downgrade,strong_buy,sell,188,165,175.56,,,176.23,180.88,178.11,159.34,250.07,WEAK,WEAK,WEAK,STRONG,EXIT LIQUIDITY,Demo. Moved down a notch. The target now sits closer to the base case.,true,Two-notch rating change.,,computed,controversial;no-source-url,,835
call_0837,demo,graded,lukas-weber,Lukas Weber,deutsche,Deutsche Bank,CAT,Caterpillar,2025-02-25,downgrade,hold,sell,388,246,336.45,,,333.9,333.44,302.61,339.08,763.74,WEAK,EXIT LIQUIDITY,STRONG,EXIT LIQUIDITY,EXIT LIQUIDITY,Demo. Cut the rating as the multiple stopped paying for the growth rate.,true,Two-notch rating change. Price target moved more than 25%.,,computed,controversial;no-source-url,,836
call_0838,demo,graded,lukas-weber,Lukas Weber,deutsche,Deutsche Bank,GE,GE Aerospace,2025-04-01,upgrade,sell,underperform,134,145,202.46,,,184.46,202.29,244.31,255.72,292.32,STRONG,EXIT LIQUIDITY,EXIT LIQUIDITY,EXIT LIQUIDITY,EXIT LIQUIDITY,Demo. Rating change follows a round of channel checks that ran ahead of the model.,false,,,computed,no-source-url,,837
call_0839,demo,graded,lukas-weber,Lukas Weber,deutsche,Deutsche Bank,HON,Honeywell,2025-05-06,upgrade,underperform,buy,204,213,201.44,,,217.06,218.61,231.86,212.94,225.52,STRONG,STRONG,STRONG,STRONG,STRONG,Demo. Moved up a notch after the quarter cleared a low bar.,true,Two-notch rating change.,,computed,controversial;no-source-url,,838
call_0840,demo,graded,lukas-weber,Lukas Weber,deutsche,Deutsche Bank,BA,Boeing,2025-06-10,target_raise,sell,sell,165,181,215.73,,,200.94,226.09,229.12,230.95,209,STRONG,EXIT LIQUIDITY,EXIT LIQUIDITY,EXIT LIQUIDITY,WEAK,Demo. Target moved up with the rating unchanged.,false,,,computed,no-source-url,,839
call_0841,demo,graded,lukas-weber,Lukas Weber,deutsche,Deutsche Bank,CAT,Caterpillar,2025-07-15,upgrade,sell,hold,246,399,399.57,,,426.21,413.78,427.67,500.26,912.61,WEAK,WEAK,WEAK,EXIT LIQUIDITY,EXIT LIQUIDITY,Demo. Upgrade cites a cleaner setup into the next two prints.,true,Two-notch rating change. Price target moved more than 25%.,,computed,controversial;no-source-url,,840
call_0842,demo,graded,lukas-weber,Lukas Weber,deutsche,Deutsche Bank,GE,GE Aerospace,2025-08-19,upgrade,underperform,hold,145,261,264.59,,,274,295.59,298.99,298.98,356.23,WEAK,EXIT LIQUIDITY,WEAK,WEAK,EXIT LIQUIDITY,Demo. Upgrade cites a cleaner setup into the next two prints.,true,Price target moved more than 25%.,,computed,controversial;no-source-url,,841
call_0843,demo,graded,lukas-weber,Lukas Weber,deutsche,Deutsche Bank,HON,Honeywell,2025-09-23,downgrade,buy,sell,213,147,202.92,,,202.6,213.93,196.63,202.78,,EXIT LIQUIDITY,EXIT LIQUIDITY,WEAK,EXIT LIQUIDITY,Not graded yet,Demo. Moved down a notch. The target now sits closer to the base case.,true,Two-notch rating change. Price target moved more than 25%.,,computed,horizon-open;controversial;no-source-url,,842
call_0844,demo,graded,lukas-weber,Lukas Weber,deutsche,Deutsche Bank,BA,Boeing,2025-10-28,target_cut,sell,sell,181,167,223.33,,,195.21,186.92,216.44,248.43,,STRONG,STRONG,WEAK,EXIT LIQUIDITY,Not graded yet,Demo. Target came down. The rating stayed put.,false,,,computed,horizon-open;no-source-url,,843
call_0845,demo,graded,lukas-weber,Lukas Weber,deutsche,Deutsche Bank,CAT,Caterpillar,2025-12-02,upgrade,hold,strong_buy,399,723,578.93,,,585.35,569.39,654.9,749.5,,STRONG,EXIT LIQUIDITY,STRONG,STRONG,Not graded yet,Demo. Moved up a notch after the quarter cleared a low bar.,true,Two-notch rating change. Price target moved more than 25%.,,computed,horizon-open;controversial;no-source-url,,844
call_0846,demo,graded,lukas-weber,Lukas Weber,deutsche,Deutsche Bank,GE,GE Aerospace,2026-01-06,target_raise,hold,hold,261,322,326.66,,,311.5,305.54,322.24,288.33,,WEAK,WEAK,STRONG,WEAK,Not graded yet,Demo. Raised the target on a higher out-year margin assumption.,false,,,computed,horizon-open;no-source-url,,845
call_0847,demo,graded,lukas-weber,Lukas Weber,deutsche,Deutsche Bank,HON,Honeywell,2026-02-10,upgrade,sell,buy,147,294,251.8,,,252.08,242.72,244.42,227.86,,EXIT LIQUIDITY,EXIT LIQUIDITY,EXIT LIQUIDITY,EXIT LIQUIDITY,Not graded yet,Demo. Upgrade cites a cleaner setup into the next two prints.,true,Two-notch rating change. Price target moved more than 25%.,,computed,horizon-open;controversial;no-source-url,,846
call_0848,demo,graded,lukas-weber,Lukas Weber,deutsche,Deutsche Bank,BA,Boeing,2026-03-17,reiterate,sell,sell,167,163,210.82,,,199.03,218.88,220.49,228.95,,STRONG,EXIT LIQUIDITY,EXIT LIQUIDITY,EXIT LIQUIDITY,Not graded yet,Demo. Same rating. The target was refreshed for the latest share count.,false,,,computed,horizon-open;no-source-url,,847
call_0849,demo,graded,lukas-weber,Lukas Weber,deutsche,Deutsche Bank,CAT,Caterpillar,2026-04-21,downgrade,strong_buy,hold,723,800,798.97,,,902.92,864.35,983.99,864.3,,EXIT LIQUIDITY,WEAK,EXIT LIQUIDITY,WEAK,Not graded yet,Demo. Downgrade reflects slower orders than the prior note assumed.,true,Two-notch rating change.,,computed,horizon-open;controversial;no-source-url,,848
call_0850,demo,graded,lukas-weber,Lukas Weber,deutsche,Deutsche Bank,GE,GE Aerospace,2026-05-26,upgrade,hold,buy,322,330,314.1,,,330.03,370.9,353.73,341.84,,STRONG,STRONG,STRONG,STRONG,Not graded yet,Demo. Moved up a notch after the quarter cleared a low bar.,false,,,computed,horizon-open;no-source-url,,849
call_0851,demo,graded,amira-hassan,Amira Hassan,deutsche,Deutsche Bank,JPM,JPMorgan Chase,2024-02-07,initiate,,sell,,121,166.46,,,171.65,178.59,188.44,183,268.74,EXIT LIQUIDITY,EXIT LIQUIDITY,EXIT LIQUIDITY,EXIT LIQUIDITY,EXIT LIQUIDITY,Demo. Initiation note leans on relative valuation versus the coverage group.,false,,,computed,no-source-url,,850
call_0852,demo,graded,amira-hassan,Amira Hassan,deutsche,Deutsche Bank,BAC,Bank of America,2024-03-13,initiate,,underperform,,27,34.08,,,35.72,33.81,36.32,36.93,38.4,EXIT LIQUIDITY,EXIT LIQUIDITY,EXIT LIQUIDITY,EXIT LIQUIDITY,WEAK,Demo. Opened coverage with a fresh model and a twelve-month target.,false,,,computed,no-source-url,,851
call_0853,demo,graded,amira-hassan,Amira Hassan,deutsche,Deutsche Bank,V,Visa,2024-04-17,initiate,,sell,,198,267.61,,,262.34,275.39,266.11,264.72,325.88,STRONG,EXIT LIQUIDITY,EXIT LIQUIDITY,EXIT LIQUIDITY,EXIT LIQUIDITY,Demo. New coverage. The target assumes margins hold near the last print.,false,,,computed,no-source-url,,852
call_0854,demo,graded,amira-hassan,Amira Hassan,deutsche,Deutsche Bank,MA,Mastercard,2024-05-22,initiate,,buy,,565,450.43,,,440.7,448.78,438.42,463.55,565.84,EXIT LIQUIDITY,EXIT LIQUIDITY,EXIT LIQUIDITY,WEAK,STRONG,Demo. Initiation note leans on relative valuation versus the coverage group.,false,,,computed,no-source-url,,853
call_0855,demo,graded,amira-hassan,Amira Hassan,deutsche,Deutsche Bank,GS,Goldman Sachs Group,2024-06-26,initiate,,hold,,426,435.55,,,457.55,476.8,486.72,478.65,670.32,WEAK,WEAK,WEAK,WEAK,EXIT LIQUIDITY,Demo. Initiation note leans on relative valuation versus the coverage group.,false,,,computed,no-source-url,,854
call_0856,demo,graded,amira-hassan,Amira Hassan,deutsche,Deutsche Bank,JPM,JPMorgan Chase,2024-07-31,upgrade,sell,hold,121,202,204.22,,,201.76,215.74,202.01,215.22,290.68,PROVISIONAL,WEAK,STRONG,PROVISIONAL,EXIT LIQUIDITY,Demo. Rating change follows a round of channel checks that ran ahead of the model.,true,Two-notch rating change. Price target moved more than 25%.,,computed,controversial;no-source-url,,855
call_0857,demo,graded,amira-hassan,Amira Hassan,deutsche,Deutsche Bank,BAC,Bank of America,2024-09-04,upgrade,underperform,buy,27,44,38.49,,,37.9,38.37,39.95,44.79,49.29,EXIT LIQUIDITY,EXIT LIQUIDITY,PROVISIONAL,STRONG,STRONG,Demo. Rating change follows a round of channel checks that ran ahead of the model.,true,Two-notch rating change. Price target moved more than 25%.,,computed,controversial;no-source-url,,856
call_0858,demo,graded,amira-hassan,Amira Hassan,deutsche,Deutsche Bank,V,Visa,2024-10-09,upgrade,sell,buy,198,316,272.82,,,279.55,303.3,306.97,307.62,344.29,STRONG,STRONG,STRONG,STRONG,STRONG,Demo. Moved up a notch after the quarter cleared a low bar.,true,Two-notch rating change. Price target moved more than 25%.,,computed,controversial;no-source-url,,857
call_0859,demo,graded,amira-hassan,Amira Hassan,deutsche,Deutsche Bank,MA,Mastercard,2024-11-13,downgrade,buy,hold,565,518,516.37,,,526.75,523.41,500.07,559.56,552.86,WEAK,STRONG,STRONG,WEAK,STRONG,Demo. Moved down a notch. The target now sits closer to the base case.,false,,,computed,no-source-url,,858
call_0860,demo,graded,amira-hassan,Amira Hassan,deutsche,Deutsche Bank,GS,Goldman Sachs Group,2024-12-18,downgrade,hold,sell,426,420,531.47,,,553.07,604.57,638,535.59,863.66,EXIT LIQUIDITY,EXIT LIQUIDITY,EXIT LIQUIDITY,WEAK,EXIT LIQUIDITY,Demo. Downgrade reflects slower orders than the prior note assumed.,true,Two-notch rating change.,,computed,controversial;no-source-url,,859
call_0861,demo,graded,amira-hassan,Amira Hassan,deutsche,Deutsche Bank,JPM,JPMorgan Chase,2025-01-22,downgrade,hold,underperform,202,235,255.1,,,262.46,256.46,234.51,230.06,300.73,EXIT LIQUIDITY,WEAK,STRONG,STRONG,WEAK,Demo. Cut the rating as the multiple stopped paying for the growth rate.,false,,,computed,no-source-url,,860
call_0862,demo,graded,amira-hassan,Amira Hassan,deutsche,Deutsche Bank,BAC,Bank of America,2025-02-26,target_raise,buy,buy,44,47.5,42.27,,,38.63,39.93,38.42,42.81,51.47,EXIT LIQUIDITY,EXIT LIQUIDITY,EXIT LIQUIDITY,WEAK,STRONG,Demo. Raised the target on a higher out-year margin assumption.,false,,,computed,no-source-url,,861
call_0863,demo,graded,amira-hassan,Amira Hassan,deutsche,Deutsche Bank,V,Visa,2025-04-02,downgrade,buy,hold,316,349,342.41,,,327.58,343.67,361.66,352.03,299.62,WEAK,STRONG,WEAK,STRONG,WEAK,Demo. Moved down a notch. The target now sits closer to the base case.,false,,,computed,no-source-url,,862
call_0864,demo,graded,amira-hassan,Amira Hassan,deutsche,Deutsche Bank,MA,Mastercard,2025-05-07,downgrade,hold,underperform,518,439,562.06,,,565.25,585.67,564.95,562.53,500.1,EXIT LIQUIDITY,EXIT LIQUIDITY,EXIT LIQUIDITY,WEAK,STRONG,Demo. Downgrade reflects slower orders than the prior note assumed.,false,,,computed,no-source-url,,863
call_0865,demo,graded,amira-hassan,Amira Hassan,deutsche,Deutsche Bank,GS,Goldman Sachs Group,2025-06-11,upgrade,sell,underperform,420,487,608.87,,,653.45,687.67,703.59,749.18,1030.59,EXIT LIQUIDITY,EXIT LIQUIDITY,EXIT LIQUIDITY,EXIT LIQUIDITY,EXIT LIQUIDITY,Demo. Upgrade cites a cleaner setup into the next two prints.,false,,,computed,no-source-url,,864
call_0866,demo,graded,amira-hassan,Amira Hassan,deutsche,Deutsche Bank,JPM,JPMorgan Chase,2025-07-16,upgrade,underperform,hold,235,276,280.45,,,294.01,285.04,301.15,297.85,343.15,WEAK,STRONG,WEAK,PROVISIONAL,WEAK,Demo. Rating change follows a round of channel checks that ran ahead of the model.,false,,,computed,no-source-url,,865
call_0867,demo,graded,amira-hassan,Amira Hassan,deutsche,Deutsche Bank,BAC,Bank of America,2025-08-20,downgrade,buy,sell,47.5,37.5,47.08,,,48.74,51.16,50.21,50.56,61.55,EXIT LIQUIDITY,EXIT LIQUIDITY,EXIT LIQUIDITY,EXIT LIQUIDITY,EXIT LIQUIDITY,Demo. Moved down a notch. The target now sits closer to the base case.,true,Two-notch rating change.,,computed,controversial;no-source-url,,866
call_0868,demo,graded,amira-hassan,Amira Hassan,deutsche,Deutsche Bank,V,Visa,2025-09-24,downgrade,hold,sell,349,261,335.99,,,348.57,344.62,326.02,351.27,,EXIT LIQUIDITY,EXIT LIQUIDITY,WEAK,EXIT LIQUIDITY,Not graded yet,Demo. Cut the rating as the multiple stopped paying for the growth rate.,true,Two-notch rating change. Price target moved more than 25%.,,computed,horizon-open;controversial;no-source-url,,867
call_0869,demo,graded,amira-hassan,Amira Hassan,deutsche,Deutsche Bank,MA,Mastercard,2025-10-29,upgrade,underperform,buy,439,627,551.87,,,558.49,547.84,576.77,518.65,,STRONG,EXIT LIQUIDITY,STRONG,WEAK,Not graded yet,Demo. Moved up a notch after the quarter cleared a low bar.,true,Two-notch rating change. Price target moved more than 25%.,,computed,horizon-open;controversial;no-source-url,,868
call_0870,demo,graded,amira-hassan,Amira Hassan,deutsche,Deutsche Bank,GS,Goldman Sachs Group,2025-12-03,upgrade,underperform,hold,487,852,824.5,,,859.74,901.15,921.91,854.61,,WEAK,WEAK,WEAK,STRONG,Not graded yet,Demo. Moved up a notch after the quarter cleared a low bar.,true,Price target moved more than 25%.,,computed,horizon-open;controversial;no-source-url,,869
call_0871,demo,graded,amira-hassan,Amira Hassan,deutsche,Deutsche Bank,JPM,JPMorgan Chase,2026-01-07,upgrade,hold,buy,276,367,323.87,,,299.15,319.32,286.71,296.07,,EXIT LIQUIDITY,EXIT LIQUIDITY,EXIT LIQUIDITY,WEAK,Not graded yet,Demo. Upgrade cites a cleaner setup into the next two prints.,true,Price target moved more than 25%.,,computed,horizon-open;controversial;no-source-url,,870
call_0872,demo,graded,amira-hassan,Amira Hassan,deutsche,Deutsche Bank,BAC,Bank of America,2026-02-11,upgrade,sell,buy,37.5,64.5,53,,,50.87,46.24,52,50.26,,EXIT LIQUIDITY,EXIT LIQUIDITY,EXIT LIQUIDITY,EXIT LIQUIDITY,Not graded yet,Demo. Moved up a notch after the quarter cleared a low bar.,true,Two-notch rating change. Price target moved more than 25%.,,computed,horizon-open;controversial;no-source-url,,871
call_0873,demo,graded,amira-hassan,Amira Hassan,deutsche,Deutsche Bank,V,Visa,2026-03-18,upgrade,sell,buy,261,339,297.85,,,297.34,315.78,325.15,332.5,,EXIT LIQUIDITY,STRONG,STRONG,STRONG,Not graded yet,Demo. Upgrade cites a cleaner setup into the next two prints.,true,Two-notch rating change. Price target moved more than 25%.,,computed,horizon-open;controversial;no-source-url,,872
call_0874,demo,graded,amira-hassan,Amira Hassan,deutsche,Deutsche Bank,MA,Mastercard,2026-04-22,downgrade,buy,sell,627,427,509.31,,,491.07,497.71,488.97,538.3,,STRONG,STRONG,PROVISIONAL,WEAK,Not graded yet,Demo. Cut the rating as the multiple stopped paying for the growth rate.,true,Two-notch rating change. Price target moved more than 25%.,,computed,horizon-open;controversial;no-source-url,,873
call_0875,demo,graded,amira-hassan,Amira Hassan,deutsche,Deutsche Bank,GS,Goldman Sachs Group,2026-05-27,upgrade,hold,buy,852,1054,987.26,,,996.41,1014.64,1056.06,1053.72,,PROVISIONAL,STRONG,STRONG,STRONG,Not graded yet,Demo. Upgrade cites a cleaner setup into the next two prints.,false,,,computed,horizon-open;no-source-url,,874
call_0876,demo,graded,helen-voss,Helen Voss,evercore,Evercore ISI,AAPL,Apple,2026-07-01,upgrade,hold,strong_buy,299,324,294.13,,,327.22,308.64,319.7,,,STRONG,STRONG,STRONG,Not graded yet,Not graded yet,Demo. Upgrade cites a cleaner setup into the next two prints.,true,Two-notch rating change.,,computed,horizon-open;controversial;no-source-url,,875
call_0877,demo,graded,helen-voss,Helen Voss,evercore,Evercore ISI,AMD,AMD,2026-07-08,downgrade,hold,sell,220,477,517.41,,,552.33,483.36,477.57,,,EXIT LIQUIDITY,STRONG,STRONG,Not graded yet,Not graded yet,Demo. Cut the rating as the multiple stopped paying for the growth rate.,true,Two-notch rating change. Price target moved more than 25%.,,computed,horizon-open;controversial;no-source-url,,876
call_0878,demo,graded,helen-voss,Helen Voss,evercore,Evercore ISI,AMZN,Amazon,2026-07-17,target_raise,sell,sell,217,242,247.23,,,271.58,262.65,248.42,,,EXIT LIQUIDITY,WEAK,WEAK,Not graded yet,Not graded yet,Demo. Raised the target on a higher out-year margin assumption.,false,,,computed,horizon-open;no-source-url,,877
call_0879,demo,graded,helen-voss,Helen Voss,evercore,Evercore ISI,CRM,Salesforce,2026-07-27,upgrade,hold,buy,195,210,173.3,,,197.16,205.26,,,,STRONG,STRONG,Not graded yet,Not graded yet,Not graded yet,Demo. Moved up a notch after the quarter cleared a low bar.,false,,,computed,horizon-open;no-source-url,,878
call_0880,demo,graded,helen-voss,Helen Voss,evercore,Evercore ISI,NVDA,NVIDIA,2026-08-03,upgrade,buy,strong_buy,207,230,206.41,,,224.76,224.16,,,,STRONG,STRONG,Not graded yet,Not graded yet,Not graded yet,Demo. Moved up a notch after the quarter cleared a low bar.,false,,,computed,horizon-open;no-source-url,,879
call_0881,demo,graded,helen-voss,Helen Voss,evercore,Evercore ISI,NFLX,Netflix,2026-08-11,upgrade,hold,buy,92,83.5,74.79,,,82.23,76.01,,,,STRONG,PROVISIONAL,Not graded yet,Not graded yet,Not graded yet,Demo. Moved up a notch after the quarter cleared a low bar.,false,,,computed,horizon-open;no-source-url,,880
call_0882,demo,graded,helen-voss,Helen Voss,evercore,Evercore ISI,AAPL,Apple,2026-08-18,target_raise,strong_buy,strong_buy,324,375,310.03,,,325.13,337,,,,STRONG,STRONG,Not graded yet,Not graded yet,Not graded yet,Demo. Target moved up with the rating unchanged.,false,,,computed,horizon-open;no-source-url,,881
call_0883,demo,graded,helen-voss,Helen Voss,evercore,Evercore ISI,AMD,AMD,2026-08-27,target_raise,sell,sell,477,611,476.67,,,503.6,,,,,EXIT LIQUIDITY,Not graded yet,Not graded yet,Not graded yet,Not graded yet,Demo. Raised the target on a higher out-year margin assumption.,true,Price target moved more than 25%.,,computed,horizon-open;controversial;no-source-url,,882
call_0884,demo,graded,helen-voss,Helen Voss,evercore,Evercore ISI,AMZN,Amazon,2026-09-04,target_raise,sell,sell,242,310,258.51,,,253.71,,,,,STRONG,Not graded yet,Not graded yet,Not graded yet,Not graded yet,Demo. Raised the target on a higher out-year margin assumption.,true,Price target moved more than 25%.,,computed,horizon-open;controversial;no-source-url,,883
call_0885,demo,open,helen-voss,Helen Voss,evercore,Evercore ISI,CRM,Salesforce,2026-09-14,upgrade,buy,strong_buy,210,304,258.97,,,,,,,,Not graded yet,Not graded yet,Not graded yet,Not graded yet,Not graded yet,Demo. Upgrade cites a cleaner setup into the next two prints.,true,Price target moved more than 25%.,,computed,horizon-open;controversial;no-source-url,,884
call_0886,demo,graded,marcus-ellison,Marcus Ellison,evercore,Evercore ISI,ABBV,AbbVie,2026-07-02,target_raise,sell,sell,213,244,259.22,,,254.39,250.94,256.42,,,STRONG,STRONG,WEAK,Not graded yet,Not graded yet,Demo. Target moved up with the rating unchanged.,false,,,computed,horizon-open;no-source-url,,885
call_0887,demo,graded,marcus-ellison,Marcus Ellison,evercore,Evercore ISI,PFE,Pfizer,2026-07-13,upgrade,buy,strong_buy,30.5,28,24.06,,,24.67,26.31,27.72,,,STRONG,STRONG,STRONG,Not graded yet,Not graded yet,Demo. Moved up a notch after the quarter cleared a low bar.,false,,,computed,horizon-open;no-source-url,,886
call_0888,demo,graded,marcus-ellison,Marcus Ellison,evercore,Evercore ISI,UNH,UnitedHealth,2026-07-22,downgrade,buy,hold,438,367,428.67,,,410.22,387.72,376.9,,,EXIT LIQUIDITY,WEAK,WEAK,Not graded yet,Not graded yet,Demo. Downgrade reflects slower orders than the prior note assumed.,false,,,computed,horizon-open;no-source-url,,887
call_0889,demo,graded,marcus-ellison,Marcus Ellison,evercore,Evercore ISI,LLY,Eli Lilly,2026-07-31,target_raise,strong_buy,strong_buy,1239,1432,1147.2,,,1180.16,1174.61,,,,STRONG,STRONG,Not graded yet,Not graded yet,Not graded yet,Demo. Target moved up with the rating unchanged.,false,,,computed,horizon-open;no-source-url,,888
call_0890,demo,graded,marcus-ellison,Marcus Ellison,evercore,Evercore ISI,JNJ,Johnson & Johnson,2026-08-10,upgrade,underperform,buy,149,260,260.53,,,271.7,267.08,,,,STRONG,STRONG,Not graded yet,Not graded yet,Not graded yet,Demo. Rating change follows a round of channel checks that ran ahead of the model.,true,Two-notch rating change. Price target moved more than 25%.,,computed,horizon-open;controversial;no-source-url,,889
call_0891,demo,graded,marcus-ellison,Marcus Ellison,evercore,Evercore ISI,ABBV,AbbVie,2026-08-18,target_raise,sell,sell,244,284,258.92,,,259.99,264.02,,,,EXIT LIQUIDITY,WEAK,Not graded yet,Not graded yet,Not graded yet,Demo. Raised the target on a higher out-year margin assumption.,false,,,computed,horizon-open;no-source-url,,890
call_0892,demo,graded,marcus-ellison,Marcus Ellison,evercore,Evercore ISI,PFE,Pfizer,2026-08-26,target_raise,strong_buy,strong_buy,28,31,28.3,,,27.78,,,,,EXIT LIQUIDITY,Not graded yet,Not graded yet,Not graded yet,Not graded yet,Demo. Target moved up with the rating unchanged.,false,,,computed,horizon-open;no-source-url,,891
call_0893,demo,graded,marcus-ellison,Marcus Ellison,evercore,Evercore ISI,UNH,UnitedHealth,2026-09-04,downgrade,hold,underperform,367,365,394.71,,,376.9,,,,,STRONG,Not graded yet,Not graded yet,Not graded yet,Not graded yet,Demo. Cut the rating as the multiple stopped paying for the growth rate.,false,,,computed,horizon-open;no-source-url,,892
call_0894,demo,open,marcus-ellison,Marcus Ellison,evercore,Evercore ISI,LLY,Eli Lilly,2026-09-14,downgrade,strong_buy,hold,1432,934,1138.28,,,,,,,,Not graded yet,Not graded yet,Not graded yet,Not graded yet,Not graded yet,Demo. Cut the rating as the multiple stopped paying for the growth rate.,true,Two-notch rating change. Price target moved more than 25%.,,computed,horizon-open;controversial;no-source-url,,893
call_0895,demo,open,marcus-ellison,Marcus Ellison,evercore,Evercore ISI,JNJ,Johnson & Johnson,2026-09-21,upgrade,buy,strong_buy,260,334,269.5,,,,,,,,Not graded yet,Not graded yet,Not graded yet,Not graded yet,Not graded yet,Demo. Moved up a notch after the quarter cleared a low bar.,true,Price target moved more than 25%.,,computed,horizon-open;controversial;no-source-url,,894
call_0896,demo,graded,priya-raman,Priya Raman,evercore,Evercore ISI,PG,Procter & Gamble,2026-07-03,target_raise,hold,hold,149,170,150.29,,,148.87,144.49,146.21,,,STRONG,EXIT LIQUIDITY,STRONG,Not graded yet,Not graded yet,Demo. Target moved up with the rating unchanged.,false,,,computed,horizon-open;no-source-url,,895
call_0897,demo,graded,priya-raman,Priya Raman,evercore,Evercore ISI,SBUX,Starbucks,2026-07-10,target_raise,strong_buy,strong_buy,99,109,105.4,,,102.66,104.98,102.01,,,WEAK,WEAK,WEAK,Not graded yet,Not graded yet,Demo. Raised the target on a higher out-year margin assumption.,false,,,computed,horizon-open;no-source-url,,896
call_0898,demo,graded,priya-raman,Priya Raman,evercore,Evercore ISI,WMT,Walmart,2026-07-20,downgrade,underperform,sell,102,106,111.93,,,110.45,114.03,106.73,,,STRONG,WEAK,STRONG,Not graded yet,Not graded yet,Demo. Cut the rating as the multiple stopped paying for the growth rate.,false,,,computed,horizon-open;no-source-url,,897
call_0899,demo,graded,priya-raman,Priya Raman,evercore,Evercore ISI,COST,Costco,2026-07-28,downgrade,buy,hold,1000,899,966.58,,,944.32,934.66,,,,WEAK,WEAK,Not graded yet,Not graded yet,Not graded yet,Demo. Downgrade reflects slower orders than the prior note assumed.,false,,,computed,horizon-open;no-source-url,,898
call_0900,demo,graded,priya-raman,Priya Raman,evercore,Evercore ISI,NKE,Nike,2026-08-05,upgrade,sell,underperform,40,48,42,,,40.62,38.4,,,,STRONG,STRONG,Not graded yet,Not graded yet,Not graded yet,Demo. Upgrade cites a cleaner setup into the next two prints.,false,,,computed,horizon-open;no-source-url,,899
call_0901,demo,graded,priya-raman,Priya Raman,evercore,Evercore ISI,PG,Procter & Gamble,2026-08-13,target_raise,hold,hold,170,188,144.26,,,143.14,145.27,,,,STRONG,STRONG,Not graded yet,Not graded yet,Not graded yet,Demo. Target moved up with the rating unchanged.,false,,,computed,horizon-open;no-source-url,,900
call_0902,demo,graded,priya-raman,Priya Raman,evercore,Evercore ISI,SBUX,Starbucks,2026-08-24,downgrade,strong_buy,hold,109,108,107.49,,,104.47,,,,,WEAK,Not graded yet,Not graded yet,Not graded yet,Not graded yet,Demo. Downgrade reflects slower orders than the prior note assumed.,true,Two-notch rating change.,,computed,horizon-open;controversial;no-source-url,,901
call_0903,demo,graded,priya-raman,Priya Raman,evercore,Evercore ISI,WMT,Walmart,2026-08-31,upgrade,sell,hold,106,113,104.87,,,109.08,,,,,WEAK,Not graded yet,Not graded yet,Not graded yet,Not graded yet,Demo. Upgrade cites a cleaner setup into the next two prints.,true,Two-notch rating change.,,computed,horizon-open;controversial;no-source-url,,902
call_0904,demo,open,priya-raman,Priya Raman,evercore,Evercore ISI,COST,Costco,2026-09-08,target_raise,hold,hold,899,1054,910.18,,,,,,,,Not graded yet,Not graded yet,Not graded yet,Not graded yet,Not graded yet,Demo. Raised the target on a higher out-year margin assumption.,false,,,computed,horizon-open;no-source-url,,903
call_0905,demo,open,priya-raman,Priya Raman,evercore,Evercore ISI,NKE,Nike,2026-09-16,downgrade,underperform,sell,48,26.5,35.78,,,,,,,,Not graded yet,Not graded yet,Not graded yet,Not graded yet,Not graded yet,Demo. Cut the rating as the multiple stopped paying for the growth rate.,true,Price target moved more than 25%.,,computed,horizon-open;controversial;no-source-url,,904
call_0906,demo,graded,jonathan-hale,Jonathan Hale,bernstein,Bernstein,GOOGL,Alphabet,2026-07-06,downgrade,buy,underperform,405,326,366.22,,,351.76,362.2,338.46,,,STRONG,PROVISIONAL,STRONG,Not graded yet,Not graded yet,Demo. Cut the rating as the multiple stopped paying for the growth rate.,true,Two-notch rating change.,,computed,horizon-open;controversial;no-source-url,,905
call_0907,demo,graded,jonathan-hale,Jonathan Hale,bernstein,Bernstein,AVGO,Broadcom,2026-07-13,downgrade,buy,underperform,404,364,384.05,,,383.22,416.05,361.99,,,WEAK,EXIT LIQUIDITY,STRONG,Not graded yet,Not graded yet,Demo. Downgrade reflects slower orders than the prior note assumed.,true,Two-notch rating change.,,computed,horizon-open;controversial;no-source-url,,906
call_0908,demo,graded,jonathan-hale,Jonathan Hale,bernstein,Bernstein,TMUS,T-Mobile,2026-07-21,target_cut,sell,sell,169,122,189.68,,,176.19,180.18,168.18,,,STRONG,STRONG,STRONG,Not graded yet,Not graded yet,Demo. Cut the target to reflect a lower multiple versus the group.,true,Price target moved more than 25%.,,computed,horizon-open;controversial;no-source-url,,907
call_0909,demo,graded,jonathan-hale,Jonathan Hale,bernstein,Bernstein,NVDA,NVIDIA,2026-07-28,upgrade,buy,strong_buy,220,236,196.79,,,217.26,227.73,,,,STRONG,STRONG,Not graded yet,Not graded yet,Not graded yet,Demo. Moved up a notch after the quarter cleared a low bar.,false,,,computed,horizon-open;no-source-url,,908
call_0910,demo,graded,jonathan-hale,Jonathan Hale,bernstein,Bernstein,AMD,AMD,2026-08-05,target_raise,sell,sell,204,265,482.05,,,466.42,477.57,,,,STRONG,EXIT LIQUIDITY,Not graded yet,Not graded yet,Not graded yet,Demo. Raised the target on a higher out-year margin assumption.,true,Price target moved more than 25%.,,computed,horizon-open;controversial;no-source-url,,909
call_0911,demo,graded,jonathan-hale,Jonathan Hale,bernstein,Bernstein,ORCL,Oracle,2026-08-14,target_raise,sell,sell,134,172,150.52,,,150.85,150.28,,,,EXIT LIQUIDITY,EXIT LIQUIDITY,Not graded yet,Not graded yet,Not graded yet,Demo. Target moved up with the rating unchanged.,true,Price target moved more than 25%.,,computed,horizon-open;controversial;no-source-url,,910
call_0912,demo,graded,jonathan-hale,Jonathan Hale,bernstein,Bernstein,GOOGL,Alphabet,2026-08-24,target_raise,underperform,underperform,326,417,347.84,,,338.46,,,,,STRONG,Not graded yet,Not graded yet,Not graded yet,Not graded yet,Demo. Raised the target on a higher out-year margin assumption.,true,Price target moved more than 25%.,,computed,horizon-open;controversial;no-source-url,,911
call_0913,demo,graded,jonathan-hale,Jonathan Hale,bernstein,Bernstein,AVGO,Broadcom,2026-09-02,upgrade,underperform,hold,364,450,367.24,,,339.51,,,,,EXIT LIQUIDITY,Not graded yet,Not graded yet,Not graded yet,Not graded yet,Demo. Rating change follows a round of channel checks that ran ahead of the model.,false,,,computed,horizon-open;no-source-url,,912
call_0914,demo,open,jonathan-hale,Jonathan Hale,bernstein,Bernstein,TMUS,T-Mobile,2026-09-10,target_cut,sell,sell,122,114,177.16,,,,,,,,Not graded yet,Not graded yet,Not graded yet,Not graded yet,Not graded yet,Demo. Cut the target to reflect a lower multiple versus the group.,false,,,computed,horizon-open;no-source-url,,913
call_0915,demo,open,jonathan-hale,Jonathan Hale,bernstein,Bernstein,NVDA,NVIDIA,2026-09-17,target_raise,strong_buy,strong_buy,236,272,219.34,,,,,,,,Not graded yet,Not graded yet,Not graded yet,Not graded yet,Not graded yet,Demo. Raised the target on a higher out-year margin assumption.,false,,,computed,horizon-open;no-source-url,,914
call_0916,demo,graded,clara-nunez,Clara Nunez,bernstein,Bernstein,GS,Goldman Sachs Group,2026-07-06,target_raise,hold,hold,1018,1170,1050.15,,,1049.89,1055.21,1038.61,,,STRONG,STRONG,STRONG,Not graded yet,Not graded yet,Demo. Target moved up with the rating unchanged.,false,,,computed,horizon-open;no-source-url,,915
call_0917,demo,graded,clara-nunez,Clara Nunez,bernstein,Bernstein,V,Visa,2026-07-13,target_raise,buy,buy,416,462,357.09,,,361.86,359.42,370.45,,,STRONG,EXIT LIQUIDITY,WEAK,Not graded yet,Not graded yet,Demo. Raised the target on a higher out-year margin assumption.,false,,,computed,horizon-open;no-source-url,,916
call_0918,demo,graded,clara-nunez,Clara Nunez,bernstein,Bernstein,JPM,JPMorgan Chase,2026-07-21,target_raise,hold,hold,305,342,345.23,,,357.52,351.55,349.67,,,WEAK,STRONG,STRONG,Not graded yet,Not graded yet,Demo. Target moved up with the rating unchanged.,false,,,computed,horizon-open;no-source-url,,917
call_0919,demo,graded,clara-nunez,Clara Nunez,bernstein,Bernstein,MA,Mastercard,2026-07-28,upgrade,buy,strong_buy,581,605,562.75,,,561.44,591.73,,,,WEAK,STRONG,Not graded yet,Not graded yet,Not graded yet,Demo. Upgrade cites a cleaner setup into the next two prints.,false,,,computed,horizon-open;no-source-url,,918
call_0920,demo,graded,clara-nunez,Clara Nunez,bernstein,Bernstein,BAC,Bank of America,2026-08-06,upgrade,buy,strong_buy,63,73,62.68,,,61.55,62.68,,,,EXIT LIQUIDITY,EXIT LIQUIDITY,Not graded yet,Not graded yet,Not graded yet,Demo. Upgrade cites a cleaner setup into the next two prints.,false,,,computed,horizon-open;no-source-url,,919
call_0921,demo,graded,clara-nunez,Clara Nunez,bernstein,Bernstein,GS,Goldman Sachs Group,2026-08-17,downgrade,hold,underperform,1170,913,1046.19,,,1020.9,937.98,,,,STRONG,STRONG,Not graded yet,Not graded yet,Not graded yet,Demo. Downgrade reflects slower orders than the prior note assumed.,false,,,computed,horizon-open;no-source-url,,920
call_0922,demo,graded,clara-nunez,Clara Nunez,bernstein,Bernstein,V,Visa,2026-08-26,downgrade,buy,hold,462,363,383.9,,,367.39,,,,,WEAK,Not graded yet,Not graded yet,Not graded yet,Not graded yet,Demo. Moved down a notch. The target now sits closer to the base case.,false,,,computed,horizon-open;no-source-url,,921
call_0923,demo,graded,clara-nunez,Clara Nunez,bernstein,Bernstein,JPM,JPMorgan Chase,2026-09-04,downgrade,hold,underperform,342,346,358.64,,,349.67,,,,,STRONG,Not graded yet,Not graded yet,Not graded yet,Not graded yet,Demo. Cut the rating as the multiple stopped paying for the growth rate.,false,,,computed,horizon-open;no-source-url,,922
call_0924,demo,open,clara-nunez,Clara Nunez,bernstein,Bernstein,MA,Mastercard,2026-09-14,target_raise,strong_buy,strong_buy,605,672,574.42,,,,,,,,Not graded yet,Not graded yet,Not graded yet,Not graded yet,Not graded yet,Demo. Target moved up with the rating unchanged.,false,,,computed,horizon-open;no-source-url,,923
call_0925,demo,graded,owen-briggs,Owen Briggs,bernstein,Bernstein,CAT,Caterpillar,2026-07-01,downgrade,buy,underperform,866,792,989.57,,,912.61,814.81,800.25,,,STRONG,STRONG,STRONG,Not graded yet,Not graded yet,Demo. Cut the rating as the multiple stopped paying for the growth rate.,true,Two-notch rating change.,,computed,horizon-open;controversial;no-source-url,,924
call_0926,demo,graded,owen-briggs,Owen Briggs,bernstein,Bernstein,BA,Boeing,2026-07-08,downgrade,buy,hold,216,213,224.95,,,208.65,234.42,212.25,,,WEAK,WEAK,WEAK,Not graded yet,Not graded yet,Demo. Moved down a notch. The target now sits closer to the base case.,false,,,computed,horizon-open;no-source-url,,925
call_0927,demo,graded,owen-briggs,Owen Briggs,bernstein,Bernstein,GE,GE Aerospace,2026-07-16,downgrade,buy,underperform,358,305,345.73,,,355.04,368.38,317.56,,,EXIT LIQUIDITY,EXIT LIQUIDITY,STRONG,Not graded yet,Not graded yet,Demo. Moved down a notch. The target now sits closer to the base case.,true,Two-notch rating change.,,computed,horizon-open;controversial;no-source-url,,926
call_0928,demo,graded,owen-briggs,Owen Briggs,bernstein,Bernstein,HON,Honeywell,2026-07-24,target_cut,sell,sell,222,188,242.42,,,245.47,215.9,,,,EXIT LIQUIDITY,STRONG,Not graded yet,Not graded yet,Not graded yet,Demo. Cut the target to reflect a lower multiple versus the group.,false,,,computed,horizon-open;no-source-url,,927
call_0929,demo,graded,owen-briggs,Owen Briggs,bernstein,Bernstein,CAT,Caterpillar,2026-08-03,downgrade,underperform,sell,792,817,830.03,,,881.65,792.28,,,,WEAK,STRONG,Not graded yet,Not graded yet,Not graded yet,Demo. Downgrade reflects slower orders than the prior note assumed.,false,,,computed,horizon-open;no-source-url,,928
call_0930,demo,graded,owen-briggs,Owen Briggs,bernstein,Bernstein,BA,Boeing,2026-08-10,downgrade,hold,underperform,213,208,232.79,,,210.46,206.42,,,,STRONG,STRONG,Not graded yet,Not graded yet,Not graded yet,Demo. Downgrade reflects slower orders than the prior note assumed.,false,,,computed,horizon-open;no-source-url,,929
call_0931,demo,graded,owen-briggs,Owen Briggs,bernstein,Bernstein,GE,GE Aerospace,2026-08-18,target_raise,underperform,underperform,305,348,375.09,,,331.09,313.47,,,,STRONG,STRONG,Not graded yet,Not graded yet,Not graded yet,Demo. Raised the target on a higher out-year margin assumption.,false,,,computed,horizon-open;no-source-url,,930
call_0932,demo,graded,owen-briggs,Owen Briggs,bernstein,Bernstein,HON,Honeywell,2026-08-25,upgrade,sell,underperform,188,271,215.68,,,208.24,,,,,STRONG,Not graded yet,Not graded yet,Not graded yet,Not graded yet,Demo. Rating change follows a round of channel checks that ran ahead of the model.,true,Price target moved more than 25%.,,computed,horizon-open;controversial;no-source-url,,931
call_0933,demo,graded,owen-briggs,Owen Briggs,bernstein,Bernstein,CAT,Caterpillar,2026-09-01,target_raise,sell,sell,817,896,779.16,,,783.54,,,,,EXIT LIQUIDITY,Not graded yet,Not graded yet,Not graded yet,Not graded yet,Demo. Raised the target on a higher out-year margin assumption.,false,,,computed,horizon-open;no-source-url,,932
call_0934,demo,open,owen-briggs,Owen Briggs,bernstein,Bernstein,BA,Boeing,2026-09-10,downgrade,underperform,sell,208,158,204.8,,,,,,,,Not graded yet,Not graded yet,Not graded yet,Not graded yet,Not graded yet,Demo. Moved down a notch. The target now sits closer to the base case.,false,,,computed,horizon-open;no-source-url,,933
call_0935,demo,open,owen-briggs,Owen Briggs,bernstein,Bernstein,GE,GE Aerospace,2026-09-17,target_raise,underperform,underperform,348,369,313.47,,,,,,,,Not graded yet,Not graded yet,Not graded yet,Not graded yet,Not graded yet,Demo. Raised the target on a higher out-year margin assumption.,false,,,computed,horizon-open;no-source-url,,934
call_0936,demo,graded,nina-okonkwo,Nina Okonkwo,wolfe,Wolfe Research,PFE,Pfizer,2026-07-02,target_raise,sell,sell,24,30.5,23.9,,,24.71,25.01,28.46,,,EXIT LIQUIDITY,EXIT LIQUIDITY,WEAK,Not graded yet,Not graded yet,Demo. Raised the target on a higher out-year margin assumption.,true,Price target moved more than 25%.,,computed,horizon-open;controversial;no-source-url,,935
call_0937,demo,graded,nina-okonkwo,Nina Okonkwo,wolfe,Wolfe Research,JNJ,Johnson & Johnson,2026-07-13,target_raise,hold,hold,233,269,256.5,,,264.64,259.58,265.58,,,WEAK,STRONG,STRONG,Not graded yet,Not graded yet,Demo. Target moved up with the rating unchanged.,false,,,computed,horizon-open;no-source-url,,936
call_0938,demo,graded,nina-okonkwo,Nina Okonkwo,wolfe,Wolfe Research,UNH,UnitedHealth,2026-07-22,downgrade,strong_buy,buy,418,364,428.67,,,410.22,387.72,376.9,,,EXIT LIQUIDITY,WEAK,WEAK,Not graded yet,Not graded yet,Demo. Moved down a notch. The target now sits closer to the base case.,false,,,computed,horizon-open;no-source-url,,937
call_0939,demo,graded,nina-okonkwo,Nina Okonkwo,wolfe,Wolfe Research,ABBV,AbbVie,2026-07-29,target_raise,buy,buy,249,264,263.3,,,248.76,255.48,,,,WEAK,WEAK,Not graded yet,Not graded yet,Not graded yet,Demo. Target moved up with the rating unchanged.,false,,,computed,horizon-open;no-source-url,,938
call_0940,demo,graded,nina-okonkwo,Nina Okonkwo,wolfe,Wolfe Research,LLY,Eli Lilly,2026-08-07,target_raise,underperform,underperform,960,1019,1184.01,,,1255.4,1149.36,,,,EXIT LIQUIDITY,STRONG,Not graded yet,Not graded yet,Not graded yet,Demo. Raised the target on a higher out-year margin assumption.,false,,,computed,horizon-open;no-source-url,,939
call_0941,demo,graded,nina-okonkwo,Nina Okonkwo,wolfe,Wolfe Research,PFE,Pfizer,2026-08-17,upgrade,sell,underperform,30.5,27,26.87,,,28.46,27.46,,,,WEAK,WEAK,Not graded yet,Not graded yet,Not graded yet,Demo. Moved up a notch after the quarter cleared a low bar.,false,,,computed,horizon-open;no-source-url,,940
call_0942,demo,graded,nina-okonkwo,Nina Okonkwo,wolfe,Wolfe Research,JNJ,Johnson & Johnson,2026-08-25,downgrade,hold,underperform,269,269,273.14,,,269.12,,,,,STRONG,Not graded yet,Not graded yet,Not graded yet,Not graded yet,Demo. Cut the rating as the multiple stopped paying for the growth rate.,false,,,computed,horizon-open;no-source-url,,941
call_0943,demo,graded,nina-okonkwo,Nina Okonkwo,wolfe,Wolfe Research,UNH,UnitedHealth,2026-09-02,downgrade,buy,hold,364,378,397.21,,,375.26,,,,,WEAK,Not graded yet,Not graded yet,Not graded yet,Not graded yet,Demo. Downgrade reflects slower orders than the prior note assumed.,false,,,computed,horizon-open;no-source-url,,942
call_0944,demo,open,nina-okonkwo,Nina Okonkwo,wolfe,Wolfe Research,ABBV,AbbVie,2026-09-11,target_raise,buy,buy,264,301,257.12,,,,,,,,Not graded yet,Not graded yet,Not graded yet,Not graded yet,Not graded yet,Demo. Target moved up with the rating unchanged.,false,,,computed,horizon-open;no-source-url,,943
call_0945,demo,open,nina-okonkwo,Nina Okonkwo,wolfe,Wolfe Research,LLY,Eli Lilly,2026-09-18,upgrade,underperform,hold,1019,1450,1152.93,,,,,,,,Not graded yet,Not graded yet,Not graded yet,Not graded yet,Not graded yet,Demo. Rating change follows a round of channel checks that ran ahead of the model.,true,Price target moved more than 25%.,,computed,horizon-open;controversial;no-source-url,,944
call_0946,demo,graded,samuel-drake,Samuel Drake,wolfe,Wolfe Research,XOM,Exxon Mobil,2026-07-03,upgrade,sell,hold,134,161,136.21,,,146.41,154.44,164.55,,,EXIT LIQUIDITY,WEAK,WEAK,Not graded yet,Not graded yet,Demo. Rating change follows a round of channel checks that ran ahead of the model.,true,Two-notch rating change.,,computed,horizon-open;controversial;no-source-url,,945
call_0947,demo,graded,samuel-drake,Samuel Drake,wolfe,Wolfe Research,CVX,Chevron,2026-07-10,upgrade,sell,underperform,150,203,174.87,,,193.1,184.95,209.8,,,WEAK,WEAK,WEAK,Not graded yet,Not graded yet,Demo. Moved up a notch after the quarter cleared a low bar.,true,Price target moved more than 25%.,,computed,horizon-open;controversial;no-source-url,,946
call_0948,demo,graded,samuel-drake,Samuel Drake,wolfe,Wolfe Research,COP,ConocoPhillips,2026-07-17,upgrade,buy,strong_buy,131,142,113.95,,,119.68,125.94,141.22,,,STRONG,STRONG,STRONG,Not graded yet,Not graded yet,Demo. Moved up a notch after the quarter cleared a low bar.,false,,,computed,horizon-open;no-source-url,,947
call_0949,demo,graded,samuel-drake,Samuel Drake,wolfe,Wolfe Research,XOM,Exxon Mobil,2026-07-24,target_raise,hold,hold,161,185,155.93,,,152.06,165.11,,,,EXIT LIQUIDITY,EXIT LIQUIDITY,Not graded yet,Not graded yet,Not graded yet,Demo. Raised the target on a higher out-year margin assumption.,false,,,computed,horizon-open;no-source-url,,948
call_0950,demo,graded,samuel-drake,Samuel Drake,wolfe,Wolfe Research,CVX,Chevron,2026-08-03,downgrade,underperform,sell,203,155,191.51,,,200.95,211.78,,,,EXIT LIQUIDITY,EXIT LIQUIDITY,Not graded yet,Not graded yet,Not graded yet,Demo. Moved down a notch. The target now sits closer to the base case.,false,,,computed,horizon-open;no-source-url,,949
call_0951,demo,graded,samuel-drake,Samuel Drake,wolfe,Wolfe Research,COP,ConocoPhillips,2026-08-12,target_raise,strong_buy,strong_buy,142,182,126.46,,,130.61,137.35,,,,STRONG,STRONG,Not graded yet,Not graded yet,Not graded yet,Demo. Target moved up with the rating unchanged.,true,Price target moved more than 25%.,,computed,horizon-open;controversial;no-source-url,,950
call_0952,demo,graded,samuel-drake,Samuel Drake,wolfe,Wolfe Research,XOM,Exxon Mobil,2026-08-20,target_raise,hold,hold,185,204,166.15,,,162.21,163.54,,,,EXIT LIQUIDITY,STRONG,Not graded yet,Not graded yet,Not graded yet,Demo. Target moved up with the rating unchanged.,false,,,computed,horizon-open;no-source-url,,951
call_0953,demo,graded,samuel-drake,Samuel Drake,wolfe,Wolfe Research,CVX,Chevron,2026-08-27,upgrade,sell,underperform,155,210,199.77,,,212.76,,,,,WEAK,Not graded yet,Not graded yet,Not graded yet,Not graded yet,Demo. Rating change follows a round of channel checks that ran ahead of the model.,true,Price target moved more than 25%.,,computed,horizon-open;controversial;no-source-url,,952
call_0954,demo,graded,samuel-drake,Samuel Drake,wolfe,Wolfe Research,COP,ConocoPhillips,2026-09-03,downgrade,strong_buy,buy,182,131,135.72,,,133.19,,,,,WEAK,Not graded yet,Not graded yet,Not graded yet,Not graded yet,Demo. Moved down a notch. The target now sits closer to the base case.,true,Price target moved more than 25%.,,computed,horizon-open;controversial;no-source-url,,953
call_0955,demo,open,samuel-drake,Samuel Drake,wolfe,Wolfe Research,XOM,Exxon Mobil,2026-09-10,target_raise,hold,hold,204,218,165.23,,,,,,,,Not graded yet,Not graded yet,Not graded yet,Not graded yet,Not graded yet,Demo. Target moved up with the rating unchanged.,false,,,computed,horizon-open;no-source-url,,954
call_0956,demo,open,samuel-drake,Samuel Drake,wolfe,Wolfe Research,CVX,Chevron,2026-09-21,target_raise,underperform,underperform,210,247,203.78,,,,,,,,Not graded yet,Not graded yet,Not graded yet,Not graded yet,Not graded yet,Demo. Target moved up with the rating unchanged.,false,,,computed,horizon-open;no-source-url,,955
call_0957,demo,graded,alice-chen,Alice Chen,jefferies,Jefferies,AVGO,Broadcom,2026-07-06,target_raise,buy,buy,449,575,373.9,,,378.16,418.28,357.9,,,STRONG,STRONG,EXIT LIQUIDITY,Not graded yet,Not graded yet,Demo. Target moved up with the rating unchanged.,true,Price target moved more than 25%.,,computed,horizon-open;controversial;no-source-url,,956
call_0958,demo,graded,alice-chen,Alice Chen,jefferies,Jefferies,CRM,Salesforce,2026-07-13,upgrade,buy,strong_buy,261,238,170.92,,,173.3,192.98,247.28,,,STRONG,STRONG,STRONG,Not graded yet,Not graded yet,Demo. Upgrade cites a cleaner setup into the next two prints.,false,,,computed,horizon-open;no-source-url,,957
call_0959,demo,graded,alice-chen,Alice Chen,jefferies,Jefferies,AMD,AMD,2026-07-20,target_raise,strong_buy,strong_buy,247,279,503.57,,,484.64,466.42,559.82,,,EXIT LIQUIDITY,EXIT LIQUIDITY,STRONG,Not graded yet,Not graded yet,Demo. Target moved up with the rating unchanged.,false,,,computed,horizon-open;no-source-url,,958
call_0960,demo,graded,alice-chen,Alice Chen,jefferies,Jefferies,NVDA,NVIDIA,2026-07-28,upgrade,buy,strong_buy,227,220,196.79,,,217.26,227.73,,,,STRONG,STRONG,Not graded yet,Not graded yet,Not graded yet,Demo. Rating change follows a round of channel checks that ran ahead of the model.,false,,,computed,horizon-open;no-source-url,,959
call_0961,demo,graded,alice-chen,Alice Chen,jefferies,Jefferies,ORCL,Oracle,2026-08-05,downgrade,buy,hold,163,120,144.39,,,143.81,158.78,,,,STRONG,EXIT LIQUIDITY,Not graded yet,Not graded yet,Not graded yet,Demo. Cut the rating as the multiple stopped paying for the growth rate.,true,Price target moved more than 25%.,,computed,horizon-open;controversial;no-source-url,,960
call_0962,demo,graded,alice-chen,Alice Chen,jefferies,Jefferies,AVGO,Broadcom,2026-08-12,downgrade,buy,underperform,575,374,416.05,,,355.59,361.99,,,,STRONG,STRONG,Not graded yet,Not graded yet,Not graded yet,Demo. Cut the rating as the multiple stopped paying for the growth rate.,true,Two-notch rating change. Price target moved more than 25%.,,computed,horizon-open;controversial;no-source-url,,961
call_0963,demo,graded,alice-chen,Alice Chen,jefferies,Jefferies,CRM,Salesforce,2026-08-21,target_raise,strong_buy,strong_buy,238,257,208.8,,,258.77,237.92,,,,STRONG,STRONG,Not graded yet,Not graded yet,Not graded yet,Demo. Raised the target on a higher out-year margin assumption.,false,,,computed,horizon-open;no-source-url,,962
call_0964,demo,graded,alice-chen,Alice Chen,jefferies,Jefferies,AMD,AMD,2026-08-28,target_raise,strong_buy,strong_buy,279,304,465.58,,,516.13,,,,,STRONG,Not graded yet,Not graded yet,Not graded yet,Not graded yet,Demo. Target moved up with the rating unchanged.,false,,,computed,horizon-open;no-source-url,,963
call_0965,demo,graded,alice-chen,Alice Chen,jefferies,Jefferies,NVDA,NVIDIA,2026-09-04,downgrade,strong_buy,buy,220,231,230.36,,,222.27,,,,,WEAK,Not graded yet,Not graded yet,Not graded yet,Not graded yet,Demo. Cut the rating as the multiple stopped paying for the growth rate.,false,,,computed,raw-close;horizon-open;no-source-url,,964
call_0966,demo,open,alice-chen,Alice Chen,jefferies,Jefferies,ORCL,Oracle,2026-09-16,upgrade,hold,buy,120,182,143.16,,,,,,,,Not graded yet,Not graded yet,Not graded yet,Not graded yet,Not graded yet,Demo. Rating change follows a round of channel checks that ran ahead of the model.,true,Price target moved more than 25%.,,computed,horizon-open;controversial;no-source-url,,965
call_0967,demo,graded,robert-lang,Robert Lang,jefferies,Jefferies,HD,Home Depot,2026-07-06,target_raise,hold,hold,309,363,348.08,,,330.6,350.56,321.05,,,EXIT LIQUIDITY,STRONG,WEAK,Not graded yet,Not graded yet,Demo. Target moved up with the rating unchanged.,false,,,computed,horizon-open;no-source-url,,966
call_0968,demo,graded,robert-lang,Robert Lang,jefferies,Jefferies,NKE,Nike,2026-07-14,downgrade,underperform,sell,43,35.5,42.41,,,42.6,40.8,36.8,,,EXIT LIQUIDITY,STRONG,STRONG,Not graded yet,Not graded yet,Demo. Moved down a notch. The target now sits closer to the base case.,false,,,computed,horizon-open;no-source-url,,967
call_0969,demo,graded,robert-lang,Robert Lang,jefferies,Jefferies,SBUX,Starbucks,2026-07-22,downgrade,underperform,sell,76,95,103.39,,,105.39,107.08,95.83,,,EXIT LIQUIDITY,WEAK,STRONG,Not graded yet,Not graded yet,Demo. Moved down a notch. The target now sits closer to the base case.,true,Price target moved more than 25%.,,computed,horizon-open;controversial;no-source-url,,968
call_0970,demo,graded,robert-lang,Robert Lang,jefferies,Jefferies,COST,Costco,2026-07-29,downgrade,strong_buy,hold,1201,978,974.03,,,949.58,945.47,,,,WEAK,WEAK,Not graded yet,Not graded yet,Not graded yet,Demo. Cut the rating as the multiple stopped paying for the growth rate.,true,Two-notch rating change.,,computed,horizon-open;controversial;no-source-url,,969
call_0971,demo,graded,robert-lang,Robert Lang,jefferies,Jefferies,WMT,Walmart,2026-08-07,downgrade,hold,underperform,133,110,111.58,,,103.7,107.14,,,,STRONG,STRONG,Not graded yet,Not graded yet,Not graded yet,Demo. Cut the rating as the multiple stopped paying for the growth rate.,false,,,computed,horizon-open;no-source-url,,970
call_0972,demo,graded,robert-lang,Robert Lang,jefferies,Jefferies,HD,Home Depot,2026-08-14,downgrade,hold,underperform,363,299,336.38,,,327.77,308.74,,,,STRONG,STRONG,Not graded yet,Not graded yet,Not graded yet,Demo. Cut the rating as the multiple stopped paying for the growth rate.,false,,,computed,horizon-open;no-source-url,,971
call_0973,demo,graded,robert-lang,Robert Lang,jefferies,Jefferies,NKE,Nike,2026-08-24,upgrade,sell,underperform,35.5,45.5,40.32,,,38.4,,,,,STRONG,Not graded yet,Not graded yet,Not graded yet,Not graded yet,Demo. Upgrade cites a cleaner setup into the next two prints.,true,Price target moved more than 25%.,,computed,horizon-open;controversial;no-source-url,,972
call_0974,demo,graded,robert-lang,Robert Lang,jefferies,Jefferies,SBUX,Starbucks,2026-09-02,target_raise,sell,sell,95,106,106.72,,,97.34,,,,,STRONG,Not graded yet,Not graded yet,Not graded yet,Not graded yet,Demo. Raised the target on a higher out-year margin assumption.,false,,,computed,horizon-open;no-source-url,,973
call_0975,demo,open,robert-lang,Robert Lang,jefferies,Jefferies,COST,Costco,2026-09-09,upgrade,hold,buy,978,1060,902.6,,,,,,,,Not graded yet,Not graded yet,Not graded yet,Not graded yet,Not graded yet,Demo. Moved up a notch after the quarter cleared a low bar.,false,,,computed,horizon-open;no-source-url,,974
call_0976,demo,open,robert-lang,Robert Lang,jefferies,Jefferies,WMT,Walmart,2026-09-18,downgrade,underperform,sell,110,75,106.73,,,,,,,,Not graded yet,Not graded yet,Not graded yet,Not graded yet,Not graded yet,Demo. Moved down a notch. The target now sits closer to the base case.,true,Price target moved more than 25%.,,computed,horizon-open;controversial;no-source-url,,975
call_0977,demo,graded,fatima-shah,Fatima Shah,jefferies,Jefferies,UNH,UnitedHealth,2026-07-01,downgrade,underperform,sell,246,401,423.93,,,415.96,411.86,390.55,,,STRONG,STRONG,STRONG,Not graded yet,Not graded yet,Demo. Downgrade reflects slower orders than the prior note assumed.,true,Price target moved more than 25%.,,computed,horizon-open;controversial;no-source-url,,976
call_0978,demo,graded,fatima-shah,Fatima Shah,jefferies,Jefferies,PFE,Pfizer,2026-07-10,target_raise,hold,hold,26,28.5,23.75,,,24.54,26.76,27.79,,,EXIT LIQUIDITY,WEAK,WEAK,Not graded yet,Not graded yet,Demo. Raised the target on a higher out-year margin assumption.,false,,,computed,horizon-open;no-source-url,,977
call_0979,demo,graded,fatima-shah,Fatima Shah,jefferies,Jefferies,JNJ,Johnson & Johnson,2026-07-20,downgrade,hold,underperform,235,194,247.6,,,253.16,272.07,269.99,,,EXIT LIQUIDITY,EXIT LIQUIDITY,EXIT LIQUIDITY,Not graded yet,Not graded yet,Demo. Downgrade reflects slower orders than the prior note assumed.,false,,,computed,horizon-open;no-source-url,,978
call_0980,demo,graded,fatima-shah,Fatima Shah,jefferies,Jefferies,ABBV,AbbVie,2026-07-28,target_raise,hold,hold,205,262,263.2,,,250.09,258.15,,,,WEAK,STRONG,Not graded yet,Not graded yet,Not graded yet,Demo. Target moved up with the rating unchanged.,true,Price target moved more than 25%.,,computed,horizon-open;controversial;no-source-url,,979
call_0981,demo,graded,fatima-shah,Fatima Shah,jefferies,Jefferies,LLY,Eli Lilly,2026-08-04,downgrade,hold,sell,1135,913,1114.08,,,1225.73,1159.6,,,,EXIT LIQUIDITY,EXIT LIQUIDITY,Not graded yet,Not graded yet,Not graded yet,Demo. Cut the rating as the multiple stopped paying for the growth rate.,true,Two-notch rating change.,,computed,horizon-open;controversial;no-source-url,,980
call_0982,demo,graded,fatima-shah,Fatima Shah,jefferies,Jefferies,UNH,UnitedHealth,2026-08-12,upgrade,sell,hold,401,453,403.11,,,398.56,376.77,,,,WEAK,EXIT LIQUIDITY,Not graded yet,Not graded yet,Not graded yet,Demo. Rating change follows a round of channel checks that ran ahead of the model.,true,Two-notch rating change.,,computed,horizon-open;controversial;no-source-url,,981
call_0983,demo,graded,fatima-shah,Fatima Shah,jefferies,Jefferies,PFE,Pfizer,2026-08-21,upgrade,hold,buy,28.5,33.5,28.07,,,28.45,27.66,,,,STRONG,EXIT LIQUIDITY,Not graded yet,Not graded yet,Not graded yet,Demo. Moved up a notch after the quarter cleared a low bar.,false,,,computed,horizon-open;no-source-url,,982
call_0984,demo,graded,fatima-shah,Fatima Shah,jefferies,Jefferies,JNJ,Johnson & Johnson,2026-08-31,target_raise,underperform,underperform,194,229,265.85,,,266.32,,,,,EXIT LIQUIDITY,Not graded yet,Not graded yet,Not graded yet,Not graded yet,Demo. Raised the target on a higher out-year margin assumption.,false,,,computed,horizon-open;no-source-url,,983
call_0985,demo,open,fatima-shah,Fatima Shah,jefferies,Jefferies,ABBV,AbbVie,2026-09-08,target_raise,hold,hold,262,309,248.78,,,,,,,,Not graded yet,Not graded yet,Not graded yet,Not graded yet,Not graded yet,Demo. Raised the target on a higher out-year margin assumption.,false,,,computed,horizon-open;no-source-url,,984
call_0986,demo,open,fatima-shah,Fatima Shah,jefferies,Jefferies,LLY,Eli Lilly,2026-09-15,target_cut,sell,sell,913,782,1136.11,,,,,,,,Not graded yet,Not graded yet,Not graded yet,Not graded yet,Not graded yet,Demo. Cut the target to reflect a lower multiple versus the group.,false,,,computed,horizon-open;no-source-url,,985
call_0987,demo,graded,grace-lindstrom,Grace Lindstrom,piper,Piper Sandler,JNJ,Johnson & Johnson,2026-07-02,target_raise,sell,sell,213,236,261.75,,,248.74,255.09,265.85,,,STRONG,STRONG,WEAK,Not graded yet,Not graded yet,Demo. Raised the target on a higher out-year margin assumption.,false,,,computed,horizon-open;no-source-url,,986
call_0988,demo,graded,grace-lindstrom,Grace Lindstrom,piper,Piper Sandler,UNH,UnitedHealth,2026-07-13,target_raise,sell,sell,217,235,426.46,,,415.08,403.11,376.77,,,STRONG,STRONG,STRONG,Not graded yet,Not graded yet,Demo. Target moved up with the rating unchanged.,false,,,computed,horizon-open;no-source-url,,987
call_0989,demo,graded,grace-lindstrom,Grace Lindstrom,piper,Piper Sandler,PFE,Pfizer,2026-07-21,downgrade,underperform,sell,25,19,24.51,,,25.41,27.79,27.66,,,EXIT LIQUIDITY,EXIT LIQUIDITY,EXIT LIQUIDITY,Not graded yet,Not graded yet,Demo. Downgrade reflects slower orders than the prior note assumed.,false,,,computed,horizon-open;no-source-url,,988
call_0990,demo,graded,grace-lindstrom,Grace Lindstrom,piper,Piper Sandler,LLY,Eli Lilly,2026-07-29,downgrade,hold,underperform,1091,1156,1208.29,,,1218.53,1174.61,,,,WEAK,STRONG,Not graded yet,Not graded yet,Not graded yet,Demo. Moved down a notch. The target now sits closer to the base case.,false,,,computed,horizon-open;no-source-url,,989
call_0991,demo,graded,grace-lindstrom,Grace Lindstrom,piper,Piper Sandler,ABBV,AbbVie,2026-08-05,upgrade,underperform,buy,201,250,246.2,,,265.97,256.46,,,,STRONG,STRONG,Not graded yet,Not graded yet,Not graded yet,Demo. Moved up a notch after the quarter cleared a low bar.,true,Two-notch rating change.,,computed,horizon-open;controversial;no-source-url,,990
call_0992,demo,graded,grace-lindstrom,Grace Lindstrom,piper,Piper Sandler,JNJ,Johnson & Johnson,2026-08-13,target_raise,sell,sell,236,262,260.79,,,265.77,265.58,,,,WEAK,WEAK,Not graded yet,Not graded yet,Not graded yet,Demo. Target moved up with the rating unchanged.,false,,,computed,horizon-open;no-source-url,,991
call_0993,demo,graded,grace-lindstrom,Grace Lindstrom,piper,Piper Sandler,UNH,UnitedHealth,2026-08-21,target_cut,sell,sell,235,221,387.72,,,394.71,376.9,,,,EXIT LIQUIDITY,STRONG,Not graded yet,Not graded yet,Not graded yet,Demo. Target came down. The rating stayed put.,false,,,computed,horizon-open;no-source-url,,992
call_0994,demo,graded,grace-lindstrom,Grace Lindstrom,piper,Piper Sandler,PFE,Pfizer,2026-08-31,target_cut,sell,sell,19,17.5,28.46,,,27.72,,,,,STRONG,Not graded yet,Not graded yet,Not graded yet,Not graded yet,Demo. Target came down. The rating stayed put.,false,,,computed,horizon-open;no-source-url,,993
call_0995,demo,graded,grace-lindstrom,Grace Lindstrom,piper,Piper Sandler,LLY,Eli Lilly,2026-09-04,downgrade,underperform,sell,1156,833,1149.36,,,1152.93,,,,,EXIT LIQUIDITY,Not graded yet,Not graded yet,Not graded yet,Not graded yet,Demo. Downgrade reflects slower orders than the prior note assumed.,true,Price target moved more than 25%.,,computed,horizon-open;controversial;no-source-url,,994
call_0996,demo,open,grace-lindstrom,Grace Lindstrom,piper,Piper Sandler,ABBV,AbbVie,2026-09-15,downgrade,buy,hold,250,211,263.04,,,,,,,,Not graded yet,Not graded yet,Not graded yet,Not graded yet,Not graded yet,Demo. Downgrade reflects slower orders than the prior note assumed.,false,,,computed,horizon-open;no-source-url,,995
call_0997,demo,graded,theo-marchetti,Theo Marchetti,piper,Piper Sandler,AVGO,Broadcom,2026-07-03,target_raise,buy,buy,370,399,360.45,,,370.83,389.28,369.68,,,STRONG,STRONG,PROVISIONAL,Not graded yet,Not graded yet,Demo. Raised the target on a higher out-year margin assumption.,false,,,computed,horizon-open;no-source-url,,996
call_0998,demo,graded,theo-marchetti,Theo Marchetti,piper,Piper Sandler,GOOGL,Alphabet,2026-07-13,target_raise,underperform,underperform,276,303,352.28,,,326.35,343.32,338.5,,,STRONG,STRONG,PROVISIONAL,Not graded yet,Not graded yet,Demo. Target moved up with the rating unchanged.,false,,,computed,horizon-open;no-source-url,,997
call_0999,demo,graded,theo-marchetti,Theo Marchetti,piper,Piper Sandler,ORCL,Oracle,2026-07-22,upgrade,buy,strong_buy,212,151,125.84,,,144.39,146.47,147.61,,,STRONG,STRONG,STRONG,Not graded yet,Not graded yet,Demo. Upgrade cites a cleaner setup into the next two prints.,true,Price target moved more than 25%.,,computed,horizon-open;controversial;no-source-url,,998
call_1000,demo,graded,theo-marchetti,Theo Marchetti,piper,Piper Sandler,CRM,Salesforce,2026-07-30,target_cut,buy,buy,319,280,180.39,,,201.02,255.55,,,,STRONG,STRONG,Not graded yet,Not graded yet,Not graded yet,Demo. Target came down. The rating stayed put.,false,,,computed,horizon-open;no-source-url,,999
call_1001,demo,graded,theo-marchetti,Theo Marchetti,piper,Piper Sandler,AMD,AMD,2026-08-06,downgrade,buy,hold,331,496,489.28,,,469.46,477.57,,,,WEAK,PROVISIONAL,Not graded yet,Not graded yet,Not graded yet,Demo. Cut the rating as the multiple stopped paying for the growth rate.,true,Price target moved more than 25%.,,computed,horizon-open;controversial;no-source-url,,1000
call_1002,demo,graded,theo-marchetti,Theo Marchetti,piper,Piper Sandler,AVGO,Broadcom,2026-08-14,downgrade,buy,hold,399,374,392.99,,,368.79,361.99,,,,WEAK,WEAK,Not graded yet,Not graded yet,Not graded yet,Demo. Moved down a notch. The target now sits closer to the base case.,false,,,computed,horizon-open;no-source-url,,1001
call_1003,demo,graded,theo-marchetti,Theo Marchetti,piper,Piper Sandler,GOOGL,Alphabet,2026-08-21,target_raise,underperform,underperform,303,388,344.6,,,338.46,349.54,,,,STRONG,WEAK,Not graded yet,Not graded yet,Not graded yet,Demo. Target moved up with the rating unchanged.,true,Price target moved more than 25%.,,computed,horizon-open;controversial;no-source-url,,1002
call_1004,demo,graded,theo-marchetti,Theo Marchetti,piper,Piper Sandler,ORCL,Oracle,2026-08-31,target_raise,strong_buy,strong_buy,151,193,149.12,,,144.79,,,,,EXIT LIQUIDITY,Not graded yet,Not graded yet,Not graded yet,Not graded yet,Demo. Target moved up with the rating unchanged.,true,Price target moved more than 25%.,,computed,horizon-open;controversial;no-source-url,,1003
call_1005,demo,open,theo-marchetti,Theo Marchetti,piper,Piper Sandler,CRM,Salesforce,2026-09-08,downgrade,buy,underperform,280,199,248.68,,,,,,,,Not graded yet,Not graded yet,Not graded yet,Not graded yet,Not graded yet,Demo. Cut the rating as the multiple stopped paying for the growth rate.,true,Two-notch rating change. Price target moved more than 25%.,,computed,horizon-open;controversial;no-source-url,,1004
call_1006,demo,open,theo-marchetti,Theo Marchetti,piper,Piper Sandler,AMD,AMD,2026-09-17,upgrade,hold,buy,496,612,545.09,,,,,,,,Not graded yet,Not graded yet,Not graded yet,Not graded yet,Not graded yet,Demo. Rating change follows a round of channel checks that ran ahead of the model.,false,,,computed,horizon-open;no-source-url,,1005
call_1007,demo,graded,daniel-cho,Daniel Cho,goldman,Goldman Sachs,AMD,AMD,2026-07-06,downgrade,buy,hold,473,489,552.05,,,503.57,482.05,477.57,,,WEAK,WEAK,WEAK,Not graded yet,Not graded yet,Demo. Downgrade reflects slower orders than the prior note assumed.,false,,,computed,horizon-open;no-source-url,,1006
call_1008,demo,graded,daniel-cho,Daniel Cho,goldman,Goldman Sachs,DIS,Disney,2026-07-13,upgrade,buy,strong_buy,110,103,96,,,96.65,103.22,106.55,,,PROVISIONAL,STRONG,STRONG,Not graded yet,Not graded yet,Demo. Upgrade cites a cleaner setup into the next two prints.,false,,,computed,horizon-open;no-source-url,,1007
call_1009,demo,graded,daniel-cho,Daniel Cho,goldman,Goldman Sachs,GOOGL,Alphabet,2026-07-22,upgrade,hold,buy,318,388,341.87,,,362.2,344.6,349.54,,,STRONG,EXIT LIQUIDITY,PROVISIONAL,Not graded yet,Not graded yet,Demo. Moved up a notch after the quarter cleared a low bar.,false,,,computed,horizon-open;no-source-url,,1008
call_1010,demo,graded,daniel-cho,Daniel Cho,goldman,Goldman Sachs,MSFT,Microsoft,2026-07-29,downgrade,hold,sell,407,289,389.81,,,491.5,513.53,,,,EXIT LIQUIDITY,EXIT LIQUIDITY,Not graded yet,Not graded yet,Not graded yet,Demo. Downgrade reflects slower orders than the prior note assumed.,true,Two-notch rating change. Price target moved more than 25%.,,computed,horizon-open;controversial;no-source-url,,1009
call_1011,demo,graded,daniel-cho,Daniel Cho,goldman,Goldman Sachs,AVGO,Broadcom,2026-08-06,downgrade,hold,sell,321,351,420.57,,,364.03,357.9,,,,STRONG,STRONG,Not graded yet,Not graded yet,Not graded yet,Demo. Downgrade reflects slower orders than the prior note assumed.,true,Two-notch rating change.,,computed,horizon-open;controversial;no-source-url,,1010
call_1012,demo,graded,daniel-cho,Daniel Cho,goldman,Goldman Sachs,AMD,AMD,2026-08-14,target_raise,hold,hold,489,549,514.39,,,465.58,516.13,,,,EXIT LIQUIDITY,STRONG,Not graded yet,Not graded yet,Not graded yet,Demo. Target moved up with the rating unchanged.,false,,,computed,horizon-open;no-source-url,,1011
call_1013,demo,graded,daniel-cho,Daniel Cho,goldman,Goldman Sachs,DIS,Disney,2026-08-24,downgrade,strong_buy,hold,103,107,110.61,,,105.31,,,,,WEAK,Not graded yet,Not graded yet,Not graded yet,Not graded yet,Demo. Moved down a notch. The target now sits closer to the base case.,true,Two-notch rating change.,,computed,horizon-open;controversial;no-source-url,,1012
call_1014,demo,graded,daniel-cho,Daniel Cho,goldman,Goldman Sachs,GOOGL,Alphabet,2026-08-31,downgrade,buy,hold,388,251,339.13,,,349.39,,,,,EXIT LIQUIDITY,Not graded yet,Not graded yet,Not graded yet,Not graded yet,Demo. Cut the rating as the multiple stopped paying for the growth rate.,true,Price target moved more than 25%.,,computed,horizon-open;controversial;no-source-url,,1013
call_1015,demo,graded,daniel-cho,Daniel Cho,goldman,Goldman Sachs,MSFT,Microsoft,2026-09-04,target_raise,sell,sell,289,370,499.7,,,493.78,,,,,STRONG,Not graded yet,Not graded yet,Not graded yet,Not graded yet,Demo. Target moved up with the rating unchanged.,true,Price target moved more than 25%.,,computed,horizon-open;controversial;no-source-url,,1014
call_1016,demo,open,daniel-cho,Daniel Cho,goldman,Goldman Sachs,AVGO,Broadcom,2026-09-14,target_raise,sell,sell,351,449,344.72,,,,,,,,Not graded yet,Not graded yet,Not graded yet,Not graded yet,Not graded yet,Demo. Raised the target on a higher out-year margin assumption.,true,Price target moved more than 25%.,,computed,horizon-open;controversial;no-source-url,,1015
call_1017,demo,graded,sophie-laurent,Sophie Laurent,goldman,Goldman Sachs,JPM,JPMorgan Chase,2026-07-06,upgrade,sell,underperform,240,359,337.72,,,338.87,359.24,358.64,,,WEAK,WEAK,WEAK,Not graded yet,Not graded yet,Demo. Upgrade cites a cleaner setup into the next two prints.,true,Price target moved more than 25%.,,computed,horizon-open;controversial;no-source-url,,1016
call_1018,demo,graded,sophie-laurent,Sophie Laurent,goldman,Goldman Sachs,GS,Goldman Sachs Group,2026-07-15,downgrade,hold,underperform,916,1003,1146.46,,,975.97,1034.35,1029.18,,,STRONG,STRONG,STRONG,Not graded yet,Not graded yet,Demo. Downgrade reflects slower orders than the prior note assumed.,false,,,computed,horizon-open;no-source-url,,1017
call_1019,demo,graded,sophie-laurent,Sophie Laurent,goldman,Goldman Sachs,MA,Mastercard,2026-07-24,upgrade,underperform,hold,498,583,539.66,,,562.95,580.63,,,,WEAK,WEAK,Not graded yet,Not graded yet,Not graded yet,Demo. Rating change follows a round of channel checks that ran ahead of the model.,false,,,computed,horizon-open;no-source-url,,1018
call_1020,demo,graded,sophie-laurent,Sophie Laurent,goldman,Goldman Sachs,V,Visa,2026-08-03,target_raise,sell,sell,235,271,364.99,,,358.84,378.4,,,,STRONG,EXIT LIQUIDITY,Not graded yet,Not graded yet,Not graded yet,Demo. Target moved up with the rating unchanged.,false,,,computed,horizon-open;no-source-url,,1019
call_1021,demo,graded,sophie-laurent,Sophie Laurent,goldman,Goldman Sachs,BAC,Bank of America,2026-08-12,downgrade,buy,hold,62.5,65,64.48,,,61.91,62.69,,,,WEAK,WEAK,Not graded yet,Not graded yet,Not graded yet,Demo. Moved down a notch. The target now sits closer to the base case.,false,,,computed,horizon-open;no-source-url,,1020
call_1022,demo,graded,sophie-laurent,Sophie Laurent,goldman,Goldman Sachs,JPM,JPMorgan Chase,2026-08-19,upgrade,underperform,hold,359,409,357.26,,,356.22,349.67,,,,STRONG,WEAK,Not graded yet,Not graded yet,Not graded yet,Demo. Upgrade cites a cleaner setup into the next two prints.,false,,,computed,horizon-open;no-source-url,,1021
call_1023,demo,graded,sophie-laurent,Sophie Laurent,goldman,Goldman Sachs,GS,Goldman Sachs Group,2026-08-26,target_raise,underperform,underperform,1003,1098,1035.39,,,1028.78,,,,,PROVISIONAL,Not graded yet,Not graded yet,Not graded yet,Not graded yet,Demo. Raised the target on a higher out-year margin assumption.,false,,,computed,horizon-open;no-source-url,,1022
call_1024,demo,graded,sophie-laurent,Sophie Laurent,goldman,Goldman Sachs,MA,Mastercard,2026-09-04,downgrade,hold,sell,583,562,579.21,,,565.24,,,,,STRONG,Not graded yet,Not graded yet,Not graded yet,Not graded yet,Demo. Moved down a notch. The target now sits closer to the base case.,true,Two-notch rating change.,,computed,horizon-open;controversial;no-source-url,,1023
call_1025,demo,open,sophie-laurent,Sophie Laurent,goldman,Goldman Sachs,V,Visa,2026-09-14,target_cut,sell,sell,271,223,375.28,,,,,,,,Not graded yet,Not graded yet,Not graded yet,Not graded yet,Not graded yet,Demo. Cut the target to reflect a lower multiple versus the group.,false,,,computed,horizon-open;no-source-url,,1024
call_1026,demo,open,sophie-laurent,Sophie Laurent,goldman,Goldman Sachs,BAC,Bank of America,2026-09-21,downgrade,hold,underperform,65,47.5,57.97,,,,,,,,Not graded yet,Not graded yet,Not graded yet,Not graded yet,Not graded yet,Demo. Downgrade reflects slower orders than the prior note assumed.,true,Price target moved more than 25%.,,computed,horizon-open;controversial;no-source-url,,1025
call_1027,demo,graded,andrej-petrov,Andrej Petrov,goldman,Goldman Sachs,XOM,Exxon Mobil,2026-07-01,upgrade,hold,strong_buy,146,153,135.4,,,143.58,154.44,156.71,,,STRONG,STRONG,STRONG,Not graded yet,Not graded yet,Demo. Rating change follows a round of channel checks that ran ahead of the model.,true,Two-notch rating change.,,computed,horizon-open;controversial;no-source-url,,1026
call_1028,demo,graded,andrej-petrov,Andrej Petrov,goldman,Goldman Sachs,CVX,Chevron,2026-07-08,downgrade,underperform,sell,170,142,174.45,,,191.31,184.95,208.6,,,EXIT LIQUIDITY,EXIT LIQUIDITY,EXIT LIQUIDITY,Not graded yet,Not graded yet,Demo. Moved down a notch. The target now sits closer to the base case.,false,,,computed,horizon-open;no-source-url,,1027
call_1029,demo,graded,andrej-petrov,Andrej Petrov,goldman,Goldman Sachs,COP,ConocoPhillips,2026-07-17,upgrade,hold,buy,120,139,113.95,,,119.68,125.94,141.22,,,STRONG,STRONG,STRONG,Not graded yet,Not graded yet,Demo. Upgrade cites a cleaner setup into the next two prints.,false,,,computed,horizon-open;no-source-url,,1028
call_1030,demo,graded,andrej-petrov,Andrej Petrov,goldman,Goldman Sachs,XOM,Exxon Mobil,2026-07-27,target_raise,strong_buy,strong_buy,153,170,153.77,,,158.76,158.19,,,,STRONG,STRONG,Not graded yet,Not graded yet,Not graded yet,Demo. Raised the target on a higher out-year margin assumption.,false,,,computed,horizon-open;no-source-url,,1029
call_1031,demo,graded,andrej-petrov,Andrej Petrov,goldman,Goldman Sachs,CVX,Chevron,2026-08-03,upgrade,sell,hold,142,203,191.51,,,200.95,211.78,,,,WEAK,WEAK,Not graded yet,Not graded yet,Not graded yet,Demo. Upgrade cites a cleaner setup into the next two prints.,true,Two-notch rating change. Price target moved more than 25%.,,computed,horizon-open;controversial;no-source-url,,1030
call_1032,demo,graded,andrej-petrov,Andrej Petrov,goldman,Goldman Sachs,COP,ConocoPhillips,2026-08-11,downgrade,buy,hold,139,91,125.09,,,131.84,137.04,,,,EXIT LIQUIDITY,EXIT LIQUIDITY,Not graded yet,Not graded yet,Not graded yet,Demo. Cut the rating as the multiple stopped paying for the growth rate.,true,Price target moved more than 25%.,,computed,horizon-open;controversial;no-source-url,,1031
call_1033,demo,graded,andrej-petrov,Andrej Petrov,goldman,Goldman Sachs,XOM,Exxon Mobil,2026-08-19,target_raise,strong_buy,strong_buy,170,183,164.77,,,164.15,163.54,,,,EXIT LIQUIDITY,WEAK,Not graded yet,Not graded yet,Not graded yet,Demo. Target moved up with the rating unchanged.,false,,,computed,horizon-open;no-source-url,,1032
call_1034,demo,graded,andrej-petrov,Andrej Petrov,goldman,Goldman Sachs,CVX,Chevron,2026-08-26,upgrade,hold,strong_buy,203,222,200.21,,,213.81,,,,,STRONG,Not graded yet,Not graded yet,Not graded yet,Not graded yet,Demo. Rating change follows a round of channel checks that ran ahead of the model.,true,Two-notch rating change.,,computed,horizon-open;controversial;no-source-url,,1033
call_1035,demo,graded,andrej-petrov,Andrej Petrov,goldman,Goldman Sachs,COP,ConocoPhillips,2026-09-04,downgrade,hold,underperform,91,137,134.26,,,131.83,,,,,STRONG,Not graded yet,Not graded yet,Not graded yet,Not graded yet,Demo. Downgrade reflects slower orders than the prior note assumed.,true,Price target moved more than 25%.,,computed,horizon-open;controversial;no-source-url,,1034
call_1036,demo,open,andrej-petrov,Andrej Petrov,goldman,Goldman Sachs,XOM,Exxon Mobil,2026-09-11,target_raise,strong_buy,strong_buy,183,214,165.99,,,,,,,,Not graded yet,Not graded yet,Not graded yet,Not graded yet,Not graded yet,Demo. Raised the target on a higher out-year margin assumption.,false,,,computed,horizon-open;no-source-url,,1035
call_1037,demo,open,andrej-petrov,Andrej Petrov,goldman,Goldman Sachs,CVX,Chevron,2026-09-21,target_raise,strong_buy,strong_buy,222,249,203.78,,,,,,,,Not graded yet,Not graded yet,Not graded yet,Not graded yet,Not graded yet,Demo. Target moved up with the rating unchanged.,false,,,computed,horizon-open;no-source-url,,1036
call_1038,demo,graded,camille-brooks,Camille Brooks,morgan-stanley,Morgan Stanley,AMD,AMD,2026-07-02,downgrade,buy,underperform,321,479,517.82,,,500.94,476.15,470.72,,,STRONG,STRONG,STRONG,Not graded yet,Not graded yet,Demo. Downgrade reflects slower orders than the prior note assumed.,true,Two-notch rating change. Price target moved more than 25%.,,computed,horizon-open;controversial;no-source-url,,1037
call_1039,demo,graded,camille-brooks,Camille Brooks,morgan-stanley,Morgan Stanley,MSFT,Microsoft,2026-07-10,downgrade,hold,underperform,377,281,384.38,,,380.98,499.05,493.95,,,WEAK,EXIT LIQUIDITY,EXIT LIQUIDITY,Not graded yet,Not graded yet,Demo. Downgrade reflects slower orders than the prior note assumed.,true,Price target moved more than 25%.,,computed,horizon-open;controversial;no-source-url,,1038
call_1040,demo,graded,camille-brooks,Camille Brooks,morgan-stanley,Morgan Stanley,AMZN,Amazon,2026-07-20,target_raise,strong_buy,strong_buy,330,387,249.99,,,284.02,265.84,253.71,,,STRONG,STRONG,EXIT LIQUIDITY,Not graded yet,Not graded yet,Demo. Raised the target on a higher out-year margin assumption.,false,,,computed,horizon-open;no-source-url,,1039
call_1041,demo,graded,camille-brooks,Camille Brooks,morgan-stanley,Morgan Stanley,AVGO,Broadcom,2026-07-29,target_raise,underperform,underperform,370,396,370.32,,,416.05,368.79,,,,WEAK,WEAK,Not graded yet,Not graded yet,Not graded yet,Demo. Raised the target on a higher out-year margin assumption.,false,,,computed,horizon-open;no-source-url,,1040
call_1042,demo,graded,camille-brooks,Camille Brooks,morgan-stanley,Morgan Stanley,DIS,Disney,2026-08-07,target_raise,underperform,underperform,97,112,104.91,,,107.78,105.31,,,,WEAK,WEAK,Not graded yet,Not graded yet,Not graded yet,Demo. Raised the target on a higher out-year margin assumption.,false,,,computed,horizon-open;no-source-url,,1041
call_1043,demo,graded,camille-brooks,Camille Brooks,morgan-stanley,Morgan Stanley,AMD,AMD,2026-08-14,upgrade,underperform,hold,479,584,514.39,,,465.58,516.13,,,,EXIT LIQUIDITY,STRONG,Not graded yet,Not graded yet,Not graded yet,Demo. Rating change follows a round of channel checks that ran ahead of the model.,false,,,computed,horizon-open;no-source-url,,1042
call_1044,demo,graded,camille-brooks,Camille Brooks,morgan-stanley,Morgan Stanley,MSFT,Microsoft,2026-08-24,target_raise,underperform,underperform,281,360,487.31,,,499.7,,,,,EXIT LIQUIDITY,Not graded yet,Not graded yet,Not graded yet,Not graded yet,Demo. Target moved up with the rating unchanged.,true,Price target moved more than 25%.,,computed,horizon-open;controversial;no-source-url,,1043
call_1045,demo,graded,camille-brooks,Camille Brooks,morgan-stanley,Morgan Stanley,AMZN,Amazon,2026-09-02,reiterate,strong_buy,strong_buy,387,395,254.98,,,245.96,,,,,EXIT LIQUIDITY,Not graded yet,Not graded yet,Not graded yet,Not graded yet,Demo. Kept the rating and walked through what would force a change.,false,,,computed,horizon-open;no-source-url,,1044
call_1046,demo,open,camille-brooks,Camille Brooks,morgan-stanley,Morgan Stanley,AVGO,Broadcom,2026-09-10,upgrade,underperform,buy,396,427,360.83,,,,,,,,Not graded yet,Not graded yet,Not graded yet,Not graded yet,Not graded yet,Demo. Rating change follows a round of channel checks that ran ahead of the model.,true,Two-notch rating change.,,computed,horizon-open;controversial;no-source-url,,1045
call_1047,demo,open,camille-brooks,Camille Brooks,morgan-stanley,Morgan Stanley,DIS,Disney,2026-09-21,target_raise,underperform,underperform,112,121,104.21,,,,,,,,Not graded yet,Not graded yet,Not graded yet,Not graded yet,Not graded yet,Demo. Raised the target on a higher out-year margin assumption.,false,,,computed,horizon-open;no-source-url,,1046
call_1048,demo,graded,hassan-iqbal,Hassan Iqbal,morgan-stanley,Morgan Stanley,WMT,Walmart,2026-07-03,downgrade,hold,sell,115,104,111.57,,,113.97,110.93,105.92,,,EXIT LIQUIDITY,WEAK,STRONG,Not graded yet,Not graded yet,Demo. Cut the rating as the multiple stopped paying for the growth rate.,true,Two-notch rating change.,,computed,horizon-open;controversial;no-source-url,,1047
call_1049,demo,graded,hassan-iqbal,Hassan Iqbal,morgan-stanley,Morgan Stanley,MCD,McDonald's,2026-07-10,downgrade,hold,underperform,285,248,272.66,,,262.89,272.54,255.81,,,STRONG,WEAK,STRONG,Not graded yet,Not graded yet,Demo. Downgrade reflects slower orders than the prior note assumed.,false,,,computed,horizon-open;no-source-url,,1048
call_1050,demo,graded,hassan-iqbal,Hassan Iqbal,morgan-stanley,Morgan Stanley,PG,Procter & Gamble,2026-07-20,downgrade,underperform,sell,99,115,148.02,,,144.97,144.38,146.39,,,STRONG,STRONG,EXIT LIQUIDITY,Not graded yet,Not graded yet,Demo. Cut the rating as the multiple stopped paying for the growth rate.,false,,,computed,horizon-open;no-source-url,,1049
call_1051,demo,graded,hassan-iqbal,Hassan Iqbal,morgan-stanley,Morgan Stanley,NKE,Nike,2026-07-29,target_raise,hold,hold,63.5,66.5,42.77,,,40.08,39.18,,,,EXIT LIQUIDITY,EXIT LIQUIDITY,Not graded yet,Not graded yet,Not graded yet,Demo. Raised the target on a higher out-year margin assumption.,false,,,computed,horizon-open;no-source-url,,1050
call_1052,demo,graded,hassan-iqbal,Hassan Iqbal,morgan-stanley,Morgan Stanley,COST,Costco,2026-08-05,upgrade,hold,strong_buy,1071,1093,941.99,,,956.99,915.74,,,,STRONG,EXIT LIQUIDITY,Not graded yet,Not graded yet,Not graded yet,Demo. Upgrade cites a cleaner setup into the next two prints.,true,Two-notch rating change.,,computed,horizon-open;controversial;no-source-url,,1051
call_1053,demo,graded,hassan-iqbal,Hassan Iqbal,morgan-stanley,Morgan Stanley,WMT,Walmart,2026-08-12,target_cut,sell,sell,104,75,115.73,,,104.34,107.15,,,,STRONG,STRONG,Not graded yet,Not graded yet,Not graded yet,Demo. Target came down. The rating stayed put.,true,Price target moved more than 25%.,,computed,horizon-open;controversial;no-source-url,,1052
call_1054,demo,graded,hassan-iqbal,Hassan Iqbal,morgan-stanley,Morgan Stanley,MCD,McDonald's,2026-08-19,target_raise,underperform,underperform,248,263,265.56,,,260.95,248.24,,,,STRONG,STRONG,Not graded yet,Not graded yet,Not graded yet,Demo. Target moved up with the rating unchanged.,false,,,computed,horizon-open;no-source-url,,1053
call_1055,demo,graded,hassan-iqbal,Hassan Iqbal,morgan-stanley,Morgan Stanley,PG,Procter & Gamble,2026-08-26,target_raise,sell,sell,115,123,145,,,142.64,,,,,STRONG,Not graded yet,Not graded yet,Not graded yet,Not graded yet,Demo. Target moved up with the rating unchanged.,false,,,computed,horizon-open;no-source-url,,1054
call_1056,demo,graded,hassan-iqbal,Hassan Iqbal,morgan-stanley,Morgan Stanley,NKE,Nike,2026-09-03,downgrade,hold,underperform,66.5,36,38.77,,,36.36,,,,,STRONG,Not graded yet,Not graded yet,Not graded yet,Not graded yet,Demo. Moved down a notch. The target now sits closer to the base case.,true,Price target moved more than 25%.,,computed,horizon-open;controversial;no-source-url,,1055
call_1057,demo,open,hassan-iqbal,Hassan Iqbal,morgan-stanley,Morgan Stanley,COST,Costco,2026-09-14,target_raise,strong_buy,strong_buy,1093,1276,918.91,,,,,,,,Not graded yet,Not graded yet,Not graded yet,Not graded yet,Not graded yet,Demo. Target moved up with the rating unchanged.,false,,,computed,horizon-open;no-source-url,,1056
call_1058,demo,open,hassan-iqbal,Hassan Iqbal,morgan-stanley,Morgan Stanley,WMT,Walmart,2026-09-21,target_cut,sell,sell,75,68,107.44,,,,,,,,Not graded yet,Not graded yet,Not graded yet,Not graded yet,Not graded yet,Demo. Cut the target to reflect a lower multiple versus the group.,false,,,computed,horizon-open;no-source-url,,1057
call_1059,demo,graded,elena-vasquez,Elena Vasquez,morgan-stanley,Morgan Stanley,LLY,Eli Lilly,2026-07-06,target_raise,strong_buy,strong_buy,1209,1329,1198.34,,,1145.26,1168.19,1149.36,,,EXIT LIQUIDITY,EXIT LIQUIDITY,WEAK,Not graded yet,Not graded yet,Demo. Raised the target on a higher out-year margin assumption.,false,,,computed,horizon-open;no-source-url,,1058
call_1060,demo,graded,elena-vasquez,Elena Vasquez,morgan-stanley,Morgan Stanley,ABBV,AbbVie,2026-07-15,upgrade,buy,strong_buy,246,254,244.11,,,263.3,249.46,257.12,,,STRONG,STRONG,STRONG,Not graded yet,Not graded yet,Demo. Rating change follows a round of channel checks that ran ahead of the model.,false,,,computed,horizon-open;no-source-url,,1059
call_1061,demo,graded,elena-vasquez,Elena Vasquez,morgan-stanley,Morgan Stanley,PFE,Pfizer,2026-07-23,target_raise,buy,buy,27,29,24.58,,,26.2,28.07,27.74,,,STRONG,STRONG,STRONG,Not graded yet,Not graded yet,Demo. Raised the target on a higher out-year margin assumption.,false,,,computed,horizon-open;no-source-url,,1060
call_1062,demo,graded,elena-vasquez,Elena Vasquez,morgan-stanley,Morgan Stanley,UNH,UnitedHealth,2026-07-30,downgrade,buy,hold,387,383,418.89,,,396.62,390.55,,,,WEAK,WEAK,Not graded yet,Not graded yet,Not graded yet,Demo. Cut the rating as the multiple stopped paying for the growth rate.,false,,,computed,horizon-open;no-source-url,,1061
call_1063,demo,graded,elena-vasquez,Elena Vasquez,morgan-stanley,Morgan Stanley,JNJ,Johnson & Johnson,2026-08-07,upgrade,sell,underperform,173,279,257.97,,,268.91,275.23,,,,WEAK,WEAK,Not graded yet,Not graded yet,Not graded yet,Demo. Rating change follows a round of channel checks that ran ahead of the model.,true,Price target moved more than 25%.,,computed,horizon-open;controversial;no-source-url,,1062
call_1064,demo,graded,elena-vasquez,Elena Vasquez,morgan-stanley,Morgan Stanley,LLY,Eli Lilly,2026-08-17,downgrade,strong_buy,buy,1329,1167,1183.16,,,1156.73,1137.82,,,,WEAK,WEAK,Not graded yet,Not graded yet,Not graded yet,Demo. Moved down a notch. The target now sits closer to the base case.,false,,,computed,horizon-open;no-source-url,,1063
call_1065,demo,graded,elena-vasquez,Elena Vasquez,morgan-stanley,Morgan Stanley,ABBV,AbbVie,2026-08-25,target_raise,strong_buy,strong_buy,254,278,265.79,,,248.78,,,,,EXIT LIQUIDITY,Not graded yet,Not graded yet,Not graded yet,Not graded yet,Demo. Target moved up with the rating unchanged.,false,,,computed,horizon-open;no-source-url,,1064
call_1066,demo,graded,elena-vasquez,Elena Vasquez,morgan-stanley,Morgan Stanley,PFE,Pfizer,2026-09-01,downgrade,buy,underperform,29,28.5,28.55,,,27.55,,,,,STRONG,Not graded yet,Not graded yet,Not graded yet,Not graded yet,Demo. Cut the rating as the multiple stopped paying for the growth rate.,true,Two-notch rating change.,,computed,horizon-open;controversial;no-source-url,,1065
call_1067,demo,open,elena-vasquez,Elena Vasquez,morgan-stanley,Morgan Stanley,UNH,UnitedHealth,2026-09-10,downgrade,hold,underperform,383,299,385.9,,,,,,,,Not graded yet,Not graded yet,Not graded yet,Not graded yet,Not graded yet,Demo. Downgrade reflects slower orders than the prior note assumed.,false,,,computed,horizon-open;no-source-url,,1066
call_1068,demo,open,elena-vasquez,Elena Vasquez,morgan-stanley,Morgan Stanley,JNJ,Johnson & Johnson,2026-09-17,target_raise,underperform,underperform,279,327,270.22,,,,,,,,Not graded yet,Not graded yet,Not graded yet,Not graded yet,Not graded yet,Demo. Raised the target on a higher out-year margin assumption.,false,,,computed,horizon-open;no-source-url,,1067
call_1069,demo,graded,william-hart,William Hart,jpmorgan,JPMorgan,MA,Mastercard,2026-07-06,target_cut,sell,sell,394,349,532.21,,,547.44,570.48,579.21,,,EXIT LIQUIDITY,EXIT LIQUIDITY,EXIT LIQUIDITY,Not graded yet,Not graded yet,Demo. Target came down. The rating stayed put.,false,,,computed,horizon-open;no-source-url,,1068
call_1070,demo,graded,william-hart,William Hart,jpmorgan,JPMorgan,V,Visa,2026-07-14,upgrade,underperform,buy,313,363,355.36,,,365.91,365.45,370.45,,,STRONG,STRONG,STRONG,Not graded yet,Not graded yet,Demo. Rating change follows a round of channel checks that ran ahead of the model.,true,Two-notch rating change.,,computed,horizon-open;controversial;no-source-url,,1069
call_1071,demo,graded,william-hart,William Hart,jpmorgan,JPMorgan,JPM,JPMorgan Chase,2026-07-22,target_raise,hold,hold,284,303,348.21,,,359.24,351.58,349.67,,,EXIT LIQUIDITY,STRONG,STRONG,Not graded yet,Not graded yet,Demo. Target moved up with the rating unchanged.,false,,,computed,horizon-open;no-source-url,,1070
call_1072,demo,graded,william-hart,William Hart,jpmorgan,JPMorgan,BAC,Bank of America,2026-07-30,upgrade,buy,strong_buy,58,69,61.42,,,63.76,62,,,,STRONG,WEAK,Not graded yet,Not graded yet,Not graded yet,Demo. Moved up a notch after the quarter cleared a low bar.,false,,,computed,horizon-open;no-source-url,,1071
call_1073,demo,graded,william-hart,William Hart,jpmorgan,JPMorgan,GS,Goldman Sachs Group,2026-08-06,target_raise,buy,buy,993,1271,1027.55,,,997.07,1038.61,,,,EXIT LIQUIDITY,WEAK,Not graded yet,Not graded yet,Not graded yet,Demo. Target moved up with the rating unchanged.,true,Price target moved more than 25%.,,computed,horizon-open;controversial;no-source-url,,1072
call_1074,demo,graded,william-hart,William Hart,jpmorgan,JPMorgan,MA,Mastercard,2026-08-17,target_raise,sell,sell,349,388,562.26,,,589.31,567.75,,,,EXIT LIQUIDITY,EXIT LIQUIDITY,Not graded yet,Not graded yet,Not graded yet,Demo. Raised the target on a higher out-year margin assumption.,false,,,computed,horizon-open;no-source-url,,1073
call_1075,demo,graded,william-hart,William Hart,jpmorgan,JPMorgan,V,Visa,2026-08-25,downgrade,buy,hold,363,371,384.14,,,368.64,,,,,WEAK,Not graded yet,Not graded yet,Not graded yet,Not graded yet,Demo. Cut the rating as the multiple stopped paying for the growth rate.,false,,,computed,horizon-open;no-source-url,,1074
call_1076,demo,graded,william-hart,William Hart,jpmorgan,JPMorgan,JPM,JPMorgan Chase,2026-09-02,downgrade,hold,sell,303,341,356.22,,,348.92,,,,,STRONG,Not graded yet,Not graded yet,Not graded yet,Not graded yet,Demo. Moved down a notch. The target now sits closer to the base case.,true,Two-notch rating change.,,computed,horizon-open;controversial;no-source-url,,1075
call_1077,demo,open,william-hart,William Hart,jpmorgan,JPMorgan,BAC,Bank of America,2026-09-10,downgrade,strong_buy,buy,69,46.5,62.56,,,,,,,,Not graded yet,Not graded yet,Not graded yet,Not graded yet,Not graded yet,Demo. Cut the rating as the multiple stopped paying for the growth rate.,true,Price target moved more than 25%.,,computed,horizon-open;controversial;no-source-url,,1076
call_1078,demo,open,william-hart,William Hart,jpmorgan,JPMorgan,GS,Goldman Sachs Group,2026-09-21,upgrade,buy,strong_buy,1271,1179,959.61,,,,,,,,Not graded yet,Not graded yet,Not graded yet,Not graded yet,Not graded yet,Demo. Rating change follows a round of channel checks that ran ahead of the model.,false,,,computed,horizon-open;no-source-url,,1077
call_1079,demo,graded,mei-lin,Mei Lin,jpmorgan,JPMorgan,AAPL,Apple,2026-07-01,upgrade,hold,buy,270,314,294.13,,,327.22,308.64,319.7,,,STRONG,STRONG,STRONG,Not graded yet,Not graded yet,Demo. Moved up a notch after the quarter cleared a low bar.,false,,,computed,horizon-open;no-source-url,,1078
call_1080,demo,graded,mei-lin,Mei Lin,jpmorgan,JPMorgan,AMD,AMD,2026-07-09,target_raise,sell,sell,148,301,546.72,,,539.69,483.36,477.57,,,STRONG,STRONG,STRONG,Not graded yet,Not graded yet,Demo. Target moved up with the rating unchanged.,true,Price target moved more than 25%.,,computed,horizon-open;controversial;no-source-url,,1079
call_1081,demo,graded,mei-lin,Mei Lin,jpmorgan,JPMorgan,NVDA,NVIDIA,2026-07-17,upgrade,buy,strong_buy,195,218,202.58,,,200.53,224.91,212.17,,,EXIT LIQUIDITY,STRONG,STRONG,Not graded yet,Not graded yet,Demo. Moved up a notch after the quarter cleared a low bar.,false,,,computed,horizon-open;no-source-url,,1080
call_1082,demo,graded,mei-lin,Mei Lin,jpmorgan,JPMorgan,MSFT,Microsoft,2026-07-27,downgrade,underperform,sell,289,293,388.37,,,505.11,496.37,,,,EXIT LIQUIDITY,EXIT LIQUIDITY,Not graded yet,Not graded yet,Not graded yet,Demo. Cut the rating as the multiple stopped paying for the growth rate.,false,,,computed,horizon-open;no-source-url,,1081
call_1083,demo,graded,mei-lin,Mei Lin,jpmorgan,JPMorgan,CRM,Salesforce,2026-08-05,upgrade,buy,strong_buy,266,249,192.64,,,205.73,258.77,,,,STRONG,STRONG,Not graded yet,Not graded yet,Not graded yet,Demo. Moved up a notch after the quarter cleared a low bar.,false,,,computed,horizon-open;no-source-url,,1082
call_1084,demo,graded,mei-lin,Mei Lin,jpmorgan,JPMorgan,AAPL,Apple,2026-08-14,upgrade,buy,strong_buy,314,335,305.93,,,319.7,332.27,,,,STRONG,STRONG,Not graded yet,Not graded yet,Not graded yet,Demo. Upgrade cites a cleaner setup into the next two prints.,false,,,computed,horizon-open;no-source-url,,1083
call_1085,demo,graded,mei-lin,Mei Lin,jpmorgan,JPMorgan,AMD,AMD,2026-08-21,target_cut,sell,sell,301,277,473.25,,,477.57,559.82,,,,EXIT LIQUIDITY,EXIT LIQUIDITY,Not graded yet,Not graded yet,Not graded yet,Demo. Cut the target to reflect a lower multiple versus the group.,false,,,computed,horizon-open;no-source-url,,1084
call_1086,demo,graded,mei-lin,Mei Lin,jpmorgan,JPMorgan,NVDA,NVIDIA,2026-08-31,target_raise,strong_buy,strong_buy,218,279,220.53,,,210.96,,,,,EXIT LIQUIDITY,Not graded yet,Not graded yet,Not graded yet,Not graded yet,Demo. Raised the target on a higher out-year margin assumption.,true,Price target moved more than 25%.,,computed,horizon-open;controversial;no-source-url,,1085
call_1087,demo,open,mei-lin,Mei Lin,jpmorgan,JPMorgan,MSFT,Microsoft,2026-09-08,target_raise,sell,sell,293,375,493.95,,,,,,,,Not graded yet,Not graded yet,Not graded yet,Not graded yet,Not graded yet,Demo. Raised the target on a higher out-year margin assumption.,true,Price target moved more than 25%.,,computed,horizon-open;controversial;no-source-url,,1086
call_1088,demo,open,mei-lin,Mei Lin,jpmorgan,JPMorgan,CRM,Salesforce,2026-09-17,target_raise,strong_buy,strong_buy,249,319,242.85,,,,,,,,Not graded yet,Not graded yet,Not graded yet,Not graded yet,Not graded yet,Demo. Target moved up with the rating unchanged.,true,Price target moved more than 25%.,,computed,horizon-open;controversial;no-source-url,,1087
call_1089,demo,graded,christopher-adeyemi,Christopher Adeyemi,jpmorgan,JPMorgan,BA,Boeing,2026-07-02,upgrade,underperform,hold,213,282,226.49,,,214.34,216.14,207.78,,,EXIT LIQUIDITY,EXIT LIQUIDITY,EXIT LIQUIDITY,Not graded yet,Not graded yet,Demo. Rating change follows a round of channel checks that ran ahead of the model.,true,Price target moved more than 25%.,,computed,horizon-open;controversial;no-source-url,,1088
call_1090,demo,graded,christopher-adeyemi,Christopher Adeyemi,jpmorgan,JPMorgan,GE,GE Aerospace,2026-07-13,target_raise,strong_buy,strong_buy,365,467,353.42,,,361.61,365.33,323.66,,,STRONG,STRONG,EXIT LIQUIDITY,Not graded yet,Not graded yet,Demo. Raised the target on a higher out-year margin assumption.,true,Price target moved more than 25%.,,computed,horizon-open;controversial;no-source-url,,1089
call_1091,demo,graded,christopher-adeyemi,Christopher Adeyemi,jpmorgan,JPMorgan,CAT,Caterpillar,2026-07-21,upgrade,buy,strong_buy,1053,1009,889.97,,,876.54,815.39,808.99,,,EXIT LIQUIDITY,EXIT LIQUIDITY,EXIT LIQUIDITY,Not graded yet,Not graded yet,Demo. Upgrade cites a cleaner setup into the next two prints.,false,,,computed,horizon-open;no-source-url,,1090
call_1092,demo,graded,christopher-adeyemi,Christopher Adeyemi,jpmorgan,JPMorgan,HON,Honeywell,2026-07-30,downgrade,hold,sell,224,215,241.19,,,233.29,217.43,,,,STRONG,STRONG,Not graded yet,Not graded yet,Not graded yet,Demo. Downgrade reflects slower orders than the prior note assumed.,true,Two-notch rating change.,,computed,horizon-open;controversial;no-source-url,,1091
call_1093,demo,graded,christopher-adeyemi,Christopher Adeyemi,jpmorgan,JPMorgan,BA,Boeing,2026-08-06,downgrade,hold,underperform,282,206,232.19,,,215.1,212.25,,,,STRONG,STRONG,Not graded yet,Not graded yet,Not graded yet,Demo. Downgrade reflects slower orders than the prior note assumed.,true,Price target moved more than 25%.,,computed,horizon-open;controversial;no-source-url,,1092
call_1094,demo,graded,christopher-adeyemi,Christopher Adeyemi,jpmorgan,JPMorgan,GE,GE Aerospace,2026-08-14,target_raise,strong_buy,strong_buy,467,509,368.38,,,342.58,323.66,,,,EXIT LIQUIDITY,EXIT LIQUIDITY,Not graded yet,Not graded yet,Not graded yet,Demo. Raised the target on a higher out-year margin assumption.,false,,,computed,horizon-open;no-source-url,,1093
call_1095,demo,graded,christopher-adeyemi,Christopher Adeyemi,jpmorgan,JPMorgan,CAT,Caterpillar,2026-08-24,target_raise,strong_buy,strong_buy,1009,1187,811.02,,,813.94,,,,,EXIT LIQUIDITY,Not graded yet,Not graded yet,Not graded yet,Not graded yet,Demo. Target moved up with the rating unchanged.,false,,,computed,horizon-open;no-source-url,,1094
call_1096,demo,graded,christopher-adeyemi,Christopher Adeyemi,jpmorgan,JPMorgan,HON,Honeywell,2026-08-31,target_cut,sell,sell,215,195,213.53,,,201.38,,,,,STRONG,Not graded yet,Not graded yet,Not graded yet,Not graded yet,Demo. Cut the target to reflect a lower multiple versus the group.,false,,,computed,horizon-open;no-source-url,,1095
call_1097,demo,open,christopher-adeyemi,Christopher Adeyemi,jpmorgan,JPMorgan,BA,Boeing,2026-09-09,upgrade,underperform,hold,206,230,206.42,,,,,,,,Not graded yet,Not graded yet,Not graded yet,Not graded yet,Not graded yet,Demo. Upgrade cites a cleaner setup into the next two prints.,false,,,computed,horizon-open;no-source-url,,1096
call_1098,demo,open,christopher-adeyemi,Christopher Adeyemi,jpmorgan,JPMorgan,GE,GE Aerospace,2026-09-17,downgrade,strong_buy,hold,509,254,313.47,,,,,,,,Not graded yet,Not graded yet,Not graded yet,Not graded yet,Not graded yet,Demo. Moved down a notch. The target now sits closer to the base case.,true,Two-notch rating change. Price target moved more than 25%.,,computed,horizon-open;controversial;no-source-url,,1097
call_1099,demo,graded,ingrid-solberg,Ingrid Solberg,ubs,UBS,BA,Boeing,2026-07-03,downgrade,hold,sell,213,205,226.49,,,214.03,216.14,205.66,,,STRONG,STRONG,STRONG,Not graded yet,Not graded yet,Demo. Downgrade reflects slower orders than the prior note assumed.,true,Two-notch rating change.,,computed,horizon-open;controversial;no-source-url,,1098
call_1100,demo,graded,ingrid-solberg,Ingrid Solberg,ubs,UBS,GE,GE Aerospace,2026-07-13,target_cut,sell,sell,233,202,353.42,,,361.61,365.33,323.66,,,EXIT LIQUIDITY,EXIT LIQUIDITY,STRONG,Not graded yet,Not graded yet,Demo. Target came down. The rating stayed put.,false,,,computed,horizon-open;no-source-url,,1099
call_1101,demo,graded,ingrid-solberg,Ingrid Solberg,ubs,UBS,HON,Honeywell,2026-07-21,target_cut,sell,sell,219,201,229.17,,,248.05,218.32,206.46,,,EXIT LIQUIDITY,STRONG,STRONG,Not graded yet,Not graded yet,Demo. Cut the target to reflect a lower multiple versus the group.,false,,,computed,horizon-open;no-source-url,,1100
call_1102,demo,graded,ingrid-solberg,Ingrid Solberg,ubs,UBS,CAT,Caterpillar,2026-07-29,target_cut,sell,sell,547,475,782.71,,,855.6,800.25,,,,EXIT LIQUIDITY,EXIT LIQUIDITY,Not graded yet,Not graded yet,Not graded yet,Demo. Cut the target to reflect a lower multiple versus the group.,false,,,computed,horizon-open;no-source-url,,1101
call_1103,demo,graded,ingrid-solberg,Ingrid Solberg,ubs,UBS,BA,Boeing,2026-08-05,target_cut,sell,sell,205,148,240.19,,,222.2,212.25,,,,STRONG,STRONG,Not graded yet,Not graded yet,Not graded yet,Demo. Cut the target to reflect a lower multiple versus the group.,true,Price target moved more than 25%.,,computed,horizon-open;controversial;no-source-url,,1102
call_1104,demo,graded,ingrid-solberg,Ingrid Solberg,ubs,UBS,GE,GE Aerospace,2026-08-12,reiterate,sell,sell,202,201,365.33,,,354.39,323.66,,,,STRONG,STRONG,Not graded yet,Not graded yet,Not graded yet,Demo. Same rating. The target was refreshed for the latest share count.,false,,,computed,horizon-open;no-source-url,,1103
call_1105,demo,graded,ingrid-solberg,Ingrid Solberg,ubs,UBS,HON,Honeywell,2026-08-20,upgrade,sell,underperform,201,260,218.32,,,207.63,206.46,,,,STRONG,STRONG,Not graded yet,Not graded yet,Not graded yet,Demo. Moved up a notch after the quarter cleared a low bar.,true,Price target moved more than 25%.,,computed,horizon-open;controversial;no-source-url,,1104
call_1106,demo,graded,ingrid-solberg,Ingrid Solberg,ubs,UBS,CAT,Caterpillar,2026-08-27,upgrade,sell,underperform,475,907,817,,,805,,,,,STRONG,Not graded yet,Not graded yet,Not graded yet,Not graded yet,Demo. Rating change follows a round of channel checks that ran ahead of the model.,true,Price target moved more than 25%.,,computed,horizon-open;controversial;no-source-url,,1105
call_1107,demo,graded,ingrid-solberg,Ingrid Solberg,ubs,UBS,BA,Boeing,2026-09-04,target_cut,sell,sell,148,117,212.25,,,198.2,,,,,STRONG,Not graded yet,Not graded yet,Not graded yet,Not graded yet,Demo. Target came down. The rating stayed put.,false,,,computed,horizon-open;no-source-url,,1106
call_1108,demo,open,ingrid-solberg,Ingrid Solberg,ubs,UBS,GE,GE Aerospace,2026-09-11,upgrade,sell,hold,201,370,323.66,,,,,,,,Not graded yet,Not graded yet,Not graded yet,Not graded yet,Not graded yet,Demo. Rating change follows a round of channel checks that ran ahead of the model.,true,Two-notch rating change. Price target moved more than 25%.,,computed,horizon-open;controversial;no-source-url,,1107
call_1109,demo,open,ingrid-solberg,Ingrid Solberg,ubs,UBS,HON,Honeywell,2026-09-21,target_raise,underperform,underperform,260,320,206.48,,,,,,,,Not graded yet,Not graded yet,Not graded yet,Not graded yet,Not graded yet,Demo. Target moved up with the rating unchanged.,false,,,computed,horizon-open;no-source-url,,1108
call_1110,demo,graded,patrick-nguyen,Patrick Nguyen,ubs,UBS,AMZN,Amazon,2026-07-06,target_raise,underperform,underperform,192,209,244.16,,,249.99,272.65,258.51,,,EXIT LIQUIDITY,EXIT LIQUIDITY,EXIT LIQUIDITY,Not graded yet,Not graded yet,Demo. Target moved up with the rating unchanged.,false,,,computed,horizon-open;no-source-url,,1109
call_1111,demo,graded,patrick-nguyen,Patrick Nguyen,ubs,UBS,CRM,Salesforce,2026-07-15,target_raise,hold,hold,181,211,166.71,,,188.05,195.87,247.28,,,EXIT LIQUIDITY,WEAK,EXIT LIQUIDITY,Not graded yet,Not graded yet,Demo. Target moved up with the rating unchanged.,false,,,computed,horizon-open;no-source-url,,1110
call_1112,demo,graded,patrick-nguyen,Patrick Nguyen,ubs,UBS,AVGO,Broadcom,2026-07-24,target_raise,hold,hold,337,387,381.92,,,427.76,368.45,,,,EXIT LIQUIDITY,WEAK,Not graded yet,Not graded yet,Not graded yet,Demo. Target moved up with the rating unchanged.,false,,,computed,horizon-open;no-source-url,,1111
call_1113,demo,graded,patrick-nguyen,Patrick Nguyen,ubs,UBS,GOOGL,Alphabet,2026-08-03,target_cut,sell,sell,242,205,373.27,,,343.78,336.9,,,,STRONG,STRONG,Not graded yet,Not graded yet,Not graded yet,Demo. Cut the target to reflect a lower multiple versus the group.,false,,,computed,horizon-open;no-source-url,,1112
call_1114,demo,graded,patrick-nguyen,Patrick Nguyen,ubs,UBS,AMD,AMD,2026-08-12,downgrade,strong_buy,hold,309,345,482.93,,,480.93,516.13,,,,STRONG,EXIT LIQUIDITY,Not graded yet,Not graded yet,Not graded yet,Demo. Moved down a notch. The target now sits closer to the base case.,true,Two-notch rating change.,,computed,horizon-open;controversial;no-source-url,,1113
call_1115,demo,graded,patrick-nguyen,Patrick Nguyen,ubs,UBS,AMZN,Amazon,2026-08-21,target_raise,underperform,underperform,209,242,258.63,,,258.51,253.71,,,,WEAK,PROVISIONAL,Not graded yet,Not graded yet,Not graded yet,Demo. Target moved up with the rating unchanged.,false,,,computed,horizon-open;no-source-url,,1114
call_1116,demo,graded,patrick-nguyen,Patrick Nguyen,ubs,UBS,CRM,Salesforce,2026-08-28,upgrade,hold,buy,211,294,255.55,,,247.28,,,,,EXIT LIQUIDITY,Not graded yet,Not graded yet,Not graded yet,Not graded yet,Demo. Moved up a notch after the quarter cleared a low bar.,true,Price target moved more than 25%.,,computed,horizon-open;controversial;no-source-url,,1115
call_1117,demo,graded,patrick-nguyen,Patrick Nguyen,ubs,UBS,AVGO,Broadcom,2026-09-04,upgrade,hold,buy,387,368,357.9,,,357.61,,,,,WEAK,Not graded yet,Not graded yet,Not graded yet,Not graded yet,Demo. Moved up a notch after the quarter cleared a low bar.,false,,,computed,horizon-open;no-source-url,,1116
call_1118,demo,open,patrick-nguyen,Patrick Nguyen,ubs,UBS,GOOGL,Alphabet,2026-09-15,target_cut,sell,sell,205,190,344.98,,,,,,,,Not graded yet,Not graded yet,Not graded yet,Not graded yet,Not graded yet,Demo. Target came down. The rating stayed put.,false,,,computed,horizon-open;no-source-url,,1117
call_1119,demo,graded,rebecca-holt,Rebecca Holt,barclays,Barclays,V,Visa,2026-07-06,target_raise,buy,buy,377,444,356.59,,,359.9,367.86,375.07,,,WEAK,STRONG,STRONG,Not graded yet,Not graded yet,Demo. Raised the target on a higher out-year margin assumption.,false,,,computed,horizon-open;no-source-url,,1118
call_1120,demo,graded,rebecca-holt,Rebecca Holt,barclays,Barclays,GS,Goldman Sachs Group,2026-07-14,target_cut,sell,sell,712,624,1134.44,,,1028.3,1037.55,1029.18,,,STRONG,STRONG,STRONG,Not graded yet,Not graded yet,Demo. Target came down. The rating stayed put.,false,,,computed,horizon-open;no-source-url,,1119
call_1121,demo,graded,rebecca-holt,Rebecca Holt,barclays,Barclays,MA,Mastercard,2026-07-22,downgrade,underperform,sell,482,423,531.98,,,570.48,580.63,565.24,,,EXIT LIQUIDITY,EXIT LIQUIDITY,EXIT LIQUIDITY,Not graded yet,Not graded yet,Demo. Cut the rating as the multiple stopped paying for the growth rate.,false,,,computed,horizon-open;no-source-url,,1120
call_1122,demo,graded,rebecca-holt,Rebecca Holt,barclays,Barclays,JPM,JPMorgan Chase,2026-07-30,target_raise,hold,hold,282,306,350.85,,,363.11,357.62,,,,EXIT LIQUIDITY,STRONG,Not graded yet,Not graded yet,Not graded yet,Demo. Raised the target on a higher out-year margin assumption.,false,,,computed,horizon-open;no-source-url,,1121
call_1123,demo,graded,rebecca-holt,Rebecca Holt,barclays,Barclays,BAC,Bank of America,2026-08-10,target_raise,buy,buy,59,62.5,63.54,,,62.01,62.67,,,,WEAK,WEAK,Not graded yet,Not graded yet,Not graded yet,Demo. Target moved up with the rating unchanged.,false,,,computed,horizon-open;no-source-url,,1122
call_1124,demo,graded,rebecca-holt,Rebecca Holt,barclays,Barclays,V,Visa,2026-08-19,upgrade,buy,strong_buy,444,464,365.54,,,378.4,368.29,,,,STRONG,EXIT LIQUIDITY,Not graded yet,Not graded yet,Not graded yet,Demo. Moved up a notch after the quarter cleared a low bar.,false,,,computed,horizon-open;no-source-url,,1123
call_1125,demo,graded,rebecca-holt,Rebecca Holt,barclays,Barclays,GS,Goldman Sachs Group,2026-08-27,target_cut,sell,sell,624,570,1035.8,,,1019.77,,,,,STRONG,Not graded yet,Not graded yet,Not graded yet,Not graded yet,Demo. Cut the target to reflect a lower multiple versus the group.,false,,,computed,horizon-open;no-source-url,,1124
call_1126,demo,graded,rebecca-holt,Rebecca Holt,barclays,Barclays,MA,Mastercard,2026-09-03,target_cut,sell,sell,423,322,585.71,,,565.73,,,,,STRONG,Not graded yet,Not graded yet,Not graded yet,Not graded yet,Demo. Target came down. The rating stayed put.,false,,,computed,horizon-open;no-source-url,,1125
call_1127,demo,open,rebecca-holt,Rebecca Holt,barclays,Barclays,JPM,JPMorgan Chase,2026-09-11,upgrade,hold,strong_buy,306,401,356.23,,,,,,,,Not graded yet,Not graded yet,Not graded yet,Not graded yet,Not graded yet,Demo. Rating change follows a round of channel checks that ran ahead of the model.,true,Two-notch rating change. Price target moved more than 25%.,,computed,horizon-open;controversial;no-source-url,,1126
call_1128,demo,open,rebecca-holt,Rebecca Holt,barclays,Barclays,BAC,Bank of America,2026-09-18,upgrade,buy,strong_buy,62.5,73.5,57.73,,,,,,,,Not graded yet,Not graded yet,Not graded yet,Not graded yet,Not graded yet,Demo. Moved up a notch after the quarter cleared a low bar.,false,,,computed,horizon-open;no-source-url,,1127
call_1129,demo,graded,omar-farouk,Omar Farouk,barclays,Barclays,CVX,Chevron,2026-07-01,downgrade,hold,underperform,203,119,164.26,,,180.03,195.13,201.86,,,EXIT LIQUIDITY,EXIT LIQUIDITY,EXIT LIQUIDITY,Not graded yet,Not graded yet,Demo. Moved down a notch. The target now sits closer to the base case.,true,Price target moved more than 25%.,,computed,horizon-open;controversial;no-source-url,,1128
call_1130,demo,graded,omar-farouk,Omar Farouk,barclays,Barclays,XOM,Exxon Mobil,2026-07-09,upgrade,hold,buy,143,156,136.58,,,155.88,152.06,159.47,,,STRONG,STRONG,STRONG,Not graded yet,Not graded yet,Demo. Moved up a notch after the quarter cleared a low bar.,false,,,computed,horizon-open;no-source-url,,1129
call_1131,demo,graded,omar-farouk,Omar Farouk,barclays,Barclays,COP,ConocoPhillips,2026-07-16,downgrade,buy,hold,131,79,112.09,,,118.24,125.94,136.67,,,EXIT LIQUIDITY,EXIT LIQUIDITY,EXIT LIQUIDITY,Not graded yet,Not graded yet,Demo. Moved down a notch. The target now sits closer to the base case.,true,Price target moved more than 25%.,,computed,horizon-open;controversial;no-source-url,,1130
call_1132,demo,graded,omar-farouk,Omar Farouk,barclays,Barclays,CVX,Chevron,2026-07-24,upgrade,underperform,hold,119,200,193.1,,,184.95,205.27,,,,WEAK,WEAK,Not graded yet,Not graded yet,Not graded yet,Demo. Upgrade cites a cleaner setup into the next two prints.,true,Price target moved more than 25%.,,computed,horizon-open;controversial;no-source-url,,1131
call_1133,demo,graded,omar-farouk,Omar Farouk,barclays,Barclays,XOM,Exxon Mobil,2026-08-03,upgrade,buy,strong_buy,156,167,154.06,,,161.46,164.15,,,,STRONG,STRONG,Not graded yet,Not graded yet,Not graded yet,Demo. Upgrade cites a cleaner setup into the next two prints.,false,,,computed,horizon-open;no-source-url,,1132
call_1134,demo,graded,omar-farouk,Omar Farouk,barclays,Barclays,COP,ConocoPhillips,2026-08-12,downgrade,hold,sell,79,100,126.46,,,130.61,137.35,,,,EXIT LIQUIDITY,EXIT LIQUIDITY,Not graded yet,Not graded yet,Not graded yet,Demo. Cut the rating as the multiple stopped paying for the growth rate.,true,Two-notch rating change. Price target moved more than 25%.,,computed,horizon-open;controversial;no-source-url,,1133
call_1135,demo,graded,omar-farouk,Omar Farouk,barclays,Barclays,CVX,Chevron,2026-08-19,target_raise,hold,hold,200,236,205.76,,,211.78,209.51,,,,EXIT LIQUIDITY,STRONG,Not graded yet,Not graded yet,Not graded yet,Demo. Target moved up with the rating unchanged.,false,,,computed,horizon-open;no-source-url,,1134
call_1136,demo,graded,omar-farouk,Omar Farouk,barclays,Barclays,XOM,Exxon Mobil,2026-08-26,downgrade,strong_buy,hold,167,112,158.19,,,164.23,,,,,EXIT LIQUIDITY,Not graded yet,Not graded yet,Not graded yet,Not graded yet,Demo. Moved down a notch. The target now sits closer to the base case.,true,Two-notch rating change. Price target moved more than 25%.,,computed,horizon-open;controversial;no-source-url,,1135
call_1137,demo,graded,omar-farouk,Omar Farouk,barclays,Barclays,COP,ConocoPhillips,2026-09-02,target_cut,sell,sell,100,82,137.2,,,132.54,,,,,STRONG,Not graded yet,Not graded yet,Not graded yet,Not graded yet,Demo. Cut the target to reflect a lower multiple versus the group.,false,,,computed,horizon-open;no-source-url,,1136
call_1138,demo,open,omar-farouk,Omar Farouk,barclays,Barclays,CVX,Chevron,2026-09-10,upgrade,hold,buy,236,262,212.76,,,,,,,,Not graded yet,Not graded yet,Not graded yet,Not graded yet,Not graded yet,Demo. Rating change follows a round of channel checks that ran ahead of the model.,false,,,computed,horizon-open;no-source-url,,1137
call_1139,demo,open,omar-farouk,Omar Farouk,barclays,Barclays,XOM,Exxon Mobil,2026-09-21,upgrade,hold,buy,112,201,158.4,,,,,,,,Not graded yet,Not graded yet,Not graded yet,Not graded yet,Not graded yet,Demo. Upgrade cites a cleaner setup into the next two prints.,true,Price target moved more than 25%.,,computed,horizon-open;controversial;no-source-url,,1138
call_1140,demo,graded,laura-kim,Laura Kim,bofa,Bank of America,MCD,McDonald's,2026-07-02,target_raise,hold,hold,331,424,278.65,,,271.53,268.73,261.68,,,EXIT LIQUIDITY,EXIT LIQUIDITY,EXIT LIQUIDITY,Not graded yet,Not graded yet,Demo. Raised the target on a higher out-year margin assumption.,true,Price target moved more than 25%.,,computed,horizon-open;controversial;no-source-url,,1139
call_1141,demo,graded,laura-kim,Laura Kim,bofa,Bank of America,HD,Home Depot,2026-07-10,downgrade,hold,underperform,323,320,340.79,,,330.54,353.02,313.7,,,STRONG,WEAK,STRONG,Not graded yet,Not graded yet,Demo. Downgrade reflects slower orders than the prior note assumed.,false,,,computed,horizon-open;no-source-url,,1140
call_1142,demo,graded,laura-kim,Laura Kim,bofa,Bank of America,WMT,Walmart,2026-07-20,target_raise,sell,sell,106,125,111.93,,,110.45,114.03,106.73,,,STRONG,WEAK,STRONG,Not graded yet,Not graded yet,Demo. Target moved up with the rating unchanged.,false,,,computed,horizon-open;no-source-url,,1141
call_1143,demo,graded,laura-kim,Laura Kim,bofa,Bank of America,SBUX,Starbucks,2026-07-29,target_cut,sell,sell,77,72,103.55,,,107.87,107.85,,,,EXIT LIQUIDITY,EXIT LIQUIDITY,Not graded yet,Not graded yet,Not graded yet,Demo. Target came down. The rating stayed put.,false,,,computed,horizon-open;no-source-url,,1142
call_1144,demo,graded,laura-kim,Laura Kim,bofa,Bank of America,COST,Costco,2026-08-06,downgrade,hold,sell,911,918,949.15,,,933.51,915.74,,,,STRONG,STRONG,Not graded yet,Not graded yet,Not graded yet,Demo. Downgrade reflects slower orders than the prior note assumed.,true,Two-notch rating change.,,computed,horizon-open;controversial;no-source-url,,1143
call_1145,demo,graded,laura-kim,Laura Kim,bofa,Bank of America,MCD,McDonald's,2026-08-13,reiterate,hold,hold,424,419,270.33,,,258.22,252.53,,,,EXIT LIQUIDITY,EXIT LIQUIDITY,Not graded yet,Not graded yet,Not graded yet,Demo. Kept the rating and walked through what would force a change.,false,,,computed,horizon-open;no-source-url,,1144
call_1146,demo,graded,laura-kim,Laura Kim,bofa,Bank of America,HD,Home Depot,2026-08-24,target_raise,underperform,underperform,320,360,334.96,,,321.05,,,,,STRONG,Not graded yet,Not graded yet,Not graded yet,Not graded yet,Demo. Raised the target on a higher out-year margin assumption.,false,,,computed,horizon-open;no-source-url,,1145
call_1147,demo,graded,laura-kim,Laura Kim,bofa,Bank of America,WMT,Walmart,2026-08-31,upgrade,sell,underperform,125,111,104.87,,,109.08,,,,,WEAK,Not graded yet,Not graded yet,Not graded yet,Not graded yet,Demo. Upgrade cites a cleaner setup into the next two prints.,false,,,computed,horizon-open;no-source-url,,1146
call_1148,demo,open,laura-kim,Laura Kim,bofa,Bank of America,SBUX,Starbucks,2026-09-09,upgrade,sell,underperform,72,112,100.04,,,,,,,,Not graded yet,Not graded yet,Not graded yet,Not graded yet,Not graded yet,Demo. Rating change follows a round of channel checks that ran ahead of the model.,true,Price target moved more than 25%.,,computed,horizon-open;controversial;no-source-url,,1147
call_1149,demo,open,laura-kim,Laura Kim,bofa,Bank of America,COST,Costco,2026-09-18,upgrade,sell,underperform,918,1086,895.31,,,,,,,,Not graded yet,Not graded yet,Not graded yet,Not graded yet,Not graded yet,Demo. Moved up a notch after the quarter cleared a low bar.,false,,,computed,horizon-open;no-source-url,,1148
call_1150,demo,graded,james-whitfield,James Whitfield,bofa,Bank of America,AMZN,Amazon,2026-07-03,upgrade,hold,strong_buy,202,255,242.67,,,247.23,271.58,254.92,,,STRONG,STRONG,STRONG,Not graded yet,Not graded yet,Demo. Rating change follows a round of channel checks that ran ahead of the model.,true,Two-notch rating change. Price target moved more than 25%.,,computed,horizon-open;controversial;no-source-url,,1149
call_1151,demo,graded,james-whitfield,James Whitfield,bofa,Bank of America,AMD,AMD,2026-07-10,target_raise,sell,sell,288,307,557.89,,,521.95,483.36,505.74,,,STRONG,STRONG,STRONG,Not graded yet,Not graded yet,Demo. Raised the target on a higher out-year margin assumption.,false,,,computed,horizon-open;no-source-url,,1150
call_1152,demo,graded,james-whitfield,James Whitfield,bofa,Bank of America,NVDA,NVIDIA,2026-07-17,target_raise,sell,sell,165,183,202.58,,,200.53,224.91,212.17,,,STRONG,EXIT LIQUIDITY,WEAK,Not graded yet,Not graded yet,Demo. Raised the target on a higher out-year margin assumption.,false,,,computed,horizon-open;no-source-url,,1151
call_1153,demo,graded,james-whitfield,James Whitfield,bofa,Bank of America,ORCL,Oracle,2026-07-27,downgrade,buy,hold,224,101,119.9,,,151.05,148.87,,,,EXIT LIQUIDITY,EXIT LIQUIDITY,Not graded yet,Not graded yet,Not graded yet,Demo. Cut the rating as the multiple stopped paying for the growth rate.,true,Price target moved more than 25%.,,computed,horizon-open;controversial;no-source-url,,1152
call_1154,demo,graded,james-whitfield,James Whitfield,bofa,Bank of America,GOOGL,Alphabet,2026-08-03,downgrade,buy,hold,389,342,373.27,,,343.78,336.9,,,,WEAK,WEAK,Not graded yet,Not graded yet,Not graded yet,Demo. Moved down a notch. The target now sits closer to the base case.,false,,,computed,horizon-open;no-source-url,,1153
call_1155,demo,graded,james-whitfield,James Whitfield,bofa,Bank of America,AMZN,Amazon,2026-08-11,target_raise,strong_buy,strong_buy,255,282,272.27,,,261.06,251.89,,,,WEAK,WEAK,Not graded yet,Not graded yet,Not graded yet,Demo. Target moved up with the rating unchanged.,false,,,computed,horizon-open;no-source-url,,1154
call_1156,demo,graded,james-whitfield,James Whitfield,bofa,Bank of America,AMD,AMD,2026-08-20,target_cut,sell,sell,307,258,469.46,,,456.16,559.82,,,,STRONG,EXIT LIQUIDITY,Not graded yet,Not graded yet,Not graded yet,Demo. Cut the target to reflect a lower multiple versus the group.,false,,,computed,horizon-open;no-source-url,,1155
call_1157,demo,graded,james-whitfield,James Whitfield,bofa,Bank of America,NVDA,NVIDIA,2026-08-27,target_cut,sell,sell,183,132,227.73,,,218.36,,,,,STRONG,Not graded yet,Not graded yet,Not graded yet,Not graded yet,Demo. Target came down. The rating stayed put.,true,Price target moved more than 25%.,,computed,horizon-open;controversial;no-source-url,,1156
call_1158,demo,graded,james-whitfield,James Whitfield,bofa,Bank of America,ORCL,Oracle,2026-09-04,upgrade,hold,strong_buy,101,179,158.78,,,147.61,,,,,EXIT LIQUIDITY,Not graded yet,Not graded yet,Not graded yet,Not graded yet,Demo. Upgrade cites a cleaner setup into the next two prints.,true,Two-notch rating change. Price target moved more than 25%.,,computed,horizon-open;controversial;no-source-url,,1157
call_1159,demo,open,james-whitfield,James Whitfield,bofa,Bank of America,GOOGL,Alphabet,2026-09-15,downgrade,hold,sell,342,253,344.98,,,,,,,,Not graded yet,Not graded yet,Not graded yet,Not graded yet,Not graded yet,Demo. Cut the rating as the multiple stopped paying for the growth rate.,true,Two-notch rating change. Price target moved more than 25%.,,computed,horizon-open;controversial;no-source-url,,1158
call_1160,demo,graded,anika-desai,Anika Desai,bofa,Bank of America,LLY,Eli Lilly,2026-07-06,upgrade,hold,buy,843,1434,1198.34,,,1145.26,1168.19,1149.36,,,EXIT LIQUIDITY,EXIT LIQUIDITY,EXIT LIQUIDITY,Not graded yet,Not graded yet,Demo. Upgrade cites a cleaner setup into the next two prints.,true,Price target moved more than 25%.,,computed,horizon-open;controversial;no-source-url,,1159
call_1161,demo,graded,anika-desai,Anika Desai,bofa,Bank of America,JNJ,Johnson & Johnson,2026-07-14,target_cut,sell,sell,178,165,252.6,,,265.42,260.79,265.58,,,EXIT LIQUIDITY,EXIT LIQUIDITY,EXIT LIQUIDITY,Not graded yet,Not graded yet,Demo. Target came down. The rating stayed put.,false,,,computed,horizon-open;no-source-url,,1160
call_1162,demo,graded,anika-desai,Anika Desai,bofa,Bank of America,PFE,Pfizer,2026-07-23,downgrade,hold,underperform,24.5,19,24.58,,,26.2,28.07,27.74,,,EXIT LIQUIDITY,EXIT LIQUIDITY,EXIT LIQUIDITY,Not graded yet,Not graded yet,Demo. Downgrade reflects slower orders than the prior note assumed.,false,,,computed,horizon-open;no-source-url,,1161
call_1163,demo,graded,anika-desai,Anika Desai,bofa,Bank of America,UNH,UnitedHealth,2026-07-30,downgrade,buy,underperform,380,405,418.89,,,396.62,390.55,,,,STRONG,STRONG,Not graded yet,Not graded yet,Not graded yet,Demo. Cut the rating as the multiple stopped paying for the growth rate.,true,Two-notch rating change.,,computed,horizon-open;controversial;no-source-url,,1162
call_1164,demo,graded,anika-desai,Anika Desai,bofa,Bank of America,ABBV,AbbVie,2026-08-06,upgrade,sell,underperform,150,255,243.87,,,261.83,256.46,,,,WEAK,WEAK,Not graded yet,Not graded yet,Not graded yet,Demo. Upgrade cites a cleaner setup into the next two prints.,true,Price target moved more than 25%.,,computed,horizon-open;controversial;no-source-url,,1163
call_1165,demo,graded,anika-desai,Anika Desai,bofa,Bank of America,LLY,Eli Lilly,2026-08-13,upgrade,buy,strong_buy,1434,1477,1207.27,,,1176.1,1115.7,,,,EXIT LIQUIDITY,EXIT LIQUIDITY,Not graded yet,Not graded yet,Not graded yet,Demo. Upgrade cites a cleaner setup into the next two prints.,false,,,computed,horizon-open;no-source-url,,1164
call_1166,demo,graded,anika-desai,Anika Desai,bofa,Bank of America,JNJ,Johnson & Johnson,2026-08-21,upgrade,sell,hold,165,317,268.91,,,275.23,269.99,,,,EXIT LIQUIDITY,STRONG,Not graded yet,Not graded yet,Not graded yet,Demo. Upgrade cites a cleaner setup into the next two prints.,true,Two-notch rating change. Price target moved more than 25%.,,computed,horizon-open;controversial;no-source-url,,1165
call_1167,demo,graded,anika-desai,Anika Desai,bofa,Bank of America,PFE,Pfizer,2026-08-31,upgrade,underperform,buy,19,36.5,28.46,,,27.72,,,,,EXIT LIQUIDITY,Not graded yet,Not graded yet,Not graded yet,Not graded yet,Demo. Moved up a notch after the quarter cleared a low bar.,true,Two-notch rating change. Price target moved more than 25%.,,computed,horizon-open;controversial;no-source-url,,1166
call_1168,demo,graded,anika-desai,Anika Desai,bofa,Bank of America,UNH,UnitedHealth,2026-09-04,upgrade,underperform,buy,405,497,397.14,,,376.9,,,,,EXIT LIQUIDITY,Not graded yet,Not graded yet,Not graded yet,Not graded yet,Demo. Rating change follows a round of channel checks that ran ahead of the model.,true,Two-notch rating change.,,computed,raw-close;horizon-open;controversial;no-source-url,,1167
call_1169,demo,open,anika-desai,Anika Desai,bofa,Bank of America,ABBV,AbbVie,2026-09-14,upgrade,underperform,hold,255,297,261.77,,,,,,,,Not graded yet,Not graded yet,Not graded yet,Not graded yet,Not graded yet,Demo. Upgrade cites a cleaner setup into the next two prints.,false,,,computed,horizon-open;no-source-url,,1168
call_1170,demo,graded,thomas-berger,Thomas Berger,citi,Citigroup,GS,Goldman Sachs Group,2026-07-06,upgrade,hold,strong_buy,981,1158,1050.15,,,1049.89,1055.21,1038.61,,,EXIT LIQUIDITY,WEAK,WEAK,Not graded yet,Not graded yet,Demo. Rating change follows a round of channel checks that ran ahead of the model.,true,Two-notch rating change.,,computed,horizon-open;controversial;no-source-url,,1169
call_1171,demo,graded,thomas-berger,Thomas Berger,citi,Citigroup,V,Visa,2026-07-15,downgrade,hold,underperform,328,281,354.48,,,368.05,364.15,370.45,,,EXIT LIQUIDITY,EXIT LIQUIDITY,EXIT LIQUIDITY,Not graded yet,Not graded yet,Demo. Cut the rating as the multiple stopped paying for the growth rate.,false,,,computed,horizon-open;no-source-url,,1170
call_1172,demo,graded,thomas-berger,Thomas Berger,citi,Citigroup,MA,Mastercard,2026-07-22,target_raise,buy,buy,641,820,531.98,,,570.48,580.63,565.24,,,STRONG,STRONG,STRONG,Not graded yet,Not graded yet,Demo. Raised the target on a higher out-year margin assumption.,true,Price target moved more than 25%.,,computed,horizon-open;controversial;no-source-url,,1171
call_1173,demo,graded,thomas-berger,Thomas Berger,citi,Citigroup,JPM,JPMorgan Chase,2026-07-31,target_raise,underperform,underperform,232,297,351.79,,,362.84,357.62,,,,EXIT LIQUIDITY,EXIT LIQUIDITY,Not graded yet,Not graded yet,Not graded yet,Demo. Raised the target on a higher out-year margin assumption.,true,Price target moved more than 25%.,,computed,horizon-open;controversial;no-source-url,,1172
call_1174,demo,graded,thomas-berger,Thomas Berger,citi,Citigroup,BAC,Bank of America,2026-08-10,upgrade,hold,strong_buy,51.5,72.5,63.54,,,62.01,62.67,,,,EXIT LIQUIDITY,EXIT LIQUIDITY,Not graded yet,Not graded yet,Not graded yet,Demo. Rating change follows a round of channel checks that ran ahead of the model.,true,Two-notch rating change. Price target moved more than 25%.,,computed,horizon-open;controversial;no-source-url,,1173
call_1175,demo,graded,thomas-berger,Thomas Berger,citi,Citigroup,GS,Goldman Sachs Group,2026-08-19,target_raise,strong_buy,strong_buy,1158,1251,1016.67,,,1004.42,942,,,,EXIT LIQUIDITY,EXIT LIQUIDITY,Not graded yet,Not graded yet,Not graded yet,Demo. Target moved up with the rating unchanged.,false,,,computed,horizon-open;no-source-url,,1174
call_1176,demo,graded,thomas-berger,Thomas Berger,citi,Citigroup,V,Visa,2026-08-27,target_raise,underperform,underperform,281,299,379.66,,,367.21,,,,,STRONG,Not graded yet,Not graded yet,Not graded yet,Not graded yet,Demo. Raised the target on a higher out-year margin assumption.,false,,,computed,horizon-open;no-source-url,,1175
call_1177,demo,graded,thomas-berger,Thomas Berger,citi,Citigroup,MA,Mastercard,2026-09-03,upgrade,buy,strong_buy,820,651,585.71,,,565.73,,,,,EXIT LIQUIDITY,Not graded yet,Not graded yet,Not graded yet,Not graded yet,Demo. Moved up a notch after the quarter cleared a low bar.,false,,,computed,horizon-open;no-source-url,,1176
call_1178,demo,open,thomas-berger,Thomas Berger,citi,Citigroup,JPM,JPMorgan Chase,2026-09-10,downgrade,underperform,sell,297,270,353.56,,,,,,,,Not graded yet,Not graded yet,Not graded yet,Not graded yet,Not graded yet,Demo. Moved down a notch. The target now sits closer to the base case.,false,,,computed,horizon-open;no-source-url,,1177
call_1179,demo,open,thomas-berger,Thomas Berger,citi,Citigroup,BAC,Bank of America,2026-09-18,downgrade,strong_buy,buy,72.5,42,57.73,,,,,,,,Not graded yet,Not graded yet,Not graded yet,Not graded yet,Not graded yet,Demo. Cut the rating as the multiple stopped paying for the growth rate.,true,Price target moved more than 25%.,,computed,horizon-open;controversial;no-source-url,,1178
call_1180,demo,graded,yuki-tanaka,Yuki Tanaka,citi,Citigroup,CRM,Salesforce,2026-07-01,target_cut,buy,buy,287,253,162.94,,,166.71,183.7,255.55,,,STRONG,STRONG,STRONG,Not graded yet,Not graded yet,Demo. Cut the target to reflect a lower multiple versus the group.,false,,,computed,horizon-open;no-source-url,,1179
call_1181,demo,graded,yuki-tanaka,Yuki Tanaka,citi,Citigroup,META,Meta Platforms,2026-07-10,upgrade,hold,strong_buy,656,756,669.21,,,595.19,592.1,613.48,,,EXIT LIQUIDITY,EXIT LIQUIDITY,EXIT LIQUIDITY,Not graded yet,Not graded yet,Demo. Moved up a notch after the quarter cleared a low bar.,true,Two-notch rating change.,,computed,horizon-open;controversial;no-source-url,,1180
call_1182,demo,graded,yuki-tanaka,Yuki Tanaka,citi,Citigroup,AMD,AMD,2026-07-20,target_raise,hold,hold,214,277,503.57,,,484.64,466.42,559.82,,,EXIT LIQUIDITY,EXIT LIQUIDITY,EXIT LIQUIDITY,Not graded yet,Not graded yet,Demo. Target moved up with the rating unchanged.,true,Price target moved more than 25%.,,computed,horizon-open;controversial;no-source-url,,1181
call_1183,demo,graded,yuki-tanaka,Yuki Tanaka,citi,Citigroup,AAPL,Apple,2026-07-28,downgrade,hold,underperform,276,312,339.79,,,304.91,314.58,,,,STRONG,STRONG,Not graded yet,Not graded yet,Not graded yet,Demo. Cut the rating as the multiple stopped paying for the growth rate.,false,,,computed,horizon-open;no-source-url,,1182
call_1184,demo,graded,yuki-tanaka,Yuki Tanaka,citi,Citigroup,AVGO,Broadcom,2026-08-06,upgrade,hold,buy,469,466,420.57,,,364.03,357.9,,,,EXIT LIQUIDITY,EXIT LIQUIDITY,Not graded yet,Not graded yet,Not graded yet,Demo. Rating change follows a round of channel checks that ran ahead of the model.,false,,,computed,horizon-open;no-source-url,,1183
call_1185,demo,graded,yuki-tanaka,Yuki Tanaka,citi,Citigroup,CRM,Salesforce,2026-08-13,upgrade,buy,strong_buy,253,250,201.02,,,251.61,247.28,,,,STRONG,STRONG,Not graded yet,Not graded yet,Not graded yet,Demo. Upgrade cites a cleaner setup into the next two prints.,false,,,computed,horizon-open;no-source-url,,1184
call_1186,demo,graded,yuki-tanaka,Yuki Tanaka,citi,Citigroup,META,Meta Platforms,2026-08-20,target_raise,strong_buy,strong_buy,756,839,545.83,,,610.68,665.75,,,,STRONG,STRONG,Not graded yet,Not graded yet,Not graded yet,Demo. Target moved up with the rating unchanged.,false,,,computed,horizon-open;no-source-url,,1185
call_1187,demo,graded,yuki-tanaka,Yuki Tanaka,citi,Citigroup,AMD,AMD,2026-08-27,upgrade,hold,strong_buy,277,496,476.67,,,503.6,,,,,STRONG,Not graded yet,Not graded yet,Not graded yet,Not graded yet,Demo. Rating change follows a round of channel checks that ran ahead of the model.,true,Two-notch rating change. Price target moved more than 25%.,,computed,horizon-open;controversial;no-source-url,,1186
call_1188,demo,graded,yuki-tanaka,Yuki Tanaka,citi,Citigroup,AAPL,Apple,2026-09-04,upgrade,underperform,hold,312,345,319.97,,,336.13,,,,,WEAK,Not graded yet,Not graded yet,Not graded yet,Not graded yet,Demo. Upgrade cites a cleaner setup into the next two prints.,false,,,computed,horizon-open;no-source-url,,1187
call_1189,demo,open,yuki-tanaka,Yuki Tanaka,citi,Citigroup,AVGO,Broadcom,2026-09-14,downgrade,buy,hold,466,260,344.72,,,,,,,,Not graded yet,Not graded yet,Not graded yet,Not graded yet,Not graded yet,Demo. Moved down a notch. The target now sits closer to the base case.,true,Price target moved more than 25%.,,computed,horizon-open;controversial;no-source-url,,1188
call_1190,demo,graded,natalie-porter,Natalie Porter,wells-fargo,Wells Fargo,MCD,McDonald's,2026-07-02,downgrade,underperform,sell,286,266,278.65,,,271.53,268.73,261.68,,,STRONG,STRONG,STRONG,Not graded yet,Not graded yet,Demo. Cut the rating as the multiple stopped paying for the growth rate.,false,,,computed,horizon-open;no-source-url,,1189
call_1191,demo,graded,natalie-porter,Natalie Porter,wells-fargo,Wells Fargo,WMT,Walmart,2026-07-10,upgrade,hold,buy,121,141,113.63,,,109.21,111.58,106.05,,,EXIT LIQUIDITY,EXIT LIQUIDITY,EXIT LIQUIDITY,Not graded yet,Not graded yet,Demo. Rating change follows a round of channel checks that ran ahead of the model.,false,,,computed,horizon-open;no-source-url,,1190
call_1192,demo,graded,natalie-porter,Natalie Porter,wells-fargo,Wells Fargo,NKE,Nike,2026-07-17,target_raise,hold,hold,42,45.5,43.3,,,41.27,40.3,36.22,,,EXIT LIQUIDITY,EXIT LIQUIDITY,EXIT LIQUIDITY,Not graded yet,Not graded yet,Demo. Target moved up with the rating unchanged.,false,,,computed,horizon-open;no-source-url,,1191
call_1193,demo,graded,natalie-porter,Natalie Porter,wells-fargo,Wells Fargo,SBUX,Starbucks,2026-07-27,upgrade,underperform,hold,68,104,103.06,,,104.05,108.49,,,,STRONG,WEAK,Not graded yet,Not graded yet,Not graded yet,Demo. Rating change follows a round of channel checks that ran ahead of the model.,true,Price target moved more than 25%.,,computed,horizon-open;controversial;no-source-url,,1192
call_1194,demo,graded,natalie-porter,Natalie Porter,wells-fargo,Wells Fargo,PG,Procter & Gamble,2026-08-03,downgrade,buy,underperform,169,103,144.97,,,143.12,147.64,,,,STRONG,EXIT LIQUIDITY,Not graded yet,Not graded yet,Not graded yet,Demo. Moved down a notch. The target now sits closer to the base case.,true,Two-notch rating change. Price target moved more than 25%.,,computed,horizon-open;controversial;no-source-url,,1193
call_1195,demo,graded,natalie-porter,Natalie Porter,wells-fargo,Wells Fargo,MCD,McDonald's,2026-08-12,target_raise,sell,sell,266,301,273.75,,,265.05,252.53,,,,STRONG,STRONG,Not graded yet,Not graded yet,Not graded yet,Demo. Target moved up with the rating unchanged.,false,,,computed,horizon-open;no-source-url,,1194
call_1196,demo,graded,natalie-porter,Natalie Porter,wells-fargo,Wells Fargo,WMT,Walmart,2026-08-19,upgrade,buy,strong_buy,141,139,114.03,,,106.09,106.73,,,,EXIT LIQUIDITY,EXIT LIQUIDITY,Not graded yet,Not graded yet,Not graded yet,Demo. Rating change follows a round of channel checks that ran ahead of the model.,false,,,computed,horizon-open;no-source-url,,1195
call_1197,demo,graded,natalie-porter,Natalie Porter,wells-fargo,Wells Fargo,NKE,Nike,2026-08-26,target_raise,hold,hold,45.5,53.5,38.18,,,37.35,,,,,EXIT LIQUIDITY,Not graded yet,Not graded yet,Not graded yet,Not graded yet,Demo. Raised the target on a higher out-year margin assumption.,false,,,computed,horizon-open;no-source-url,,1196
call_1198,demo,graded,natalie-porter,Natalie Porter,wells-fargo,Wells Fargo,SBUX,Starbucks,2026-09-02,downgrade,hold,underperform,104,97,106.72,,,97.34,,,,,STRONG,Not graded yet,Not graded yet,Not graded yet,Not graded yet,Demo. Moved down a notch. The target now sits closer to the base case.,false,,,computed,horizon-open;no-source-url,,1197
call_1199,demo,open,natalie-porter,Natalie Porter,wells-fargo,Wells Fargo,PG,Procter & Gamble,2026-09-10,downgrade,underperform,sell,103,101,142.97,,,,,,,,Not graded yet,Not graded yet,Not graded yet,Not graded yet,Not graded yet,Demo. Cut the rating as the multiple stopped paying for the growth rate.,false,,,computed,horizon-open;no-source-url,,1198
call_1200,demo,open,natalie-porter,Natalie Porter,wells-fargo,Wells Fargo,MCD,McDonald's,2026-09-18,target_cut,sell,sell,301,271,248.24,,,,,,,,Not graded yet,Not graded yet,Not graded yet,Not graded yet,Not graded yet,Demo. Target came down. The rating stayed put.,false,,,computed,horizon-open;no-source-url,,1199
call_1201,demo,graded,george-halloran,George Halloran,wells-fargo,Wells Fargo,CVX,Chevron,2026-07-03,downgrade,buy,hold,208,120,167.74,,,185.76,195.13,211.05,,,EXIT LIQUIDITY,EXIT LIQUIDITY,EXIT LIQUIDITY,Not graded yet,Not graded yet,Demo. Downgrade reflects slower orders than the prior note assumed.,true,Price target moved more than 25%.,,computed,horizon-open;controversial;no-source-url,,1200
call_1202,demo,graded,george-halloran,George Halloran,wells-fargo,Wells Fargo,XOM,Exxon Mobil,2026-07-13,upgrade,buy,strong_buy,168,163,143.58,,,153.77,158.72,165.99,,,STRONG,STRONG,STRONG,Not graded yet,Not graded yet,Demo. Moved up a notch after the quarter cleared a low bar.,false,,,computed,horizon-open;no-source-url,,1201
call_1203,demo,graded,george-halloran,George Halloran,wells-fargo,Wells Fargo,COP,ConocoPhillips,2026-07-20,downgrade,underperform,sell,109,81,114.91,,,118.37,130.58,131.83,,,EXIT LIQUIDITY,EXIT LIQUIDITY,EXIT LIQUIDITY,Not graded yet,Not graded yet,Demo. Moved down a notch. The target now sits closer to the base case.,true,Price target moved more than 25%.,,computed,horizon-open;controversial;no-source-url,,1202
call_1204,demo,graded,george-halloran,George Halloran,wells-fargo,Wells Fargo,CVX,Chevron,2026-07-29,target_raise,hold,hold,120,132,190.2,,,194.9,201.86,,,,EXIT LIQUIDITY,EXIT LIQUIDITY,Not graded yet,Not graded yet,Not graded yet,Demo. Target moved up with the rating unchanged.,false,,,computed,horizon-open;no-source-url,,1203
call_1205,demo,graded,george-halloran,George Halloran,wells-fargo,Wells Fargo,XOM,Exxon Mobil,2026-08-05,downgrade,strong_buy,buy,163,122,150.65,,,164.77,159.47,,,,STRONG,STRONG,Not graded yet,Not graded yet,Not graded yet,Demo. Cut the rating as the multiple stopped paying for the growth rate.,true,Price target moved more than 25%.,,computed,horizon-open;controversial;no-source-url,,1204
call_1206,demo,graded,george-halloran,George Halloran,wells-fargo,Wells Fargo,COP,ConocoPhillips,2026-08-12,upgrade,sell,hold,81,136,126.46,,,130.61,137.35,,,,WEAK,WEAK,Not graded yet,Not graded yet,Not graded yet,Demo. Moved up a notch after the quarter cleared a low bar.,true,Two-notch rating change. Price target moved more than 25%.,,computed,horizon-open;controversial;no-source-url,,1205
call_1207,demo,graded,george-halloran,George Halloran,wells-fargo,Wells Fargo,CVX,Chevron,2026-08-19,upgrade,hold,buy,132,261,205.76,,,211.78,209.51,,,,STRONG,WEAK,Not graded yet,Not graded yet,Not graded yet,Demo. Upgrade cites a cleaner setup into the next two prints.,true,Price target moved more than 25%.,,computed,horizon-open;controversial;no-source-url,,1206
call_1208,demo,graded,george-halloran,George Halloran,wells-fargo,Wells Fargo,XOM,Exxon Mobil,2026-08-28,downgrade,buy,underperform,122,115,156.71,,,165.99,,,,,EXIT LIQUIDITY,Not graded yet,Not graded yet,Not graded yet,Not graded yet,Demo. Downgrade reflects slower orders than the prior note assumed.,true,Two-notch rating change.,,computed,horizon-open;controversial;no-source-url,,1207
call_1209,demo,graded,george-halloran,George Halloran,wells-fargo,Wells Fargo,COP,ConocoPhillips,2026-09-04,target_raise,hold,hold,136,174,134.26,,,131.83,,,,,EXIT LIQUIDITY,Not graded yet,Not graded yet,Not graded yet,Not graded yet,Demo. Raised the target on a higher out-year margin assumption.,true,Price target moved more than 25%.,,computed,horizon-open;controversial;no-source-url,,1208
call_1210,demo,open,george-halloran,George Halloran,wells-fargo,Wells Fargo,CVX,Chevron,2026-09-16,downgrade,buy,hold,261,158,211.54,,,,,,,,Not graded yet,Not graded yet,Not graded yet,Not graded yet,Not graded yet,Demo. Cut the rating as the multiple stopped paying for the growth rate.,true,Price target moved more than 25%.,,computed,horizon-open;controversial;no-source-url,,1209
call_1211,demo,graded,lukas-weber,Lukas Weber,deutsche,Deutsche Bank,HON,Honeywell,2026-07-06,downgrade,buy,hold,294,214,230.49,,,225.5,247.38,209.61,,,WEAK,EXIT LIQUIDITY,WEAK,Not graded yet,Not graded yet,Demo. Cut the rating as the multiple stopped paying for the growth rate.,true,Price target moved more than 25%.,,computed,horizon-open;controversial;no-source-url,,1210
call_1212,demo,graded,lukas-weber,Lukas Weber,deutsche,Deutsche Bank,BA,Boeing,2026-07-15,target_cut,sell,sell,163,135,218.12,,,214.01,231.67,210.45,,,STRONG,EXIT LIQUIDITY,WEAK,Not graded yet,Not graded yet,Demo. Cut the target to reflect a lower multiple versus the group.,false,,,computed,horizon-open;no-source-url,,1211
call_1213,demo,graded,lukas-weber,Lukas Weber,deutsche,Deutsche Bank,CAT,Caterpillar,2026-07-24,upgrade,hold,strong_buy,800,1025,888.73,,,842.19,827.9,,,,EXIT LIQUIDITY,EXIT LIQUIDITY,Not graded yet,Not graded yet,Not graded yet,Demo. Moved up a notch after the quarter cleared a low bar.,true,Two-notch rating change. Price target moved more than 25%.,,computed,horizon-open;controversial;no-source-url,,1212
call_1214,demo,graded,lukas-weber,Lukas Weber,deutsche,Deutsche Bank,GE,GE Aerospace,2026-08-03,downgrade,buy,underperform,330,340,368.93,,,369.43,329.5,,,,WEAK,STRONG,Not graded yet,Not graded yet,Not graded yet,Demo. Cut the rating as the multiple stopped paying for the growth rate.,true,Two-notch rating change.,,computed,horizon-open;controversial;no-source-url,,1213
call_1215,demo,graded,lukas-weber,Lukas Weber,deutsche,Deutsche Bank,HON,Honeywell,2026-08-12,downgrade,hold,underperform,214,205,234.64,,,220.67,202.36,,,,STRONG,STRONG,Not graded yet,Not graded yet,Not graded yet,Demo. Moved down a notch. The target now sits closer to the base case.,false,,,computed,horizon-open;no-source-url,,1214
call_1216,demo,graded,lukas-weber,Lukas Weber,deutsche,Deutsche Bank,BA,Boeing,2026-08-21,upgrade,sell,underperform,135,254,214.2,,,212.25,198.2,,,,WEAK,STRONG,Not graded yet,Not graded yet,Not graded yet,Demo. Rating change follows a round of channel checks that ran ahead of the model.,true,Price target moved more than 25%.,,computed,horizon-open;controversial;no-source-url,,1215
call_1217,demo,graded,lukas-weber,Lukas Weber,deutsche,Deutsche Bank,CAT,Caterpillar,2026-08-31,target_raise,strong_buy,strong_buy,1025,1130,797.47,,,784,,,,,EXIT LIQUIDITY,Not graded yet,Not graded yet,Not graded yet,Not graded yet,Demo. Raised the target on a higher out-year margin assumption.,false,,,computed,horizon-open;no-source-url,,1216
call_1218,demo,open,lukas-weber,Lukas Weber,deutsche,Deutsche Bank,GE,GE Aerospace,2026-09-09,upgrade,underperform,hold,340,376,325.42,,,,,,,,Not graded yet,Not graded yet,Not graded yet,Not graded yet,Not graded yet,Demo. Moved up a notch after the quarter cleared a low bar.,false,,,computed,horizon-open;no-source-url,,1217
call_1219,demo,open,lukas-weber,Lukas Weber,deutsche,Deutsche Bank,HON,Honeywell,2026-09-18,downgrade,underperform,sell,205,163,206.46,,,,,,,,Not graded yet,Not graded yet,Not graded yet,Not graded yet,Not graded yet,Demo. Moved down a notch. The target now sits closer to the base case.,false,,,computed,horizon-open;no-source-url,,1218
call_1220,demo,graded,amira-hassan,Amira Hassan,deutsche,Deutsche Bank,GS,Goldman Sachs Group,2026-07-06,upgrade,buy,strong_buy,1054,1261,1050.15,,,1049.89,1055.21,1038.61,,,EXIT LIQUIDITY,EXIT LIQUIDITY,EXIT LIQUIDITY,Not graded yet,Not graded yet,Demo. Moved up a notch after the quarter cleared a low bar.,false,,,computed,horizon-open;no-source-url,,1219
call_1221,demo,graded,amira-hassan,Amira Hassan,deutsche,Deutsche Bank,JPM,JPMorgan Chase,2026-07-15,upgrade,buy,strong_buy,367,432,346.91,,,344.71,362.84,356.23,,,EXIT LIQUIDITY,STRONG,WEAK,Not graded yet,Not graded yet,Demo. Moved up a notch after the quarter cleared a low bar.,false,,,computed,horizon-open;no-source-url,,1220
call_1222,demo,graded,amira-hassan,Amira Hassan,deutsche,Deutsche Bank,BAC,Bank of America,2026-07-24,target_raise,buy,buy,64.5,74,61.74,,,62.85,61.38,,,,STRONG,EXIT LIQUIDITY,Not graded yet,Not graded yet,Not graded yet,Demo. Raised the target on a higher out-year margin assumption.,false,,,computed,horizon-open;no-source-url,,1221
call_1223,demo,graded,amira-hassan,Amira Hassan,deutsche,Deutsche Bank,V,Visa,2026-07-31,target_raise,buy,buy,339,434,365.45,,,364.15,381.6,,,,EXIT LIQUIDITY,STRONG,Not graded yet,Not graded yet,Not graded yet,Demo. Raised the target on a higher out-year margin assumption.,true,Price target moved more than 25%.,,computed,horizon-open;controversial;no-source-url,,1222
call_1224,demo,graded,amira-hassan,Amira Hassan,deutsche,Deutsche Bank,MA,Mastercard,2026-08-10,target_cut,sell,sell,427,310,563.17,,,599.86,567.5,,,,EXIT LIQUIDITY,EXIT LIQUIDITY,Not graded yet,Not graded yet,Not graded yet,Demo. Target came down. The rating stayed put.,true,Price target moved more than 25%.,,computed,horizon-open;controversial;no-source-url,,1223
call_1225,demo,graded,amira-hassan,Amira Hassan,deutsche,Deutsche Bank,GS,Goldman Sachs Group,2026-08-18,target_raise,strong_buy,strong_buy,1261,1605,1035.4,,,1002.56,951.47,,,,EXIT LIQUIDITY,EXIT LIQUIDITY,Not graded yet,Not graded yet,Not graded yet,Demo. Target moved up with the rating unchanged.,true,Price target moved more than 25%.,,computed,horizon-open;controversial;no-source-url,,1224
call_1226,demo,graded,amira-hassan,Amira Hassan,deutsche,Deutsche Bank,JPM,JPMorgan Chase,2026-08-25,target_raise,strong_buy,strong_buy,432,553,356.69,,,353.51,,,,,EXIT LIQUIDITY,Not graded yet,Not graded yet,Not graded yet,Not graded yet,Demo. Target moved up with the rating unchanged.,true,Price target moved more than 25%.,,computed,horizon-open;controversial;no-source-url,,1225
call_1227,demo,graded,amira-hassan,Amira Hassan,deutsche,Deutsche Bank,BAC,Bank of America,2026-09-01,target_raise,buy,buy,74,81.5,61.68,,,59.52,,,,,EXIT LIQUIDITY,Not graded yet,Not graded yet,Not graded yet,Not graded yet,Demo. Target moved up with the rating unchanged.,false,,,computed,horizon-open;no-source-url,,1226
call_1228,demo,open,amira-hassan,Amira Hassan,deutsche,Deutsche Bank,V,Visa,2026-09-08,upgrade,buy,strong_buy,434,456,368.64,,,,,,,,Not graded yet,Not graded yet,Not graded yet,Not graded yet,Not graded yet,Demo. Moved up a notch after the quarter cleared a low bar.,false,,,computed,horizon-open;no-source-url,,1227
call_1229,demo,open,amira-hassan,Amira Hassan,deutsche,Deutsche Bank,MA,Mastercard,2026-09-16,upgrade,sell,underperform,310,704,567.75,,,,,,,,Not graded yet,Not graded yet,Not graded yet,Not graded yet,Not graded yet,Demo. Upgrade cites a cleaner setup into the next two prints.,true,Price target moved more than 25%.,,computed,horizon-open;controversial;no-source-url,,1228
call_1230,demo,open,yuki-tanaka,Yuki Tanaka,citi,Citigroup,META,Meta Platforms,2026-09-16,target_raise,strong_buy,strong_buy,839,951,673.31,,,,,,,,Not graded yet,Not graded yet,Not graded yet,Not graded yet,Not graded yet,Demo. Target moved up with the rating unchanged.,false,,,computed,horizon-open;no-source-url,,1229
call_1231,demo,open,helen-voss,Helen Voss,evercore,Evercore ISI,NFLX,Netflix,2026-09-16,target_raise,buy,buy,83.5,90.5,76.41,,,,,,,,Not graded yet,Not graded yet,Not graded yet,Not graded yet,Not graded yet,Demo. Raised the target on a higher out-year margin assumption.,false,,,computed,horizon-open;no-source-url,,1230
